mission	snapshot	source_commit	source_path	source_blob	destination	content_status
11	master	09356a2	MISSION_DATA/A11_merged_commentary.csv	36108b46b5e3ca3d5320bac9b63ea6e1e0b5eebb	mission-data/11/MISSION_DATA/A11_merged_commentary.csv	exact
11	master	09356a2	MISSION_DATA/A11_merged_utterances.csv	a83a7eb4bfc3fdbc58f15bbe5d83b7f77c907697	mission-data/11/MISSION_DATA/A11_merged_utterances.csv	exact
11	master	09356a2	MISSION_DATA/A11_photos.csv	b56f12c79782e6c4eae9db9e15e5b7f3c98b5504	mission-data/11/MISSION_DATA/A11_photos.csv	exact
11	master	09356a2	MISSION_DATA/A11_photos.xlsx	a2de26eb0f48c19cf43aeffcc43eb9f6f0c1f7ee	mission-data/11/MISSION_DATA/A11_photos.xlsx	exact
11	master	09356a2	MISSION_DATA/A11_photos_wheeler.xlsx	9bde16d9919fa4bdb70b9c41297c404954f69728	mission-data/11/MISSION_DATA/A11_photos_wheeler.xlsx	exact
11	master	09356a2	MISSION_DATA/A11_TOC.csv	950ec3af123b835ee74ca3e530ded964e5ca4d93	mission-data/11/MISSION_DATA/A11_TOC.csv	exact
11	master	09356a2	MISSION_DATA/Apollo 11 photo index GET.xlsx	95c94f97eac37eb9f68d2a0f3ec7668d9db63b42	mission-data/11/MISSION_DATA/Apollo 11 photo index GET.xlsx	exact
11	master	09356a2	MISSION_DATA/notes.txt	75fa6dd0c74eb374d7f906d1b9f34be398f29295	mission-data/11/MISSION_DATA/notes.txt	exact
11	master	09356a2	MISSION_DATA/previous steps/A11_onboard_cleaned.csv	83d121cee86cea53c5794fc6f9b11dcdda9af80e	mission-data/11/MISSION_DATA/previous steps/A11_onboard_cleaned.csv	exact
11	master	09356a2	MISSION_DATA/previous steps/A11_PAO_cleaned.csv	a31e2ce08f8f591582a0be8ce4be6aa31b9154e8	mission-data/11/MISSION_DATA/previous steps/A11_PAO_cleaned.csv	exact
11	master	09356a2	MISSION_DATA/previous steps/A11_TEC_cleaned.csv	767dd0bc318738af59ff37b644a988d115ef3eb6	mission-data/11/MISSION_DATA/previous steps/A11_TEC_cleaned.csv	exact
11	master	09356a2	MISSION_DATA/previous steps/A11_TEC_cleaned_phase2.csv	0b94c2a2a17b4198f82040e4c4fe416b85eac07d	mission-data/11/MISSION_DATA/previous steps/A11_TEC_cleaned_phase2.csv	exact
11	master	09356a2	MISSION_DATA/previous steps/onboard.csv	7369a44a99f6a7343213b9955c3dceaaa8104d63	mission-data/11/MISSION_DATA/previous steps/onboard.csv	exact
11	master	09356a2	MISSION_DATA/previous steps/PAO.txt	7e27b3f5a94709120a3cc00d775aa565bfe0e894	mission-data/11/MISSION_DATA/previous steps/PAO.txt	exact
11	master	09356a2	MISSION_DATA/previous steps/tec.csv	68812d2e8d13beb6f19a277a5b08086d04462e10	mission-data/11/MISSION_DATA/previous steps/tec.csv	exact
11	master	09356a2	MISSION_DATA/scraped_data/scraped_commentary_AFJ_fromnewstyle.csv	dacfdbdff4ccd3c853c633ff557866ceeba2fafe	mission-data/11/MISSION_DATA/scraped_data/scraped_commentary_AFJ_fromnewstyle.csv	exact
11	master	09356a2	MISSION_DATA/scraped_data/scraped_commentary_AFJ_fromoldstyle.csv	31d17372350528a1dcfd9206783b6f5a56c91ac2	mission-data/11/MISSION_DATA/scraped_data/scraped_commentary_AFJ_fromoldstyle.csv	exact
11	master	09356a2	MISSION_DATA/scraped_data/scraped_commentary_ALSJ.csv	8fa11642ecb31872091bae15afd39a96b3810355	mission-data/11/MISSION_DATA/scraped_data/scraped_commentary_ALSJ.csv	exact
11	master	09356a2	MISSION_DATA/scraped_data/scraped_photoindex_AFJ.csv	5bda0ad1173eed8e4208af26cff9e6ef40c87326	mission-data/11/MISSION_DATA/scraped_data/scraped_photoindex_AFJ.csv	exact
11	master	09356a2	MISSION_DATA/scraped_data/scraped_photoinfo_AFJ_newstyle.csv	0091a2d2809518fe9420a592e96b3b19603694e1	mission-data/11/MISSION_DATA/scraped_data/scraped_photoinfo_AFJ_newstyle.csv	exact
11	master	09356a2	MISSION_DATA/scraped_data/scraped_photoinfo_ALSJ.csv	f065b026431812a0904e5a714fbc03eedb34b80d	mission-data/11/MISSION_DATA/scraped_data/scraped_photoinfo_ALSJ.csv	exact
11	master	09356a2	MISSION_DATA/unused.txt	5c37eb7c4c2b8a10cd8cc0b817aa93892d5b7df0	mission-data/11/MISSION_DATA/unused.txt	exact
11	master	09356a2	Premiere Pro/_128 - 136_2.gif	198d62c767f8c16c122491b5751124b9d704b469	mission-data/11/Premiere Pro/_128 - 136_2.gif	exact
11	master	09356a2	Premiere Pro/A11 Timeline Reconstruction.prproj	f6ae11ba9606c2ace95f50e92e60d5134855cd34	mission-data/11/Premiere Pro/A11 Timeline Reconstruction.prproj	exact
11	master	09356a2	Premiere Pro/A11 Timeline Reconstruction_retimed.prproj	046d0f02fcb263b4814333670ba6544577f44746	mission-data/11/Premiere Pro/A11 Timeline Reconstruction_retimed.prproj	exact
11	master	09356a2	Premiere Pro/A11 Timeline Reconstruction_retimed_1.prproj	6553c65beed439ef93c0e1d7455208de5a0ec519	mission-data/11/Premiere Pro/A11 Timeline Reconstruction_retimed_1.prproj	exact
11	master	09356a2	Premiere Pro/A11 Timeline Reconstruction_retimed_2.prproj	73bcadd174101fe61aaba20b7096caaad539371d	mission-data/11/Premiere Pro/A11 Timeline Reconstruction_retimed_2.prproj	exact
11	master	09356a2	Premiere Pro/A11 Timeline Reconstruction_retimed_3.prproj	687b972dfb539512f96d18aaca813fa292a653f7	mission-data/11/Premiere Pro/A11 Timeline Reconstruction_retimed_3.prproj	exact
11	master	09356a2	Premiere Pro/A11 Timeline Reconstruction_retimed_3_1.prproj	d20c77990bd431ec8a058baabb6f53868dd20c61	mission-data/11/Premiere Pro/A11 Timeline Reconstruction_retimed_3_1.prproj	exact
11	master	09356a2	Premiere Pro/A11 Timeline Reconstruction_retimed_3_1_1.prproj	c332fde8edc352c3d9e9aa42328bccd50f5bb720	mission-data/11/Premiere Pro/A11 Timeline Reconstruction_retimed_3_1_1.prproj	exact
11	master	09356a2	Premiere Pro/A11 Timeline Reconstruction_retimed_3_1_1_1.prin	1223deee5dc763ddad5a494ae2673c4982bc67ea	mission-data/11/Premiere Pro/A11 Timeline Reconstruction_retimed_3_1_1_1.prin	exact
11	master	09356a2	Premiere Pro/A11 Timeline Reconstruction_retimed_3_1_1_1.prproj	d87a755671ee2eb22d0c067a61d3c772c9ddec6a	mission-data/11/Premiere Pro/A11 Timeline Reconstruction_retimed_3_1_1_1.prproj	exact
11	master	09356a2	Premiere Pro/A11 Timeline Reconstruction_retimed_frommac.prproj	4104cf0232fe88d932de39760cc644ccd5f39bb7	mission-data/11/Premiere Pro/A11 Timeline Reconstruction_retimed_frommac.prproj	exact
11	master	09356a2	Premiere Pro/A11 Timeline Reconstruction_retimed_frommac~recover.prproj	934da0ef5bf3d43f92bbb5727374c0ca866cea23	mission-data/11/Premiere Pro/A11 Timeline Reconstruction_retimed_frommac~recover.prproj	exact
11	master	09356a2	Premiere Pro/A11 Timeline Reconstruction_retimed~263c5698-7669-426d-a756-8bcb411c9622.prproj	0c2548e6f35c7b90b951d1ece03e70d3448e25a5	mission-data/11/Premiere Pro/A11 Timeline Reconstruction_retimed~263c5698-7669-426d-a756-8bcb411c9622.prproj	exact
11	master	09356a2	Premiere Pro/disposable.prproj	ceae712e1a1c65fa61b0a2f7674935ba6e0c9d98	mission-data/11/Premiere Pro/disposable.prproj	exact
11	master	09356a2	Premiere Pro/MOCR_Recovery.prproj	33a78533513cf8cf9067641e20fa871e70e66b31	mission-data/11/Premiere Pro/MOCR_Recovery.prproj	exact
11	master	09356a2	Premiere Pro/Untitled.prproj	afebe6b1ddaefafd8cdb871c3bd666877a07385e	mission-data/11/Premiere Pro/Untitled.prproj	exact
11	master	09356a2	scripts/data/scrape_alsj_image_page_cleaned_page_data.html	7b2b0c76dbcd27ee12e47af6dc11c32bdbac9dda	mission-data/11/scripts/data/scrape_alsj_image_page_cleaned_page_data.html	exact
11	master	09356a2	scripts/filelist.txt	80a21231e20b807c357a0c397132dd41e243da0f	mission-data/11/scripts/filelist.txt	exact
11	master	09356a2	scripts/flickr_photo_urls.csv	bf8e1ff14bd8bbda5891609065638dc61f9f2ec6	mission-data/11/scripts/flickr_photo_urls.csv	exact
11	master	09356a2	scripts/papers/ads_papers/10001.csv	bf742f6d336e46c70a2758cbac31f492631cbb36	mission-data/11/scripts/papers/ads_papers/10001.csv	exact
11	master	09356a2	scripts/papers/ads_papers/10002.csv	824e41a921b0f5d27447c0f83596439d62a98b46	mission-data/11/scripts/papers/ads_papers/10002.csv	exact
11	master	09356a2	scripts/papers/ads_papers/10003.csv	bbfd51c836f65236996cab66e574283512a64f3c	mission-data/11/scripts/papers/ads_papers/10003.csv	exact
11	master	09356a2	scripts/papers/ads_papers/10004.csv	af976c4356850463d23b07335bf7667c026a5b18	mission-data/11/scripts/papers/ads_papers/10004.csv	exact
11	master	09356a2	scripts/papers/ads_papers/10005.csv	e69de29bb2d1d6434b8b29ae775ad8c2e48c5391	mission-data/11/scripts/papers/ads_papers/10005.csv	exact
11	master	09356a2	scripts/papers/ads_papers/10008.csv	e69de29bb2d1d6434b8b29ae775ad8c2e48c5391	mission-data/11/scripts/papers/ads_papers/10008.csv	exact
11	master	09356a2	scripts/papers/ads_papers/10009.csv	e69de29bb2d1d6434b8b29ae775ad8c2e48c5391	mission-data/11/scripts/papers/ads_papers/10009.csv	exact
11	master	09356a2	scripts/papers/ads_papers/10010.csv	199dcb8fc3d92e1e35fde2907499bffcd9866c52	mission-data/11/scripts/papers/ads_papers/10010.csv	exact
11	master	09356a2	scripts/papers/ads_papers/10011.csv	e69de29bb2d1d6434b8b29ae775ad8c2e48c5391	mission-data/11/scripts/papers/ads_papers/10011.csv	exact
11	master	09356a2	scripts/papers/ads_papers/10014.csv	e69de29bb2d1d6434b8b29ae775ad8c2e48c5391	mission-data/11/scripts/papers/ads_papers/10014.csv	exact
11	master	09356a2	scripts/papers/ads_papers/10015.csv	e69de29bb2d1d6434b8b29ae775ad8c2e48c5391	mission-data/11/scripts/papers/ads_papers/10015.csv	exact
11	master	09356a2	scripts/papers/ads_papers/10017.csv	24e020758e2fc684003056a5e43aca1dcf35577b	mission-data/11/scripts/papers/ads_papers/10017.csv	exact
11	master	09356a2	scripts/papers/ads_papers/10018.csv	6dbdbe269ed6ef6feb360dd04fa5dac8139c0e1f	mission-data/11/scripts/papers/ads_papers/10018.csv	exact
11	master	09356a2	scripts/papers/ads_papers/10019.csv	97fd5288822040f9c3c49e63484555262a7304cc	mission-data/11/scripts/papers/ads_papers/10019.csv	exact
11	master	09356a2	scripts/papers/ads_papers/10020.csv	f011f9665977b2a7c85a4c587fb98dda0ba30c7c	mission-data/11/scripts/papers/ads_papers/10020.csv	exact
11	master	09356a2	scripts/papers/ads_papers/10021.csv	859c133326c94d222fe669a55374638b5021505a	mission-data/11/scripts/papers/ads_papers/10021.csv	exact
11	master	09356a2	scripts/papers/ads_papers/10022.csv	16d06a4b929f83f9c6fdb7e53cbba8b46a10349d	mission-data/11/scripts/papers/ads_papers/10022.csv	exact
11	master	09356a2	scripts/papers/ads_papers/10023.csv	e69de29bb2d1d6434b8b29ae775ad8c2e48c5391	mission-data/11/scripts/papers/ads_papers/10023.csv	exact
11	master	09356a2	scripts/papers/ads_papers/10024.csv	67263fb546df12a60749749884602dfa356af7a0	mission-data/11/scripts/papers/ads_papers/10024.csv	exact
11	master	09356a2	scripts/papers/ads_papers/10025.csv	b83991ba2c4c1aae60159cd4683ace6d1960f4d1	mission-data/11/scripts/papers/ads_papers/10025.csv	exact
11	master	09356a2	scripts/papers/ads_papers/10026.csv	e69de29bb2d1d6434b8b29ae775ad8c2e48c5391	mission-data/11/scripts/papers/ads_papers/10026.csv	exact
11	master	09356a2	scripts/papers/ads_papers/10027.csv	e69de29bb2d1d6434b8b29ae775ad8c2e48c5391	mission-data/11/scripts/papers/ads_papers/10027.csv	exact
11	master	09356a2	scripts/papers/ads_papers/10028.csv	e69de29bb2d1d6434b8b29ae775ad8c2e48c5391	mission-data/11/scripts/papers/ads_papers/10028.csv	exact
11	master	09356a2	scripts/papers/ads_papers/10029.csv	4ed7492ead4efb42839cd562d1077602f691d369	mission-data/11/scripts/papers/ads_papers/10029.csv	exact
11	master	09356a2	scripts/papers/ads_papers/10030.csv	e69de29bb2d1d6434b8b29ae775ad8c2e48c5391	mission-data/11/scripts/papers/ads_papers/10030.csv	exact
11	master	09356a2	scripts/papers/ads_papers/10031.csv	e69de29bb2d1d6434b8b29ae775ad8c2e48c5391	mission-data/11/scripts/papers/ads_papers/10031.csv	exact
11	master	09356a2	scripts/papers/ads_papers/10032.csv	e69de29bb2d1d6434b8b29ae775ad8c2e48c5391	mission-data/11/scripts/papers/ads_papers/10032.csv	exact
11	master	09356a2	scripts/papers/ads_papers/10033.csv	e69de29bb2d1d6434b8b29ae775ad8c2e48c5391	mission-data/11/scripts/papers/ads_papers/10033.csv	exact
11	master	09356a2	scripts/papers/ads_papers/10044.csv	45b81f379135e3c86bbceaadc02bdfb5b93f5812	mission-data/11/scripts/papers/ads_papers/10044.csv	exact
11	master	09356a2	scripts/papers/ads_papers/10045.csv	fd72549bac7780a9e38f18f00f0844bcf9d53618	mission-data/11/scripts/papers/ads_papers/10045.csv	exact
11	master	09356a2	scripts/papers/ads_papers/10046.csv	3095d1335708367ad25f445ccefa615fc75e5e89	mission-data/11/scripts/papers/ads_papers/10046.csv	exact
11	master	09356a2	scripts/papers/ads_papers/10047.csv	2d30501f1dc4f3914ec0a1eb5fccfe678771def0	mission-data/11/scripts/papers/ads_papers/10047.csv	exact
11	master	09356a2	scripts/papers/ads_papers/10048.csv	6e1d420aaa24882e0b3c78156e688891c4ccaaa3	mission-data/11/scripts/papers/ads_papers/10048.csv	exact
11	master	09356a2	scripts/papers/ads_papers/10049.csv	7b179355a5248d6cc039af8e1e76fead4aec0d1a	mission-data/11/scripts/papers/ads_papers/10049.csv	exact
11	master	09356a2	scripts/papers/ads_papers/10050.csv	300e5eca18153d2bbd6debc3019b393e44f7eb0a	mission-data/11/scripts/papers/ads_papers/10050.csv	exact
11	master	09356a2	scripts/papers/ads_papers/10054.csv	1d87b7750c59ebc7ea7b918163216f9661b44e1d	mission-data/11/scripts/papers/ads_papers/10054.csv	exact
11	master	09356a2	scripts/papers/ads_papers/10056.csv	e69de29bb2d1d6434b8b29ae775ad8c2e48c5391	mission-data/11/scripts/papers/ads_papers/10056.csv	exact
11	master	09356a2	scripts/papers/ads_papers/10057.csv	e79ccd01c849745da8f9d96f78eb9446476ff30a	mission-data/11/scripts/papers/ads_papers/10057.csv	exact
11	master	09356a2	scripts/papers/ads_papers/10058.csv	2f2a192e2265130578f9c4ff901f6037542fc72b	mission-data/11/scripts/papers/ads_papers/10058.csv	exact
11	master	09356a2	scripts/papers/ads_papers/10059.csv	503ad58c8a21ce76054089a14254c1da377ad0f4	mission-data/11/scripts/papers/ads_papers/10059.csv	exact
11	master	09356a2	scripts/papers/ads_papers/10060.csv	0cfedd172a3c9159e0c6f2d6ecc5cd5ed4e62985	mission-data/11/scripts/papers/ads_papers/10060.csv	exact
11	master	09356a2	scripts/papers/ads_papers/10061.csv	503ad58c8a21ce76054089a14254c1da377ad0f4	mission-data/11/scripts/papers/ads_papers/10061.csv	exact
11	master	09356a2	scripts/papers/ads_papers/10062.csv	fa6e6272f86db11801ccf422850c6491502bc94c	mission-data/11/scripts/papers/ads_papers/10062.csv	exact
11	master	09356a2	scripts/papers/ads_papers/10063.csv	e69de29bb2d1d6434b8b29ae775ad8c2e48c5391	mission-data/11/scripts/papers/ads_papers/10063.csv	exact
11	master	09356a2	scripts/papers/ads_papers/10064.csv	e69de29bb2d1d6434b8b29ae775ad8c2e48c5391	mission-data/11/scripts/papers/ads_papers/10064.csv	exact
11	master	09356a2	scripts/papers/ads_papers/10065.csv	333f84d5a42e1834d14407024e7a78c61063d77f	mission-data/11/scripts/papers/ads_papers/10065.csv	exact
11	master	09356a2	scripts/papers/ads_papers/10066.csv	e69de29bb2d1d6434b8b29ae775ad8c2e48c5391	mission-data/11/scripts/papers/ads_papers/10066.csv	exact
11	master	09356a2	scripts/papers/ads_papers/10067.csv	e69de29bb2d1d6434b8b29ae775ad8c2e48c5391	mission-data/11/scripts/papers/ads_papers/10067.csv	exact
11	master	09356a2	scripts/papers/ads_papers/10068.csv	05f7d8a715fa8eab97d2f2c8528fada21a99e928	mission-data/11/scripts/papers/ads_papers/10068.csv	exact
11	master	09356a2	scripts/papers/ads_papers/10069.csv	9f9fca5f649b61db0fe66ef8ed598c3745d5da55	mission-data/11/scripts/papers/ads_papers/10069.csv	exact
11	master	09356a2	scripts/papers/ads_papers/10070.csv	e69de29bb2d1d6434b8b29ae775ad8c2e48c5391	mission-data/11/scripts/papers/ads_papers/10070.csv	exact
11	master	09356a2	scripts/papers/ads_papers/10071.csv	b04429d71faddccd7dd5e822c3dfc8e98c9330c5	mission-data/11/scripts/papers/ads_papers/10071.csv	exact
11	master	09356a2	scripts/papers/ads_papers/10072.csv	229824d2f133b7a2106c4ff1c45f77876e60f8f0	mission-data/11/scripts/papers/ads_papers/10072.csv	exact
11	master	09356a2	scripts/papers/ads_papers/10073.csv	9e7f7af32a9987c01df14eb33fef8672f88ddba4	mission-data/11/scripts/papers/ads_papers/10073.csv	exact
11	master	09356a2	scripts/papers/ads_papers/10074.csv	e69de29bb2d1d6434b8b29ae775ad8c2e48c5391	mission-data/11/scripts/papers/ads_papers/10074.csv	exact
11	master	09356a2	scripts/papers/ads_papers/10075.csv	e69de29bb2d1d6434b8b29ae775ad8c2e48c5391	mission-data/11/scripts/papers/ads_papers/10075.csv	exact
11	master	09356a2	scripts/papers/ads_papers/10082.csv	e69de29bb2d1d6434b8b29ae775ad8c2e48c5391	mission-data/11/scripts/papers/ads_papers/10082.csv	exact
11	master	09356a2	scripts/papers/ads_papers/10084.csv	1a7d1c2bf1fd7a065ea375049fe676f153897bfe	mission-data/11/scripts/papers/ads_papers/10084.csv	exact
11	master	09356a2	scripts/papers/ads_papers/10085.csv	723eebc664adc7f2977c71d812aee121f94ae091	mission-data/11/scripts/papers/ads_papers/10085.csv	exact
11	master	09356a2	scripts/papers/ads_papers/10086.csv	e69de29bb2d1d6434b8b29ae775ad8c2e48c5391	mission-data/11/scripts/papers/ads_papers/10086.csv	exact
11	master	09356a2	scripts/papers/ads_papers/10087.csv	8026ba1fb5b74cf38f21efaf53343dde98fdba78	mission-data/11/scripts/papers/ads_papers/10087.csv	exact
11	master	09356a2	scripts/papers/ads_papers/10089.csv	e69de29bb2d1d6434b8b29ae775ad8c2e48c5391	mission-data/11/scripts/papers/ads_papers/10089.csv	exact
11	master	09356a2	scripts/papers/ads_papers/10090.csv	e69de29bb2d1d6434b8b29ae775ad8c2e48c5391	mission-data/11/scripts/papers/ads_papers/10090.csv	exact
11	master	09356a2	scripts/papers/ads_papers/10091.csv	e69de29bb2d1d6434b8b29ae775ad8c2e48c5391	mission-data/11/scripts/papers/ads_papers/10091.csv	exact
11	master	09356a2	scripts/papers/ads_papers/10092.csv	363e1e81d6242ffa1ae167cc0e1c459d1464a895	mission-data/11/scripts/papers/ads_papers/10092.csv	exact
11	master	09356a2	scripts/papers/ads_papers/10093.csv	e69de29bb2d1d6434b8b29ae775ad8c2e48c5391	mission-data/11/scripts/papers/ads_papers/10093.csv	exact
11	master	09356a2	scripts/papers/ads_papers/10094.csv	e69de29bb2d1d6434b8b29ae775ad8c2e48c5391	mission-data/11/scripts/papers/ads_papers/10094.csv	exact
11	master	09356a2	scripts/papers/curation_papers/10001.csv	e69de29bb2d1d6434b8b29ae775ad8c2e48c5391	mission-data/11/scripts/papers/curation_papers/10001.csv	exact
11	master	09356a2	scripts/papers/curation_papers/10002.csv	e69de29bb2d1d6434b8b29ae775ad8c2e48c5391	mission-data/11/scripts/papers/curation_papers/10002.csv	exact
11	master	09356a2	scripts/papers/curation_papers/10003.csv	2b1423fb6e99d34ed5bd25bc56a237d6f0eccd8b	mission-data/11/scripts/papers/curation_papers/10003.csv	exact
11	master	09356a2	scripts/papers/curation_papers/10004.csv	439d3ad69bd85875cf0abb5572c6aa7a5677bb5e	mission-data/11/scripts/papers/curation_papers/10004.csv	exact
11	master	09356a2	scripts/papers/curation_papers/10005.csv	439d3ad69bd85875cf0abb5572c6aa7a5677bb5e	mission-data/11/scripts/papers/curation_papers/10005.csv	exact
11	master	09356a2	scripts/papers/curation_papers/10008.csv	e69de29bb2d1d6434b8b29ae775ad8c2e48c5391	mission-data/11/scripts/papers/curation_papers/10008.csv	exact
11	master	09356a2	scripts/papers/curation_papers/10009.csv	79e6491b0816a52d72cd0fed4ac17bfb9be090c8	mission-data/11/scripts/papers/curation_papers/10009.csv	exact
11	master	09356a2	scripts/papers/curation_papers/10010.csv	e69de29bb2d1d6434b8b29ae775ad8c2e48c5391	mission-data/11/scripts/papers/curation_papers/10010.csv	exact
11	master	09356a2	scripts/papers/curation_papers/10011.csv	e69de29bb2d1d6434b8b29ae775ad8c2e48c5391	mission-data/11/scripts/papers/curation_papers/10011.csv	exact
11	master	09356a2	scripts/papers/curation_papers/10014.csv	e69de29bb2d1d6434b8b29ae775ad8c2e48c5391	mission-data/11/scripts/papers/curation_papers/10014.csv	exact
11	master	09356a2	scripts/papers/curation_papers/10015.csv	e69de29bb2d1d6434b8b29ae775ad8c2e48c5391	mission-data/11/scripts/papers/curation_papers/10015.csv	exact
11	master	09356a2	scripts/papers/curation_papers/10017.csv	179c787358f9869d3b50ee5d8f015b3795d10005	mission-data/11/scripts/papers/curation_papers/10017.csv	exact
11	master	09356a2	scripts/papers/curation_papers/10018.csv	75327c25ec918733af545dd668b8be42a8982144	mission-data/11/scripts/papers/curation_papers/10018.csv	exact
11	master	09356a2	scripts/papers/curation_papers/10019.csv	d7882334cc7932a2db2324bf8793e723c65e2322	mission-data/11/scripts/papers/curation_papers/10019.csv	exact
11	master	09356a2	scripts/papers/curation_papers/10020.csv	f188105ccb969d24aa4fb68910ae35e5a5f6724e	mission-data/11/scripts/papers/curation_papers/10020.csv	exact
11	master	09356a2	scripts/papers/curation_papers/10021.csv	01413cfa6095bc6562495ec83ac6245eb6144f4c	mission-data/11/scripts/papers/curation_papers/10021.csv	exact
11	master	09356a2	scripts/papers/curation_papers/10022.csv	cf21007aa9a70954bca56e83ac4f9f462bd027b2	mission-data/11/scripts/papers/curation_papers/10022.csv	exact
11	master	09356a2	scripts/papers/curation_papers/10023.csv	79e6491b0816a52d72cd0fed4ac17bfb9be090c8	mission-data/11/scripts/papers/curation_papers/10023.csv	exact
11	master	09356a2	scripts/papers/curation_papers/10024.csv	cd45d98e25559a8c12b6aa15c8131432d875e29c	mission-data/11/scripts/papers/curation_papers/10024.csv	exact
11	master	09356a2	scripts/papers/curation_papers/10025.csv	e69de29bb2d1d6434b8b29ae775ad8c2e48c5391	mission-data/11/scripts/papers/curation_papers/10025.csv	exact
11	master	09356a2	scripts/papers/curation_papers/10026.csv	e69de29bb2d1d6434b8b29ae775ad8c2e48c5391	mission-data/11/scripts/papers/curation_papers/10026.csv	exact
11	master	09356a2	scripts/papers/curation_papers/10027.csv	e69de29bb2d1d6434b8b29ae775ad8c2e48c5391	mission-data/11/scripts/papers/curation_papers/10027.csv	exact
11	master	09356a2	scripts/papers/curation_papers/10028.csv	e69de29bb2d1d6434b8b29ae775ad8c2e48c5391	mission-data/11/scripts/papers/curation_papers/10028.csv	exact
11	master	09356a2	scripts/papers/curation_papers/10029.csv	d1fbb12a0a8672a9c42d2abf0f98f0809536d490	mission-data/11/scripts/papers/curation_papers/10029.csv	exact
11	master	09356a2	scripts/papers/curation_papers/10030.csv	e69de29bb2d1d6434b8b29ae775ad8c2e48c5391	mission-data/11/scripts/papers/curation_papers/10030.csv	exact
11	master	09356a2	scripts/papers/curation_papers/10031.csv	e69de29bb2d1d6434b8b29ae775ad8c2e48c5391	mission-data/11/scripts/papers/curation_papers/10031.csv	exact
11	master	09356a2	scripts/papers/curation_papers/10032.csv	8e56d307e905e22ab3e769346ff12d74b95f7613	mission-data/11/scripts/papers/curation_papers/10032.csv	exact
11	master	09356a2	scripts/papers/curation_papers/10033.csv	e69de29bb2d1d6434b8b29ae775ad8c2e48c5391	mission-data/11/scripts/papers/curation_papers/10033.csv	exact
11	master	09356a2	scripts/papers/curation_papers/10044.csv	f502c395b1d00bdcfbc0bb75e8e01b7717810ffc	mission-data/11/scripts/papers/curation_papers/10044.csv	exact
11	master	09356a2	scripts/papers/curation_papers/10045.csv	b99039b761f00474c64b1083e707b83a2886369a	mission-data/11/scripts/papers/curation_papers/10045.csv	exact
11	master	09356a2	scripts/papers/curation_papers/10046.csv	e7a42f95b0f31bb67e0422341fdcb91b5ffd6860	mission-data/11/scripts/papers/curation_papers/10046.csv	exact
11	master	09356a2	scripts/papers/curation_papers/10047.csv	156f53badef81651bc1f55ebc036876a763c9eab	mission-data/11/scripts/papers/curation_papers/10047.csv	exact
11	master	09356a2	scripts/papers/curation_papers/10048.csv	31eddc5509a86ceba85d501dc3e424ea09092fce	mission-data/11/scripts/papers/curation_papers/10048.csv	exact
11	master	09356a2	scripts/papers/curation_papers/10049.csv	a88ac5fa14d949dbccca3b523ce1449e2a9f8a16	mission-data/11/scripts/papers/curation_papers/10049.csv	exact
11	master	09356a2	scripts/papers/curation_papers/10050.csv	c393a4b76007cea6fb184156920b7cf87e103698	mission-data/11/scripts/papers/curation_papers/10050.csv	exact
11	master	09356a2	scripts/papers/curation_papers/10054.csv	e69de29bb2d1d6434b8b29ae775ad8c2e48c5391	mission-data/11/scripts/papers/curation_papers/10054.csv	exact
11	master	09356a2	scripts/papers/curation_papers/10056.csv	65d50567997d8d85f52acf6d38ba7268ab513c04	mission-data/11/scripts/papers/curation_papers/10056.csv	exact
11	master	09356a2	scripts/papers/curation_papers/10057.csv	1f64a5a647e3c59293fd8ed3476640c9e818c51f	mission-data/11/scripts/papers/curation_papers/10057.csv	exact
11	master	09356a2	scripts/papers/curation_papers/10058.csv	06664bc641b46db30ad1c20bd53718a0079d40a6	mission-data/11/scripts/papers/curation_papers/10058.csv	exact
11	master	09356a2	scripts/papers/curation_papers/10059.csv	79e6491b0816a52d72cd0fed4ac17bfb9be090c8	mission-data/11/scripts/papers/curation_papers/10059.csv	exact
11	master	09356a2	scripts/papers/curation_papers/10060.csv	d4b5c44b75dc4f2db5c5deee4c484fdd759d7d9e	mission-data/11/scripts/papers/curation_papers/10060.csv	exact
11	master	09356a2	scripts/papers/curation_papers/10061.csv	a91b27d7483f15787b784df6a6f61cfec8c1373b	mission-data/11/scripts/papers/curation_papers/10061.csv	exact
11	master	09356a2	scripts/papers/curation_papers/10062.csv	593d22e864b7107579e8e2e19790b763bf9eb084	mission-data/11/scripts/papers/curation_papers/10062.csv	exact
11	master	09356a2	scripts/papers/curation_papers/10063.csv	79e6491b0816a52d72cd0fed4ac17bfb9be090c8	mission-data/11/scripts/papers/curation_papers/10063.csv	exact
11	master	09356a2	scripts/papers/curation_papers/10064.csv	79e6491b0816a52d72cd0fed4ac17bfb9be090c8	mission-data/11/scripts/papers/curation_papers/10064.csv	exact
11	master	09356a2	scripts/papers/curation_papers/10065.csv	37d9ed61f3d9dbb9a2816fd3a6d816ef8d6b933e	mission-data/11/scripts/papers/curation_papers/10065.csv	exact
11	master	09356a2	scripts/papers/curation_papers/10066.csv	e69de29bb2d1d6434b8b29ae775ad8c2e48c5391	mission-data/11/scripts/papers/curation_papers/10066.csv	exact
11	master	09356a2	scripts/papers/curation_papers/10067.csv	e69de29bb2d1d6434b8b29ae775ad8c2e48c5391	mission-data/11/scripts/papers/curation_papers/10067.csv	exact
11	master	09356a2	scripts/papers/curation_papers/10068.csv	d588cb2fd951236c25f41a21ae3465ac9e0f1345	mission-data/11/scripts/papers/curation_papers/10068.csv	exact
11	master	09356a2	scripts/papers/curation_papers/10069.csv	ef431c5ca5743a12156cc8fcb0130274c39763dc	mission-data/11/scripts/papers/curation_papers/10069.csv	exact
11	master	09356a2	scripts/papers/curation_papers/10070.csv	ca017586d80246f284f7c02c218a5fbe4bb9f8ff	mission-data/11/scripts/papers/curation_papers/10070.csv	exact
11	master	09356a2	scripts/papers/curation_papers/10071.csv	48167ce3f2a0752ec3e400f1188ab8b29dc2c124	mission-data/11/scripts/papers/curation_papers/10071.csv	exact
11	master	09356a2	scripts/papers/curation_papers/10072.csv	c174f18eb99e5fcbdeea19c331f4cc48c03b2572	mission-data/11/scripts/papers/curation_papers/10072.csv	exact
11	master	09356a2	scripts/papers/curation_papers/10073.csv	208b4dc30f6e2b852a06482ee319a4989da9863e	mission-data/11/scripts/papers/curation_papers/10073.csv	exact
11	master	09356a2	scripts/papers/curation_papers/10074.csv	79e6491b0816a52d72cd0fed4ac17bfb9be090c8	mission-data/11/scripts/papers/curation_papers/10074.csv	exact
11	master	09356a2	scripts/papers/curation_papers/10075.csv	79e6491b0816a52d72cd0fed4ac17bfb9be090c8	mission-data/11/scripts/papers/curation_papers/10075.csv	exact
11	master	09356a2	scripts/papers/curation_papers/10082.csv	79e6491b0816a52d72cd0fed4ac17bfb9be090c8	mission-data/11/scripts/papers/curation_papers/10082.csv	exact
11	master	09356a2	scripts/papers/curation_papers/10084.csv	1316683aa236701495c05018b3b2a14dc77865a2	mission-data/11/scripts/papers/curation_papers/10084.csv	exact
11	master	09356a2	scripts/papers/curation_papers/10085.csv	519a2722e1e50366c2ac1b452972388ec4d6c3ea	mission-data/11/scripts/papers/curation_papers/10085.csv	exact
11	master	09356a2	scripts/papers/curation_papers/10086.csv	e69de29bb2d1d6434b8b29ae775ad8c2e48c5391	mission-data/11/scripts/papers/curation_papers/10086.csv	exact
11	master	09356a2	scripts/papers/curation_papers/10087.csv	e69de29bb2d1d6434b8b29ae775ad8c2e48c5391	mission-data/11/scripts/papers/curation_papers/10087.csv	exact
11	master	09356a2	scripts/papers/curation_papers/10089.csv	e69de29bb2d1d6434b8b29ae775ad8c2e48c5391	mission-data/11/scripts/papers/curation_papers/10089.csv	exact
11	master	09356a2	scripts/papers/curation_papers/10090.csv	e69de29bb2d1d6434b8b29ae775ad8c2e48c5391	mission-data/11/scripts/papers/curation_papers/10090.csv	exact
11	master	09356a2	scripts/papers/curation_papers/10091.csv	e69de29bb2d1d6434b8b29ae775ad8c2e48c5391	mission-data/11/scripts/papers/curation_papers/10091.csv	exact
11	master	09356a2	scripts/papers/curation_papers/10092.csv	fbb1527509ae97dd8121248daa6e5722304b0d87	mission-data/11/scripts/papers/curation_papers/10092.csv	exact
11	master	09356a2	scripts/papers/curation_papers/10093.csv	79e6491b0816a52d72cd0fed4ac17bfb9be090c8	mission-data/11/scripts/papers/curation_papers/10093.csv	exact
11	master	09356a2	scripts/papers/curation_papers/10094.csv	79e6491b0816a52d72cd0fed4ac17bfb9be090c8	mission-data/11/scripts/papers/curation_papers/10094.csv	exact
11	master	09356a2	support/Video sources.txt	5e608c66f1a9e96bfb530ea5976e56d738a82a3d	mission-data/11/support/Video sources.txt	exact
13	Branch_19a45e81	19a45e81	MISSION_DATA/A13_commentary.csv	4d7a5001109d03d13e113140915ec8ae9ed51d0e	mission-data/13/legacy-variants/Branch_19a45e81/MISSION_DATA/A13_commentary.csv	exact
13	Branch_19a45e81	19a45e81	MISSION_DATA/A13_photos.csv	23a3ac8a7935176468c064e6c16c52b0449d2ef4	mission-data/13/legacy-variants/Branch_19a45e81/MISSION_DATA/A13_photos.csv	exact
13	Branch_19a45e81	19a45e81	MISSION_DATA/A13_photos.xlsx	fd33477ac15e186508353ba31d5a772114711b55	mission-data/13/legacy-variants/Branch_19a45e81/MISSION_DATA/A13_photos.xlsx	exact
13	Branch_19a45e81	19a45e81	MISSION_DATA/A13_TOC.csv	32d0756d78968bb8d8c9d9d801427d1bac75a602	mission-data/13/legacy-variants/Branch_19a45e81/MISSION_DATA/A13_TOC.csv	exact
13	Branch_19a45e81	19a45e81	MISSION_DATA/A13_utterances.csv	7415e8bc4e5235935388163c1f80b4da9a7b8504	mission-data/13/legacy-variants/Branch_19a45e81/MISSION_DATA/A13_utterances.csv	exact
13	Branch_19a45e81	19a45e81	MISSION_DATA/scraped_data/scraped_commentary_AFJ.csv	a1fb96e176dc7fb229d61de85ffda05af66f1ff9	mission-data/13/legacy-variants/Branch_19a45e81/MISSION_DATA/scraped_data/scraped_commentary_AFJ.csv	exact
13	Branch_19a45e81	19a45e81	Premiere Pro/A13 Timeline Reconstruction.prproj	7e8aa09c3ce16a16c13aecbab73ffdfbc85ba26e	mission-data/13/legacy-variants/Branch_19a45e81/Premiere Pro/A13 Timeline Reconstruction.prproj	exact
13	Branch_b110ed81	b110ed81	MISSION_DATA/A13_commentary.csv	4d7a5001109d03d13e113140915ec8ae9ed51d0e	mission-data/13/legacy-variants/Branch_b110ed81/MISSION_DATA/A13_commentary.csv	exact
13	Branch_b110ed81	b110ed81	MISSION_DATA/A13_photos.csv	23a3ac8a7935176468c064e6c16c52b0449d2ef4	mission-data/13/legacy-variants/Branch_b110ed81/MISSION_DATA/A13_photos.csv	exact
13	Branch_b110ed81	b110ed81	MISSION_DATA/A13_photos.xlsx	fd33477ac15e186508353ba31d5a772114711b55	mission-data/13/legacy-variants/Branch_b110ed81/MISSION_DATA/A13_photos.xlsx	exact
13	Branch_b110ed81	b110ed81	MISSION_DATA/A13_TOC.csv	32d0756d78968bb8d8c9d9d801427d1bac75a602	mission-data/13/legacy-variants/Branch_b110ed81/MISSION_DATA/A13_TOC.csv	exact
13	Branch_b110ed81	b110ed81	MISSION_DATA/A13_utterances.csv	7415e8bc4e5235935388163c1f80b4da9a7b8504	mission-data/13/legacy-variants/Branch_b110ed81/MISSION_DATA/A13_utterances.csv	exact
13	Branch_b110ed81	b110ed81	MISSION_DATA/scraped_data/scraped_commentary_AFJ.csv	a1fb96e176dc7fb229d61de85ffda05af66f1ff9	mission-data/13/legacy-variants/Branch_b110ed81/MISSION_DATA/scraped_data/scraped_commentary_AFJ.csv	exact
13	Branch_b110ed81	b110ed81	Premiere Pro/A13 Timeline Reconstruction.prproj	7e8aa09c3ce16a16c13aecbab73ffdfbc85ba26e	mission-data/13/legacy-variants/Branch_b110ed81/Premiere Pro/A13 Timeline Reconstruction.prproj	exact
13	new_mobile	fbd1d32f	MISSION_DATA/A13_photos.csv	f55f8470282ab6de3d0f02269026a1d7dcf560ea	mission-data/13/legacy-variants/new_mobile/MISSION_DATA/A13_photos.csv	exact
13	new_mobile	fbd1d32f	MISSION_DATA/A13_utterances.csv	5845dddbdc43c1166bd93e7b2ec09046ae0b740a	mission-data/13/legacy-variants/new_mobile/MISSION_DATA/A13_utterances.csv	exact
13	master	17e2998	MISSION_DATA/A13 notes.txt	01deb21329c56923dafa279d3c45fd96fb8197f4	mission-data/13/MISSION_DATA/A13 notes.txt	exact
13	master	17e2998	MISSION_DATA/A13_commentary.csv	43505fa36aa411900e0e0493a33015b394802b0e	mission-data/13/MISSION_DATA/A13_commentary.csv	exact
13	master	17e2998	MISSION_DATA/A13_photos.csv	b4f073a57174897fde1f8a87e8d0df01f427faa9	mission-data/13/MISSION_DATA/A13_photos.csv	exact
13	master	17e2998	MISSION_DATA/A13_photos.xlsx	2aafde8cc70f039b3b4fcf61275cf0a14c6cd71a	mission-data/13/MISSION_DATA/A13_photos.xlsx	exact
13	master	17e2998	MISSION_DATA/A13_TEC_raw.txt	8a982ed6969dcba3eb55cdd10d8bcec2dcc6a145	mission-data/13/MISSION_DATA/A13_TEC_raw.txt	exact
13	master	17e2998	MISSION_DATA/A13_TOC.csv	a68b321e8a281bfc124db64e1fae527cd5ee2266	mission-data/13/MISSION_DATA/A13_TOC.csv	exact
13	master	17e2998	MISSION_DATA/A13_utterances.csv	99489165ba460bc2fd47c7e295a9a4fef7c76d7d	mission-data/13/MISSION_DATA/A13_utterances.csv	exact
13	master	17e2998	MISSION_DATA/Apollo 13 Automated Phone Call Search (INSIGHT) (3).xlsx	0733f4f5c2514c521ce967669326f9b0ef032bf7	mission-data/13/MISSION_DATA/Apollo 13 Automated Phone Call Search (INSIGHT) (3).xlsx	exact
13	master	17e2998	MISSION_DATA/flight-director-loop.txt	7ced16a61666daece71baf5d5bdbe138ebfc5a47	mission-data/13/MISSION_DATA/flight-director-loop.txt	exact
13	master	17e2998	MISSION_DATA/old/A13_photos _robin Jan-11.xlsx	33f605ee0a35e5615ca3af0b920167dcd3893f0c	mission-data/13/MISSION_DATA/old/A13_photos _robin Jan-11.xlsx	exact
13	master	17e2998	MISSION_DATA/old/A13_photos old.xlsx	3dcc27647c78e57aa55fee6c8361783575feb865	mission-data/13/MISSION_DATA/old/A13_photos old.xlsx	exact
13	master	17e2998	MISSION_DATA/old/A13_photos_old.xlsx	e1a65e9d6972badf2676af5a8c5b9e53be1818a8	mission-data/13/MISSION_DATA/old/A13_photos_old.xlsx	exact
13	master	17e2998	MISSION_DATA/old/A13_photos_robin.xlsx	73f77ed17fe64bbaf88c75c4dbd6891366eb3310	mission-data/13/MISSION_DATA/old/A13_photos_robin.xlsx	exact
13	master	17e2998	MISSION_DATA/old/Apollo 13 16mm Photo GET Listing v2.xlsx	9b69b639293a956b7c8430f76de17442edfbfd2a	mission-data/13/MISSION_DATA/old/Apollo 13 16mm Photo GET Listing v2.xlsx	exact
13	master	17e2998	MISSION_DATA/old/Apollo 13 16mm Photo GET Listing.xlsx	bfe12cc158359e60f2479ef860d4a59f74532953	mission-data/13/MISSION_DATA/old/Apollo 13 16mm Photo GET Listing.xlsx	exact
13	master	17e2998	MISSION_DATA/old/Apollo 13 Photo GET Listing rev 2.1.xlsx	6b7c0c2f98e8dcd5b36f5af418869bb6407f0071	mission-data/13/MISSION_DATA/old/Apollo 13 Photo GET Listing rev 2.1.xlsx	exact
13	master	17e2998	MISSION_DATA/old/Apollo 13 Photo GET Listing rev 2.xlsx	949d6399861f9fc2b09cff74dc59513d57e8c692	mission-data/13/MISSION_DATA/old/Apollo 13 Photo GET Listing rev 2.xlsx	exact
13	master	17e2998	MISSION_DATA/old/AS13_onboard.csv	03a4d129637a62db542504d9b4984e7bbcdb71c6	mission-data/13/MISSION_DATA/old/AS13_onboard.csv	exact
13	master	17e2998	MISSION_DATA/old/AS13_onboard.xlsx	c1ade4e4963712dd3a51130a68111fa3b5193947	mission-data/13/MISSION_DATA/old/AS13_onboard.xlsx	exact
13	master	17e2998	MISSION_DATA/old/Robin's corrections/A13_photos.xlsx	977add5874fb7a11e32e0a175a78e463f599f8bb	mission-data/13/MISSION_DATA/old/Robin's corrections/A13_photos.xlsx	exact
13	master	17e2998	MISSION_DATA/old/Robin's corrections/A13_utterances.csv	dee9d44650556489dfae1315f903a6ef7d3c1098	mission-data/13/MISSION_DATA/old/Robin's corrections/A13_utterances.csv	exact
13	master	17e2998	MISSION_DATA/old/Robin's corrections/Transcript notes for Ben Fiest 240220.xlsx	ab0d9c7c6c3887acf55561221db7c202469825ed	mission-data/13/MISSION_DATA/old/Robin's corrections/Transcript notes for Ben Fiest 240220.xlsx	exact
13	master	17e2998	MISSION_DATA/Photos_press_URLs.xlsx	b171e2a5a590edb255a767ab4fa0d59602278be6	mission-data/13/MISSION_DATA/Photos_press_URLs.xlsx	exact
13	master	17e2998	MISSION_DATA/Photos_press_URLs_export.xlsx	250e7106564cec8c486b001308a71f742237c5ec	mission-data/13/MISSION_DATA/Photos_press_URLs_export.xlsx	exact
13	master	17e2998	MISSION_DATA/scraped_data/scraped_commentary_AFJ.csv	4d49119fab6df4156e85ec9c080c764d85c76f37	mission-data/13/MISSION_DATA/scraped_data/scraped_commentary_AFJ.csv	exact
13	master	17e2998	MISSION_DATA/scraped_data/scraped_photoinfo_AFJ_newstyle.csv	edb21e4a684b79ffc5030d6aa693829642f2af91	mission-data/13/MISSION_DATA/scraped_data/scraped_photoinfo_AFJ_newstyle.csv	exact
13	master	17e2998	MISSION_DATA/scraped_data/scraped_utterances_AFJ.csv	0a86592c0abef1dcba850df5607e65d03dd73192	mission-data/13/MISSION_DATA/scraped_data/scraped_utterances_AFJ.csv	exact
13	master	17e2998	MISSION_DATA/video sources.txt	5e715761e8d6321b19261aab380c236a5dc1e444	mission-data/13/MISSION_DATA/video sources.txt	exact
13	master	17e2998	Premiere Pro/13_social_promo.prproj	cebd403a45c658d387df9bf0352606587d2c8bcf	mission-data/13/Premiere Pro/13_social_promo.prproj	exact
13	master	17e2998	Premiere Pro/A13 Timeline Reconstruction.prproj	4c1c4d5797f618e730c7e37e0574e3bee514a4ea	mission-data/13/Premiere Pro/A13 Timeline Reconstruction.prproj	exact
13	master	17e2998	Premiere Pro/A13 Timeline Reconstruction_1.prproj	32a096b9527006f43780ae7c68836701bc67547b	mission-data/13/Premiere Pro/A13 Timeline Reconstruction_1.prproj	exact
13	master	17e2998	Premiere Pro/A13 Timeline Reconstruction_2.prproj	51c5d15d0437291cb16c35be713318b08d45ad11	mission-data/13/Premiere Pro/A13 Timeline Reconstruction_2.prproj	exact
13	master	17e2998	Premiere Pro/A13 Timeline Reconstruction_3.prproj	56ac840c2ad4508aa7d176590d4d28d1f98c3e5c	mission-data/13/Premiere Pro/A13 Timeline Reconstruction_3.prproj	exact
13	master	17e2998	Premiere Pro/A13 Timeline Reconstruction_4.prproj	7c2dd71bb13584ef9aa29bb1ec3076583182d8dd	mission-data/13/Premiere Pro/A13 Timeline Reconstruction_4.prproj	exact
13	master	17e2998	Premiere Pro/A13 Timeline Reconstruction_5.prproj	7874b1dcabe571260a078a312eb797de1e55d160	mission-data/13/Premiere Pro/A13 Timeline Reconstruction_5.prproj	exact
13	master	17e2998	Premiere Pro/A13 Timeline Reconstruction_5_1.prproj	88aa5e10c524af5c9ec928760320e21c84f6ea69	mission-data/13/Premiere Pro/A13 Timeline Reconstruction_5_1.prproj	exact
13	master	17e2998	Premiere Pro/QT Gamma Compensation.cube	6d8bac9a8596f600b388159d0a7b940a2487a906	mission-data/13/Premiere Pro/QT Gamma Compensation.cube	exact
13	master	17e2998	Premiere Pro/video_watermark.png	b7f4754a64b1adb3f729011243bbcf8cac150700	mission-data/13/Premiere Pro/video_watermark.png	exact
13	master	17e2998	Premiere Pro/video_watermark_1440.png	82203acc16201670cd858871491513aa2743ddd8	mission-data/13/Premiere Pro/video_watermark_1440.png	exact
13	master	17e2998	Premiere Pro/video_watermark_1440.psd	e198781bd23fbbb63c48075864c7e1d43c066e8c	mission-data/13/Premiere Pro/video_watermark_1440.psd	exact
13	master	17e2998	support/Designs from David/Apollo13_ApolloInRealtime_Home1.jpg	823297bd71eee2c8886f6b0bc51787064105ea5d	mission-data/13/support/Designs from David/Apollo13_ApolloInRealtime_Home1.jpg	exact
13	master	17e2998	support/Designs from David/Apollo13_ApolloInRealtime_Mobile1.jpg	ef2c34d224778d9de0d6533ec1ddde79f915ec4e	mission-data/13/support/Designs from David/Apollo13_ApolloInRealtime_Mobile1.jpg	exact
13	master	17e2998	support/Designs from David/Apollo13_ApolloInRealtime_Site1.jpg	8cc959382e2fb2a071a045d381629be55d581bbf	mission-data/13/support/Designs from David/Apollo13_ApolloInRealtime_Site1.jpg	exact
13	master	17e2998	support/Designs from David/Apollo13_ApolloInRealtime_Site2.jpg	68d42ed67c5f3fca3d1051765f4f0df62bd84ddc	mission-data/13/support/Designs from David/Apollo13_ApolloInRealtime_Site2.jpg	exact
13	master	17e2998	support/Designs from David/Apollo13_ApolloInRealtime_Site3.jpg	bd1348be88db494aedaec5d8f2bac31a9bc3e0cc	mission-data/13/support/Designs from David/Apollo13_ApolloInRealtime_Site3.jpg	exact
13	master	17e2998	support/graph_overlay.psd	7e80413ab7df4ae75c974365af80cfcc78769013	mission-data/13/support/graph_overlay.psd	exact
13	master	17e2998	support/help.pptx	189ec80aded24d11b69acf5edb12fbb04d3039d3	mission-data/13/support/help.pptx	exact
17	master	4ac61997	_AFJ/_webroot/styles.css	8aad2d465251be464fae1ff584557051af5cdc12	mission-data/17/_AFJ/_webroot/styles.css	exact
17	master	4ac61997	_AFJ/templates/template_afj_footer.html	65bb141b5944c0aef46c1993dc4f1ffc92fca287	mission-data/17/_AFJ/templates/template_afj_footer.html	exact
17	master	4ac61997	_AFJ/templates/template_afj_header.html	f69dd32459709f2f2b91c0b93b53cff67b5e106c	mission-data/17/_AFJ/templates/template_afj_header.html	exact
17	master	4ac61997	_AFJ/templates/template_afj_item_commentary.html	9cc96b9cf5c6f86a73da0495786eb21380d5d660	mission-data/17/_AFJ/templates/template_afj_item_commentary.html	exact
17	master	4ac61997	_AFJ/templates/template_afj_item_photo.html	61a9e608f11a4258b9a32ca66241f0e675fe9e40	mission-data/17/_AFJ/templates/template_afj_item_photo.html	exact
17	master	4ac61997	_AFJ/templates/template_afj_item_utterance.html	a9cca1f80747c8db7c3a07c690d7a928f8a05de6	mission-data/17/_AFJ/templates/template_afj_item_utterance.html	exact
17	master	4ac61997	_AFJ/templates/template_afj_TOC_footer.html	92f65329d5a153aa99cfeeb8fe767534ad255916	mission-data/17/_AFJ/templates/template_afj_TOC_footer.html	exact
17	master	4ac61997	_AFJ/templates/template_afj_TOC_header.html	7e3fc26e0ec6468eae83dc79c4a91cc50ccf2730	mission-data/17/_AFJ/templates/template_afj_TOC_header.html	exact
17	master	4ac61997	_AFJ/templates/template_afj_TOC_index.html	1c1276a51040a56be180f660448615350ad9f20e	mission-data/17/_AFJ/templates/template_afj_TOC_index.html	exact
17	master	4ac61997	_AFJ/templates/template_afj_TOC_item.html	65f17fff36ae7dca7822c50126586041117b5323	mission-data/17/_AFJ/templates/template_afj_TOC_item.html	exact
17	master	4ac61997	_AFJ/tests/ap16_sample.html	e0d2fcf269c87454eb9a97d8c826564aa38c8fb6	mission-data/17/_AFJ/tests/ap16_sample.html	exact
17	master	4ac61997	_MC_Output/A17_TEC.mc	c789ceeb702dd879db8407dd2ff93046f12ab40c	mission-data/17/_MC_Output/A17_TEC.mc	exact
17	master	4ac61997	_MC_Output/exampleMC.txt	70f07f6251c6916125e6668a79603bf9ee99a130	mission-data/17/_MC_Output/exampleMC.txt	exact
17	master	4ac61997	assets/Bitmap.jpg	ff85ba995cb6b3fad59b89464802ddb4e26f9b6a	mission-data/17/assets/Bitmap.jpg	exact
17	master	4ac61997	assets/help.sketch	42081d5ff6b5a0742e9f83c8c504ac92c0263563	mission-data/17/assets/help.sketch	exact
17	master	4ac61997	assets/igloo/Adobe After Effects Auto-Save/Igloo auto-save 1.aep	e87f00911043a531fa7bf9330a17927aef608e26	mission-data/17/assets/igloo/Adobe After Effects Auto-Save/Igloo auto-save 1.aep	exact
17	master	4ac61997	assets/igloo/Adobe After Effects Auto-Save/Igloo auto-save 2.aep	c4fe813ec81d87515d46d5903cfebeb2aea73df7	mission-data/17/assets/igloo/Adobe After Effects Auto-Save/Igloo auto-save 2.aep	exact
17	master	4ac61997	assets/igloo/Igloo title overlay.psd	211f7af351e4291fff6a7a8fad4acb159c65d453	mission-data/17/assets/igloo/Igloo title overlay.psd	exact
17	master	4ac61997	assets/igloo/Igloo title overlay-Recovered.psd	4daf056605c2417777aec28857a1fe53d51c1a86	mission-data/17/assets/igloo/Igloo title overlay-Recovered.psd	exact
17	master	4ac61997	assets/igloo/Igloo.aep	1d2be2ac9b5252e4239b3e19a908f442bc0219fd	mission-data/17/assets/igloo/Igloo.aep	exact
17	master	4ac61997	assets/igloo/Igloo.prproj	167ce2c1232db6813a3643b865b5f5f32c6e85cd	mission-data/17/assets/igloo/Igloo.prproj	exact
17	master	4ac61997	assets/igloo/Igloo_AME/tmpAEtoAMEProject-Comp 11.aep	b22bce67ab6ca46064d15a90b1c60feb44d7d686	mission-data/17/assets/igloo/Igloo_AME/tmpAEtoAMEProject-Comp 11.aep	exact
17	master	4ac61997	assets/igloo/Igloo_AME/tmpAEtoAMEProject-Comp 12.aep	99992a51dd2afe9839099a1c040c25ef63b0b374	mission-data/17/assets/igloo/Igloo_AME/tmpAEtoAMEProject-Comp 12.aep	exact
17	master	4ac61997	assets/igloo/Igloo-title-overlay.png	a2629d06084de22926a209f67147f370613f3199	mission-data/17/assets/igloo/Igloo-title-overlay.png	exact
17	master	4ac61997	assets/igloo/Igloo-title-overlay-30percent.png	c13457298bb03f03c7a58e4a24a55551f5c07417	mission-data/17/assets/igloo/Igloo-title-overlay-30percent.png	exact
17	master	4ac61997	assets/igloo/Igloo-title-overlay-50percent.png	ec659d522265c9f532ce7b558f4a3b24eeb71956	mission-data/17/assets/igloo/Igloo-title-overlay-50percent.png	exact
17	master	4ac61997	assets/igloo/Igloo-title-overlay-70percent.png	d8a6cb42229d757e0904a8013c82994114de0193	mission-data/17/assets/igloo/Igloo-title-overlay-70percent.png	exact
17	master	4ac61997	assets/igloo/LRO_title_large.png	fd51d5d1d4dbc99f4a4db5bac4581b1d8dcf85ae	mission-data/17/assets/igloo/LRO_title_large.png	exact
17	master	4ac61997	assets/igloo/LRO_title_large_transparent.png	b789cbd8554fe08cd9a6bac7063cab87a6aff29e	mission-data/17/assets/igloo/LRO_title_large_transparent.png	exact
17	master	4ac61997	assets/igloo/nasa+goddard+logo.jpg	51f33fa591dda5fdee2f17d6d0065604ef1532c5	mission-data/17/assets/igloo/nasa+goddard+logo.jpg	exact
17	master	4ac61997	assets/Jura.zip	0418e66fe05c5cabd548dd4d59c644240f3f2426	mission-data/17/assets/Jura.zip	exact
17	master	4ac61997	assets/Jura/Jura-DemiBold.ttf	17ef6f609a1bf7192bdc4929520e08ee6f8d7757	mission-data/17/assets/Jura/Jura-DemiBold.ttf	exact
17	master	4ac61997	assets/Jura/Jura-Light.ttf	e793da9bedafd11c3be498f85074b169e2ba4ef1	mission-data/17/assets/Jura/Jura-Light.ttf	exact
17	master	4ac61997	assets/Jura/Jura-Medium.ttf	acaa33e08288fd98be336b9a2102041ab415bd03	mission-data/17/assets/Jura/Jura-Medium.ttf	exact
17	master	4ac61997	assets/Jura/Jura-Regular.ttf	2c010639a735f650c7da17105839b8e9700511f9	mission-data/17/assets/Jura/Jura-Regular.ttf	exact
17	master	4ac61997	assets/Jura/OFL.txt	49ef4f5ff20262fe5b50a3ad5233ee3cd1702be1	mission-data/17/assets/Jura/OFL.txt	exact
17	master	4ac61997	assets/lanyard.png	4810baded8a1a954a4fa6b27eab640e93d8a7144	mission-data/17/assets/lanyard.png	exact
17	master	4ac61997	assets/Lanyard.psd	29b0a446b1b5f5b438cbf33322868a141fd7da9b	mission-data/17/assets/Lanyard.psd	exact
17	master	4ac61997	assets/Michroma.zip	c475e801d274e88fa3a6a0b1896b563043c94fef	mission-data/17/assets/Michroma.zip	exact
17	master	4ac61997	assets/Michroma/Michroma.ttf	43be6efd0d66ce7a397bc6e80897be498038de9a	mission-data/17/assets/Michroma/Michroma.ttf	exact
17	master	4ac61997	assets/Michroma/OFL.txt	f0250271674d76c2ff0cf7d3017f312e43eb45fe	mission-data/17/assets/Michroma/OFL.txt	exact
17	master	4ac61997	assets/splash.sketch	d2895387b35e614981324966541d034d06140c04	mission-data/17/assets/splash.sketch	exact
17	master	4ac61997	Corrections from others/A17 master TEC and PAO utterance 0245238s.txt	c38d8b8a5ff37229e99eb47edfdbed5036f1640a	mission-data/17/Corrections from others/A17 master TEC and PAO utterance 0245238s.txt	exact
17	master	4ac61997	Corrections from others/A17 master TEC and PAO utterances to 0170522.txt	9596000dcedecf72ab6729c5da812ba1bb30a4f6	mission-data/17/Corrections from others/A17 master TEC and PAO utterances to 0170522.txt	exact
17	master	4ac61997	Corrections from others/A17 master TEC and PAO utterances to 0184611.txt	6db9d0517665d2e4c2902aec01b1b7decd5806f0	mission-data/17/Corrections from others/A17 master TEC and PAO utterances to 0184611.txt	exact
17	master	4ac61997	Corrections from others/A17 master TEC and PAO utterances to 0220116.txt	b88b5223cb4d361c35e976c2f057959faffb93d6	mission-data/17/Corrections from others/A17 master TEC and PAO utterances to 0220116.txt	exact
17	master	4ac61997	Corrections from others/A17 master TEC and PAO utterances to 0364317.csv	046b2625e041ad1cdfd4ddff10a8d1c1ff955811	mission-data/17/Corrections from others/A17 master TEC and PAO utterances to 0364317.csv	exact
17	master	4ac61997	Corrections from others/A17 transcript corrections -002638 to 0001212.xlsx	7e2e47ff0228fe046a4328db60f611c08b8facd2	mission-data/17/Corrections from others/A17 transcript corrections -002638 to 0001212.xlsx	exact
17	master	4ac61997	Corrections from others/A17 transcript corrections 0030142 to 0035959.xlsx	6e3c2a6e30a5e29233bfb5f12b5f8d2fcf1105ee	mission-data/17/Corrections from others/A17 transcript corrections 0030142 to 0035959.xlsx	exact
17	master	4ac61997	Corrections from others/A17 transcript corrections 0040000 to 0050020.xlsx	927e432ff668cec9b085a40febdf8292175233bd	mission-data/17/Corrections from others/A17 transcript corrections 0040000 to 0050020.xlsx	exact
17	infinity-load	af44fe25	_AFJ/_webroot/styles.css	90e31be732846b093c834c47d13de9b0bd8bce81	mission-data/17/legacy-variants/infinity-load/_AFJ/_webroot/styles.css	exact
17	infinity-load	af44fe25	_AFJ/templates/template_afj_footer.html	99a45a9ceb2e7683ffa40332bdc906d93f306bb8	mission-data/17/legacy-variants/infinity-load/_AFJ/templates/template_afj_footer.html	exact
17	infinity-load	af44fe25	_AFJ/templates/template_afj_header.html	c1b7dad1eab78a872bdfd806a90b2eca2763aa11	mission-data/17/legacy-variants/infinity-load/_AFJ/templates/template_afj_header.html	exact
17	infinity-load	af44fe25	_AFJ/templates/template_afj_item_photo.html	048bb2b364df55586fce1011a35f2b51c879205e	mission-data/17/legacy-variants/infinity-load/_AFJ/templates/template_afj_item_photo.html	exact
17	infinity-load	af44fe25	_AFJ/templates/template_afj_item_utterance.html	63ef366a1bbfe4f4157fb0b3b7ae9ea5725571be	mission-data/17/legacy-variants/infinity-load/_AFJ/templates/template_afj_item_utterance.html	exact
17	infinity-load	af44fe25	MISSION_DATA/A17 master support commentary.csv	5dc7d94244c3200db44bfffb6e6172f0fe9d15bc	mission-data/17/legacy-variants/infinity-load/MISSION_DATA/A17 master support commentary.csv	exact
17	infinity-load	af44fe25	MISSION_DATA/A17 master support commentary-old.csv	3e5a6fe486bb0e11f925193dd6e28ae36c8914cd	mission-data/17/legacy-variants/infinity-load/MISSION_DATA/A17 master support commentary-old.csv	exact
17	infinity-load	af44fe25	MISSION_DATA/A17 master TEC and PAO media segment index.txt	660e6ae5af7e133d6f56044288f9d7062e0bab1c	mission-data/17/legacy-variants/infinity-load/MISSION_DATA/A17 master TEC and PAO media segment index.txt	exact
17	infinity-load	af44fe25	MISSION_DATA/A17 master TEC and PAO notes.txt	de4538b998324ba6b99a11d9d6cf7321b9a5d79a	mission-data/17/legacy-variants/infinity-load/MISSION_DATA/A17 master TEC and PAO notes.txt	exact
17	infinity-load	af44fe25	MISSION_DATA/A17 master TEC and PAO unused clippings.txt	591ee31d6be3f20b4c1583fff793e0f713bdbbf7	mission-data/17/legacy-variants/infinity-load/MISSION_DATA/A17 master TEC and PAO unused clippings.txt	exact
17	infinity-load	af44fe25	MISSION_DATA/A17 master TEC and PAO utterances.csv	cfa431d44e9ba024c63ac872d1a04b2b60209cdd	mission-data/17/legacy-variants/infinity-load/MISSION_DATA/A17 master TEC and PAO utterances.csv	exact
17	infinity-load	af44fe25	MISSION_DATA/Mission TOC.csv	b97258cfc625c425a39991afcc342f21db153447	mission-data/17/legacy-variants/infinity-load/MISSION_DATA/Mission TOC.csv	exact
17	infinity-load	af44fe25	MISSION_DATA/photos.csv	53b184568338f6d06097b81188f09b31eb161ca2	mission-data/17/legacy-variants/infinity-load/MISSION_DATA/photos.csv	exact
17	infinity-load	af44fe25	MISSION_DATA/photos.xlsx	8ead6afc5a70a49000d749af4778078e12cb328c	mission-data/17/legacy-variants/infinity-load/MISSION_DATA/photos.xlsx	exact
17	infinity-load	af44fe25	MISSION_DATA/temp_utterances.csv	dcdea5e84e6e4360531cf2a55e552bacb12f97c1	mission-data/17/legacy-variants/infinity-load/MISSION_DATA/temp_utterances.csv	exact
17	infinity-load	af44fe25	Premiere Pro/A17 Timeline Reconstruction.prproj	8d34eb5716312a77a99e18e96eab0edc50994a60	mission-data/17/legacy-variants/infinity-load/Premiere Pro/A17 Timeline Reconstruction.prproj	exact
17	mobile	f3bed213	_AFJ/_webroot/styles.css	90e31be732846b093c834c47d13de9b0bd8bce81	mission-data/17/legacy-variants/mobile/_AFJ/_webroot/styles.css	exact
17	mobile	f3bed213	_AFJ/templates/template_afj_footer.html	99a45a9ceb2e7683ffa40332bdc906d93f306bb8	mission-data/17/legacy-variants/mobile/_AFJ/templates/template_afj_footer.html	exact
17	mobile	f3bed213	_AFJ/templates/template_afj_header.html	c1b7dad1eab78a872bdfd806a90b2eca2763aa11	mission-data/17/legacy-variants/mobile/_AFJ/templates/template_afj_header.html	exact
17	mobile	f3bed213	_AFJ/templates/template_afj_item_photo.html	048bb2b364df55586fce1011a35f2b51c879205e	mission-data/17/legacy-variants/mobile/_AFJ/templates/template_afj_item_photo.html	exact
17	mobile	f3bed213	_AFJ/templates/template_afj_item_utterance.html	63ef366a1bbfe4f4157fb0b3b7ae9ea5725571be	mission-data/17/legacy-variants/mobile/_AFJ/templates/template_afj_item_utterance.html	exact
17	mobile	f3bed213	MISSION_DATA/A17 master support commentary.csv	423ccb98b9149c6731b669ba9d3ca58edfb041a8	mission-data/17/legacy-variants/mobile/MISSION_DATA/A17 master support commentary.csv	exact
17	mobile	f3bed213	MISSION_DATA/A17 master TEC and PAO notes.txt	de4538b998324ba6b99a11d9d6cf7321b9a5d79a	mission-data/17/legacy-variants/mobile/MISSION_DATA/A17 master TEC and PAO notes.txt	exact
17	mobile	f3bed213	MISSION_DATA/A17 master TEC and PAO unused clippings.txt	591ee31d6be3f20b4c1583fff793e0f713bdbbf7	mission-data/17/legacy-variants/mobile/MISSION_DATA/A17 master TEC and PAO unused clippings.txt	exact
17	mobile	f3bed213	MISSION_DATA/A17 master TEC and PAO utterances.csv	451393bcc54c6c42c13d721370b551b8f055d958	mission-data/17/legacy-variants/mobile/MISSION_DATA/A17 master TEC and PAO utterances.csv	exact
17	mobile	f3bed213	MISSION_DATA/ALSJ Commentary.csv	49c080998a967927b25b44174d803f3c7f4229a7	mission-data/17/legacy-variants/mobile/MISSION_DATA/ALSJ Commentary.csv	exact
17	mobile	f3bed213	MISSION_DATA/Mission TOC.csv	d95b68ecaca56630b0aaf21877c56f46b51bcf50	mission-data/17/legacy-variants/mobile/MISSION_DATA/Mission TOC.csv	exact
17	mobile	f3bed213	MISSION_DATA/photos.csv	411953dad28bf3ae5405fbb82c1bf74f6f86a1a7	mission-data/17/legacy-variants/mobile/MISSION_DATA/photos.csv	exact
17	mobile	f3bed213	MISSION_DATA/photos.xlsx	406b038b94fd5028fdde744cfdfe5d0da9a60376	mission-data/17/legacy-variants/mobile/MISSION_DATA/photos.xlsx	exact
17	mobile	f3bed213	Premiere Pro/A17 Timeline Reconstruction.prproj	5a66ef6680803c2018ccf43530323ea891496cf9	mission-data/17/legacy-variants/mobile/Premiere Pro/A17 Timeline Reconstruction.prproj	exact
17	mobileTemp	08e1fcd8	_AFJ/_webroot/styles.css	90e31be732846b093c834c47d13de9b0bd8bce81	mission-data/17/legacy-variants/mobileTemp/_AFJ/_webroot/styles.css	exact
17	mobileTemp	08e1fcd8	_AFJ/templates/template_afj_footer.html	99a45a9ceb2e7683ffa40332bdc906d93f306bb8	mission-data/17/legacy-variants/mobileTemp/_AFJ/templates/template_afj_footer.html	exact
17	mobileTemp	08e1fcd8	_AFJ/templates/template_afj_header.html	c1b7dad1eab78a872bdfd806a90b2eca2763aa11	mission-data/17/legacy-variants/mobileTemp/_AFJ/templates/template_afj_header.html	exact
17	mobileTemp	08e1fcd8	_AFJ/templates/template_afj_item_photo.html	048bb2b364df55586fce1011a35f2b51c879205e	mission-data/17/legacy-variants/mobileTemp/_AFJ/templates/template_afj_item_photo.html	exact
17	mobileTemp	08e1fcd8	_AFJ/templates/template_afj_item_utterance.html	63ef366a1bbfe4f4157fb0b3b7ae9ea5725571be	mission-data/17/legacy-variants/mobileTemp/_AFJ/templates/template_afj_item_utterance.html	exact
17	mobileTemp	08e1fcd8	MISSION_DATA/A17 master support commentary.csv	423ccb98b9149c6731b669ba9d3ca58edfb041a8	mission-data/17/legacy-variants/mobileTemp/MISSION_DATA/A17 master support commentary.csv	exact
17	mobileTemp	08e1fcd8	MISSION_DATA/A17 master TEC and PAO notes.txt	de4538b998324ba6b99a11d9d6cf7321b9a5d79a	mission-data/17/legacy-variants/mobileTemp/MISSION_DATA/A17 master TEC and PAO notes.txt	exact
17	mobileTemp	08e1fcd8	MISSION_DATA/A17 master TEC and PAO unused clippings.txt	591ee31d6be3f20b4c1583fff793e0f713bdbbf7	mission-data/17/legacy-variants/mobileTemp/MISSION_DATA/A17 master TEC and PAO unused clippings.txt	exact
17	mobileTemp	08e1fcd8	MISSION_DATA/A17 master TEC and PAO utterances.csv	451393bcc54c6c42c13d721370b551b8f055d958	mission-data/17/legacy-variants/mobileTemp/MISSION_DATA/A17 master TEC and PAO utterances.csv	exact
17	mobileTemp	08e1fcd8	MISSION_DATA/ALSJ Commentary.csv	49c080998a967927b25b44174d803f3c7f4229a7	mission-data/17/legacy-variants/mobileTemp/MISSION_DATA/ALSJ Commentary.csv	exact
17	mobileTemp	08e1fcd8	MISSION_DATA/Mission TOC.csv	d95b68ecaca56630b0aaf21877c56f46b51bcf50	mission-data/17/legacy-variants/mobileTemp/MISSION_DATA/Mission TOC.csv	exact
17	mobileTemp	08e1fcd8	MISSION_DATA/photos.csv	411953dad28bf3ae5405fbb82c1bf74f6f86a1a7	mission-data/17/legacy-variants/mobileTemp/MISSION_DATA/photos.csv	exact
17	mobileTemp	08e1fcd8	MISSION_DATA/photos.xlsx	406b038b94fd5028fdde744cfdfe5d0da9a60376	mission-data/17/legacy-variants/mobileTemp/MISSION_DATA/photos.xlsx	exact
17	mobileTemp	08e1fcd8	Premiere Pro/A17 Timeline Reconstruction.prproj	5a66ef6680803c2018ccf43530323ea891496cf9	mission-data/17/legacy-variants/mobileTemp/Premiere Pro/A17 Timeline Reconstruction.prproj	exact
17	navcaching	2a37136b	_AFJ/_webroot/styles.css	90e31be732846b093c834c47d13de9b0bd8bce81	mission-data/17/legacy-variants/navcaching/_AFJ/_webroot/styles.css	exact
17	navcaching	2a37136b	_AFJ/templates/template_afj_footer.html	99a45a9ceb2e7683ffa40332bdc906d93f306bb8	mission-data/17/legacy-variants/navcaching/_AFJ/templates/template_afj_footer.html	exact
17	navcaching	2a37136b	_AFJ/templates/template_afj_header.html	c1b7dad1eab78a872bdfd806a90b2eca2763aa11	mission-data/17/legacy-variants/navcaching/_AFJ/templates/template_afj_header.html	exact
17	navcaching	2a37136b	_AFJ/templates/template_afj_item_photo.html	048bb2b364df55586fce1011a35f2b51c879205e	mission-data/17/legacy-variants/navcaching/_AFJ/templates/template_afj_item_photo.html	exact
17	navcaching	2a37136b	_AFJ/templates/template_afj_item_utterance.html	63ef366a1bbfe4f4157fb0b3b7ae9ea5725571be	mission-data/17/legacy-variants/navcaching/_AFJ/templates/template_afj_item_utterance.html	exact
17	navcaching	2a37136b	MISSION_DATA/A17 master support commentary.csv	5dc7d94244c3200db44bfffb6e6172f0fe9d15bc	mission-data/17/legacy-variants/navcaching/MISSION_DATA/A17 master support commentary.csv	exact
17	navcaching	2a37136b	MISSION_DATA/A17 master support commentary-old.csv	3e5a6fe486bb0e11f925193dd6e28ae36c8914cd	mission-data/17/legacy-variants/navcaching/MISSION_DATA/A17 master support commentary-old.csv	exact
17	navcaching	2a37136b	MISSION_DATA/A17 master TEC and PAO media segment index.txt	660e6ae5af7e133d6f56044288f9d7062e0bab1c	mission-data/17/legacy-variants/navcaching/MISSION_DATA/A17 master TEC and PAO media segment index.txt	exact
17	navcaching	2a37136b	MISSION_DATA/A17 master TEC and PAO notes.txt	de4538b998324ba6b99a11d9d6cf7321b9a5d79a	mission-data/17/legacy-variants/navcaching/MISSION_DATA/A17 master TEC and PAO notes.txt	exact
17	navcaching	2a37136b	MISSION_DATA/A17 master TEC and PAO unused clippings.txt	591ee31d6be3f20b4c1583fff793e0f713bdbbf7	mission-data/17/legacy-variants/navcaching/MISSION_DATA/A17 master TEC and PAO unused clippings.txt	exact
17	navcaching	2a37136b	MISSION_DATA/A17 master TEC and PAO utterances.csv	8f61e6b1e645dbe9ba23e9320fc9a7c1640aff5d	mission-data/17/legacy-variants/navcaching/MISSION_DATA/A17 master TEC and PAO utterances.csv	exact
17	navcaching	2a37136b	MISSION_DATA/Mission TOC.csv	7a78e80bf6a767297b67f18bf4c7e09209dea900	mission-data/17/legacy-variants/navcaching/MISSION_DATA/Mission TOC.csv	exact
17	navcaching	2a37136b	MISSION_DATA/photos.csv	fb44e30680d322bbc291cdd3c4c0308ccc4d2a37	mission-data/17/legacy-variants/navcaching/MISSION_DATA/photos.csv	exact
17	navcaching	2a37136b	MISSION_DATA/photos.xlsx	f4cd8ae3080efe4d47163ed00d29d80bfb824976	mission-data/17/legacy-variants/navcaching/MISSION_DATA/photos.xlsx	exact
17	navcaching	2a37136b	MISSION_DATA/temp_utterances.csv	dcdea5e84e6e4360531cf2a55e552bacb12f97c1	mission-data/17/legacy-variants/navcaching/MISSION_DATA/temp_utterances.csv	exact
17	navcaching	2a37136b	Premiere Pro/A17 Timeline Reconstruction.prproj	ffb8e2e6564721cfbabb524966cb51f68cf0e742	mission-data/17/legacy-variants/navcaching/Premiere Pro/A17 Timeline Reconstruction.prproj	exact
17	newplayer	4c64532f	_AFJ/_webroot/styles.css	90e31be732846b093c834c47d13de9b0bd8bce81	mission-data/17/legacy-variants/newplayer/_AFJ/_webroot/styles.css	exact
17	newplayer	4c64532f	_AFJ/templates/template_afj_footer.html	99a45a9ceb2e7683ffa40332bdc906d93f306bb8	mission-data/17/legacy-variants/newplayer/_AFJ/templates/template_afj_footer.html	exact
17	newplayer	4c64532f	_AFJ/templates/template_afj_header.html	c1b7dad1eab78a872bdfd806a90b2eca2763aa11	mission-data/17/legacy-variants/newplayer/_AFJ/templates/template_afj_header.html	exact
17	newplayer	4c64532f	_AFJ/templates/template_afj_item_photo.html	048bb2b364df55586fce1011a35f2b51c879205e	mission-data/17/legacy-variants/newplayer/_AFJ/templates/template_afj_item_photo.html	exact
17	newplayer	4c64532f	_AFJ/templates/template_afj_item_utterance.html	63ef366a1bbfe4f4157fb0b3b7ae9ea5725571be	mission-data/17/legacy-variants/newplayer/_AFJ/templates/template_afj_item_utterance.html	exact
17	newplayer	4c64532f	MISSION_DATA/A17 master support commentary.csv	5dc7d94244c3200db44bfffb6e6172f0fe9d15bc	mission-data/17/legacy-variants/newplayer/MISSION_DATA/A17 master support commentary.csv	exact
17	newplayer	4c64532f	MISSION_DATA/A17 master support commentary-old.csv	3e5a6fe486bb0e11f925193dd6e28ae36c8914cd	mission-data/17/legacy-variants/newplayer/MISSION_DATA/A17 master support commentary-old.csv	exact
17	newplayer	4c64532f	MISSION_DATA/A17 master TEC and PAO media segment index.txt	660e6ae5af7e133d6f56044288f9d7062e0bab1c	mission-data/17/legacy-variants/newplayer/MISSION_DATA/A17 master TEC and PAO media segment index.txt	exact
17	newplayer	4c64532f	MISSION_DATA/A17 master TEC and PAO notes.txt	de4538b998324ba6b99a11d9d6cf7321b9a5d79a	mission-data/17/legacy-variants/newplayer/MISSION_DATA/A17 master TEC and PAO notes.txt	exact
17	newplayer	4c64532f	MISSION_DATA/A17 master TEC and PAO unused clippings.txt	591ee31d6be3f20b4c1583fff793e0f713bdbbf7	mission-data/17/legacy-variants/newplayer/MISSION_DATA/A17 master TEC and PAO unused clippings.txt	exact
17	newplayer	4c64532f	MISSION_DATA/A17 master TEC and PAO utterances.csv	7831690cceee109e2f978654a02e7ba3f7551db5	mission-data/17/legacy-variants/newplayer/MISSION_DATA/A17 master TEC and PAO utterances.csv	exact
17	newplayer	4c64532f	MISSION_DATA/Mission TOC.csv	41bb00d4cacbb9305f059893bfe02cfb051854ad	mission-data/17/legacy-variants/newplayer/MISSION_DATA/Mission TOC.csv	exact
17	newplayer	4c64532f	MISSION_DATA/photos.csv	16ec4fe97173131984efa94c4cf00bd6198745ee	mission-data/17/legacy-variants/newplayer/MISSION_DATA/photos.csv	exact
17	newplayer	4c64532f	MISSION_DATA/photos.xlsx	ad99d6d6bedb9355c12f2c23ae2f4248d282e6e4	mission-data/17/legacy-variants/newplayer/MISSION_DATA/photos.xlsx	exact
17	newplayer	4c64532f	MISSION_DATA/photos2.csv	644f1791197b60dea40d1033de36e67413d55923	mission-data/17/legacy-variants/newplayer/MISSION_DATA/photos2.csv	exact
17	newplayer	4c64532f	MISSION_DATA/temp_utterances.csv	dcdea5e84e6e4360531cf2a55e552bacb12f97c1	mission-data/17/legacy-variants/newplayer/MISSION_DATA/temp_utterances.csv	exact
17	newplayer	4c64532f	Premiere Pro/A17 Timeline Reconstruction.prproj	966fe0294503784f69c9b7c22fb7374e6ec4a92e	mission-data/17/legacy-variants/newplayer/Premiere Pro/A17 Timeline Reconstruction.prproj	exact
17	ted_styling	3a31ced9	_AFJ/_webroot/styles.css	90e31be732846b093c834c47d13de9b0bd8bce81	mission-data/17/legacy-variants/ted_styling/_AFJ/_webroot/styles.css	exact
17	ted_styling	3a31ced9	_AFJ/templates/template_afj_footer.html	99a45a9ceb2e7683ffa40332bdc906d93f306bb8	mission-data/17/legacy-variants/ted_styling/_AFJ/templates/template_afj_footer.html	exact
17	ted_styling	3a31ced9	_AFJ/templates/template_afj_header.html	c1b7dad1eab78a872bdfd806a90b2eca2763aa11	mission-data/17/legacy-variants/ted_styling/_AFJ/templates/template_afj_header.html	exact
17	ted_styling	3a31ced9	_AFJ/templates/template_afj_item_photo.html	048bb2b364df55586fce1011a35f2b51c879205e	mission-data/17/legacy-variants/ted_styling/_AFJ/templates/template_afj_item_photo.html	exact
17	ted_styling	3a31ced9	_AFJ/templates/template_afj_item_utterance.html	63ef366a1bbfe4f4157fb0b3b7ae9ea5725571be	mission-data/17/legacy-variants/ted_styling/_AFJ/templates/template_afj_item_utterance.html	exact
17	ted_styling	3a31ced9	MISSION_DATA/A17 master support commentary.csv	a801e7d04d6aab814346807299d89862b241933d	mission-data/17/legacy-variants/ted_styling/MISSION_DATA/A17 master support commentary.csv	exact
17	ted_styling	3a31ced9	MISSION_DATA/A17 master TEC and PAO notes.txt	de4538b998324ba6b99a11d9d6cf7321b9a5d79a	mission-data/17/legacy-variants/ted_styling/MISSION_DATA/A17 master TEC and PAO notes.txt	exact
17	ted_styling	3a31ced9	MISSION_DATA/A17 master TEC and PAO unused clippings.txt	591ee31d6be3f20b4c1583fff793e0f713bdbbf7	mission-data/17/legacy-variants/ted_styling/MISSION_DATA/A17 master TEC and PAO unused clippings.txt	exact
17	ted_styling	3a31ced9	MISSION_DATA/A17 master TEC and PAO utterances.csv	914273884d5f950f7780a97dd386d64ccabd3f1e	mission-data/17/legacy-variants/ted_styling/MISSION_DATA/A17 master TEC and PAO utterances.csv	exact
17	ted_styling	3a31ced9	MISSION_DATA/ALSJ Commentary.csv	49c080998a967927b25b44174d803f3c7f4229a7	mission-data/17/legacy-variants/ted_styling/MISSION_DATA/ALSJ Commentary.csv	exact
17	ted_styling	3a31ced9	MISSION_DATA/Mission TOC.csv	c70d7795c681a5fac1a2537e1f7ca549bf3e6cb9	mission-data/17/legacy-variants/ted_styling/MISSION_DATA/Mission TOC.csv	exact
17	ted_styling	3a31ced9	MISSION_DATA/photos.csv	1de2b5320819d2f3dc1f3bb156ee2b350d4583da	mission-data/17/legacy-variants/ted_styling/MISSION_DATA/photos.csv	exact
17	ted_styling	3a31ced9	MISSION_DATA/photos.xlsx	f4f646e179909a084a70677ee88c9eb2db69c34c	mission-data/17/legacy-variants/ted_styling/MISSION_DATA/photos.xlsx	exact
17	ted_styling	3a31ced9	Premiere Pro/A17 Timeline Reconstruction.prproj	756df6a50b1ac194b337b26497a0a3cd58251735	mission-data/17/legacy-variants/ted_styling/Premiere Pro/A17 Timeline Reconstruction.prproj	exact
17	master	4ac61997	MISSION_DATA/A17 master TEC and PAO notes.txt	033d901ca4e7b0d43c22c74b0a559cf4072e103a	mission-data/17/MISSION_DATA/A17 master TEC and PAO notes.txt	exact
17	master	4ac61997	MISSION_DATA/A17 master TEC and PAO unused clippings.txt	b634666db4ad8202048a2678f8a3f4e73a403f8f	mission-data/17/MISSION_DATA/A17 master TEC and PAO unused clippings.txt	exact
17	master	4ac61997	MISSION_DATA/A17 master TEC and PAO utterances.csv	08c8ed4aafc6d9b700e6fdfeb9a4a810264a17b1	mission-data/17/MISSION_DATA/A17 master TEC and PAO utterances.csv	exact
17	master	4ac61997	MISSION_DATA/A17 technical crew debriefing.csv	271749195e110cf2228942c210a0fe2c0d5478e7	mission-data/17/MISSION_DATA/A17 technical crew debriefing.csv	exact
17	master	4ac61997	MISSION_DATA/Archive/A17 master TEC and PAO manual merge before clock shift.csv	54901a1fcda33bf14b715aa6db0b816666d78087	mission-data/17/MISSION_DATA/Archive/A17 master TEC and PAO manual merge before clock shift.csv	exact
17	master	4ac61997	MISSION_DATA/Archive/A17 master TEC and PAO media segment index.txt	660e6ae5af7e133d6f56044288f9d7062e0bab1c	mission-data/17/MISSION_DATA/Archive/A17 master TEC and PAO media segment index.txt	exact
17	master	4ac61997	MISSION_DATA/Archive/A17_PAO_cleaned.csv	4474476a12fa51d2786761be1babde4f02b928bc	mission-data/17/MISSION_DATA/Archive/A17_PAO_cleaned.csv	exact
17	master	4ac61997	MISSION_DATA/Archive/A17_PAO_cleaned_pao_only.csv	0f574d4b57e14c77efb7b8b8f15c305b4b2a03df	mission-data/17/MISSION_DATA/Archive/A17_PAO_cleaned_pao_only.csv	exact
17	master	4ac61997	MISSION_DATA/Archive/A17_papers.xlsx	b5cb01ccdc9ab5c2504ee17e3642a35a599af6a2	mission-data/17/MISSION_DATA/Archive/A17_papers.xlsx	exact
17	master	4ac61997	MISSION_DATA/Archive/A17_photo_index.xlsx	461c19c2551a2c58e1890d037e3a50ede346cc97	mission-data/17/MISSION_DATA/Archive/A17_photo_index.xlsx	exact
17	master	4ac61997	MISSION_DATA/Archive/A17_TEC_cleaned.csv	1f2f8ba5494a2601b39331c87350aef54e30143c	mission-data/17/MISSION_DATA/Archive/A17_TEC_cleaned.csv	exact
17	master	4ac61997	MISSION_DATA/Archive/A17_TEC_cleaned_phase2.csv	6f13e122d90beb64094e15731a99d66347ae7293	mission-data/17/MISSION_DATA/Archive/A17_TEC_cleaned_phase2.csv	exact
17	master	4ac61997	MISSION_DATA/Archive/apollo_heart_rate_data/A17_HR.csv	7e95845d261032bde191a75b1350bc1f708c70e1	mission-data/17/MISSION_DATA/Archive/apollo_heart_rate_data/A17_HR.csv	exact
17	master	4ac61997	MISSION_DATA/Archive/apollo_heart_rate_data/ASCENT_CDR.csv	aae994e65a1d3f86e58518c08347b2200b646cbf	mission-data/17/MISSION_DATA/Archive/apollo_heart_rate_data/ASCENT_CDR.csv	exact
17	master	4ac61997	MISSION_DATA/Archive/apollo_heart_rate_data/ASCENT_CDR.ggp	c5348eac8823eed6d5cc1541d2f65203483ac2ef	mission-data/17/MISSION_DATA/Archive/apollo_heart_rate_data/ASCENT_CDR.ggp	exact
17	master	4ac61997	MISSION_DATA/Archive/apollo_heart_rate_data/ASCENT_CDR.png	38f3c982bbc77c1ebf0b29f2264c2d078f45d9bb	mission-data/17/MISSION_DATA/Archive/apollo_heart_rate_data/ASCENT_CDR.png	exact
17	master	4ac61997	MISSION_DATA/Archive/apollo_heart_rate_data/DESCENT_CDR.csv	8cf74684532d5cf3b4d1c3049c7ef1ea07b410d6	mission-data/17/MISSION_DATA/Archive/apollo_heart_rate_data/DESCENT_CDR.csv	exact
17	master	4ac61997	MISSION_DATA/Archive/apollo_heart_rate_data/DESCENT_CDR.ggp	424fd972910eaf620ee3322faf60be6becec2c84	mission-data/17/MISSION_DATA/Archive/apollo_heart_rate_data/DESCENT_CDR.ggp	exact
17	master	4ac61997	MISSION_DATA/Archive/apollo_heart_rate_data/DESCENT_CDR.png	1da5bb0f600fa620f86a4c900800b7a42654c3ba	mission-data/17/MISSION_DATA/Archive/apollo_heart_rate_data/DESCENT_CDR.png	exact
17	master	4ac61997	MISSION_DATA/Archive/apollo_heart_rate_data/EVA1_CDR	e65f1dfcfbde3fb693c9a8d39e2cb3b756783258	mission-data/17/MISSION_DATA/Archive/apollo_heart_rate_data/EVA1_CDR	exact
17	master	4ac61997	MISSION_DATA/Archive/apollo_heart_rate_data/EVA1_CDR.csv	4c286ff599c495b6fa0c4ab7cbb0435b8ed22c03	mission-data/17/MISSION_DATA/Archive/apollo_heart_rate_data/EVA1_CDR.csv	exact
17	master	4ac61997	MISSION_DATA/Archive/apollo_heart_rate_data/EVA1_CDR.png	dbb84c6d893cb3b8ffd7faf8a0a05fae6a0b3356	mission-data/17/MISSION_DATA/Archive/apollo_heart_rate_data/EVA1_CDR.png	exact
17	master	4ac61997	MISSION_DATA/Archive/apollo_heart_rate_data/EVA1_CDR_met.csv	a2d6a4d52feb6e194987847e31c9f8fc1eac0d86	mission-data/17/MISSION_DATA/Archive/apollo_heart_rate_data/EVA1_CDR_met.csv	exact
17	master	4ac61997	MISSION_DATA/Archive/apollo_heart_rate_data/EVA1_CDR_met.ggp	5e1da4b0daf77c796e6be5974e09b9885309af4f	mission-data/17/MISSION_DATA/Archive/apollo_heart_rate_data/EVA1_CDR_met.ggp	exact
17	master	4ac61997	MISSION_DATA/Archive/apollo_heart_rate_data/EVA1_LMP.csv	073d8c44736f01df4ba607476e42782ea56d9b28	mission-data/17/MISSION_DATA/Archive/apollo_heart_rate_data/EVA1_LMP.csv	exact
17	master	4ac61997	MISSION_DATA/Archive/apollo_heart_rate_data/EVA1_LMP.ggp	bcd73b420976761ef3ee982bbe93aa23a24eb4ea	mission-data/17/MISSION_DATA/Archive/apollo_heart_rate_data/EVA1_LMP.ggp	exact
17	master	4ac61997	MISSION_DATA/Archive/apollo_heart_rate_data/EVA1_LMP.png	765e186a0acd4a73a000c0de769e3e19834ed565	mission-data/17/MISSION_DATA/Archive/apollo_heart_rate_data/EVA1_LMP.png	exact
17	master	4ac61997	MISSION_DATA/Archive/apollo_heart_rate_data/EVA1_LMP_met.csv	b0f15b825d6c9ad6e80db25d9029eb63f8da5a35	mission-data/17/MISSION_DATA/Archive/apollo_heart_rate_data/EVA1_LMP_met.csv	exact
17	master	4ac61997	MISSION_DATA/Archive/apollo_heart_rate_data/EVA1_LMP_met.ggp	6526d34217bb28f0599a0a92f68e5a69035ec135	mission-data/17/MISSION_DATA/Archive/apollo_heart_rate_data/EVA1_LMP_met.ggp	exact
17	master	4ac61997	MISSION_DATA/Archive/apollo_heart_rate_data/EVA2_CDR.csv	0601cb7190613b829400bd323eb5180c6ea384e5	mission-data/17/MISSION_DATA/Archive/apollo_heart_rate_data/EVA2_CDR.csv	exact
17	master	4ac61997	MISSION_DATA/Archive/apollo_heart_rate_data/EVA2_CDR.ggp	7b2450cabcc64d4e09abbdf944ec33572b85d08e	mission-data/17/MISSION_DATA/Archive/apollo_heart_rate_data/EVA2_CDR.ggp	exact
17	master	4ac61997	MISSION_DATA/Archive/apollo_heart_rate_data/EVA2_CDR.png	1a305002c7adf2eabdc6ce3047f1ecf31e130e1e	mission-data/17/MISSION_DATA/Archive/apollo_heart_rate_data/EVA2_CDR.png	exact
17	master	4ac61997	MISSION_DATA/Archive/apollo_heart_rate_data/EVA2_CDR_met.csv	6e0ffd12f124ef44baf0bd5c0ebda6c52cd49ff2	mission-data/17/MISSION_DATA/Archive/apollo_heart_rate_data/EVA2_CDR_met.csv	exact
17	master	4ac61997	MISSION_DATA/Archive/apollo_heart_rate_data/EVA2_CDR_met.ggp	546a94c4e310c157c6caf5c7e79b91043454ffd9	mission-data/17/MISSION_DATA/Archive/apollo_heart_rate_data/EVA2_CDR_met.ggp	exact
17	master	4ac61997	MISSION_DATA/Archive/apollo_heart_rate_data/EVA2_LMP.csv	d20121dcdbb644b24393670a5330381bfeba3a22	mission-data/17/MISSION_DATA/Archive/apollo_heart_rate_data/EVA2_LMP.csv	exact
17	master	4ac61997	MISSION_DATA/Archive/apollo_heart_rate_data/EVA2_LMP.ggp	67cc0e68b18bc51295e08cb7cd32607722bd822d	mission-data/17/MISSION_DATA/Archive/apollo_heart_rate_data/EVA2_LMP.ggp	exact
17	master	4ac61997	MISSION_DATA/Archive/apollo_heart_rate_data/EVA2_LMP.png	6fe00bef1d611cfa669d840b035df23bbe6b727f	mission-data/17/MISSION_DATA/Archive/apollo_heart_rate_data/EVA2_LMP.png	exact
17	master	4ac61997	MISSION_DATA/Archive/apollo_heart_rate_data/EVA2_LMP_met.csv	62a909bf8225f55f1f94ca3f1c60ced8c2bc1d64	mission-data/17/MISSION_DATA/Archive/apollo_heart_rate_data/EVA2_LMP_met.csv	exact
17	master	4ac61997	MISSION_DATA/Archive/apollo_heart_rate_data/EVA2_LMP_met.ggp	7d0c0001e41c82b90330d5b5fa2110a20bd1f675	mission-data/17/MISSION_DATA/Archive/apollo_heart_rate_data/EVA2_LMP_met.ggp	exact
17	master	4ac61997	MISSION_DATA/Archive/apollo_heart_rate_data/EVA3_CDR.csv	65a9c6be292442d738959bb9bd1f7301463872c8	mission-data/17/MISSION_DATA/Archive/apollo_heart_rate_data/EVA3_CDR.csv	exact
17	master	4ac61997	MISSION_DATA/Archive/apollo_heart_rate_data/EVA3_CDR.ggp	6c33c636d329d14193a96f2c89ee1890eb9216a8	mission-data/17/MISSION_DATA/Archive/apollo_heart_rate_data/EVA3_CDR.ggp	exact
17	master	4ac61997	MISSION_DATA/Archive/apollo_heart_rate_data/EVA3_CDR.png	d00bf8b0820b7460b66c46c43787917e3ee98689	mission-data/17/MISSION_DATA/Archive/apollo_heart_rate_data/EVA3_CDR.png	exact
17	master	4ac61997	MISSION_DATA/Archive/apollo_heart_rate_data/EVA3_CDR_met.csv	c8e654ee5d9ba8d5be9f80198913aafc40d744af	mission-data/17/MISSION_DATA/Archive/apollo_heart_rate_data/EVA3_CDR_met.csv	exact
17	master	4ac61997	MISSION_DATA/Archive/apollo_heart_rate_data/EVA3_CDR_met.ggp	0e3467b6580feed12985925e1d1a765f0dea818c	mission-data/17/MISSION_DATA/Archive/apollo_heart_rate_data/EVA3_CDR_met.ggp	exact
17	master	4ac61997	MISSION_DATA/Archive/apollo_heart_rate_data/EVA3_LMP.csv	9708c530171d4a984e8cc81fe84d0115306d5bb6	mission-data/17/MISSION_DATA/Archive/apollo_heart_rate_data/EVA3_LMP.csv	exact
17	master	4ac61997	MISSION_DATA/Archive/apollo_heart_rate_data/EVA3_LMP.ggp	c35900de8800258d7431d061a83aa87a26891f22	mission-data/17/MISSION_DATA/Archive/apollo_heart_rate_data/EVA3_LMP.ggp	exact
17	master	4ac61997	MISSION_DATA/Archive/apollo_heart_rate_data/EVA3_LMP.png	f173a9135b017b4a4073e1b593248c3baad2d661	mission-data/17/MISSION_DATA/Archive/apollo_heart_rate_data/EVA3_LMP.png	exact
17	master	4ac61997	MISSION_DATA/Archive/apollo_heart_rate_data/EVA3_LMP_met.csv	c0c1df5035ccccd217d0bc502c2b58197da63a38	mission-data/17/MISSION_DATA/Archive/apollo_heart_rate_data/EVA3_LMP_met.csv	exact
17	master	4ac61997	MISSION_DATA/Archive/apollo_heart_rate_data/EVA3_LMP_met.ggp	adaa400ca0b046c594da09284a4b29c34a335f1f	mission-data/17/MISSION_DATA/Archive/apollo_heart_rate_data/EVA3_LMP_met.ggp	exact
17	master	4ac61997	MISSION_DATA/Archive/commentaryALSJ-unedited.csv	95a61a688025af40226be6db3f7fc3bcf0d7f0c5	mission-data/17/MISSION_DATA/Archive/commentaryALSJ-unedited.csv	exact
17	master	4ac61997	MISSION_DATA/Archive/jokes.txt	a9a733f07d71323c9e0035311e14542480846df0	mission-data/17/MISSION_DATA/Archive/jokes.txt	exact
17	master	4ac61997	MISSION_DATA/Archive/orbits.xlsx	b3164e56bf479cef925268037395674667e5e0a4	mission-data/17/MISSION_DATA/Archive/orbits.xlsx	exact
17	master	4ac61997	MISSION_DATA/Archive/photo_index_website.csv	25503644f7fba806d3f961ec3f4d182d11b0a8ed	mission-data/17/MISSION_DATA/Archive/photo_index_website.csv	exact
17	master	4ac61997	MISSION_DATA/Archive/photos.db	3b1412dea0875bc2aec0b9933d878d2914d4c28b	mission-data/17/MISSION_DATA/Archive/photos.db	exact
17	master	4ac61997	MISSION_DATA/Archive/photos.sqlite3	fbb67ab53cc3f73c509640b9a30a8fff2c426946	mission-data/17/MISSION_DATA/Archive/photos.sqlite3	exact
17	master	4ac61997	MISSION_DATA/Archive/photos_merged.db	000205a68f77ea2b878e0efcff045b4105020e6b	mission-data/17/MISSION_DATA/Archive/photos_merged.db	exact
17	master	4ac61997	MISSION_DATA/Archive/telemetry.xlsx	a14138b53a9866bcbbb157dba90417f4ac0e4924	mission-data/17/MISSION_DATA/Archive/telemetry.xlsx	exact
17	master	4ac61997	MISSION_DATA/Archive/temp_utterances.csv	dcdea5e84e6e4360531cf2a55e552bacb12f97c1	mission-data/17/MISSION_DATA/Archive/temp_utterances.csv	exact
17	master	4ac61997	MISSION_DATA/commentaryAFJ.csv	73e7950e99320445a8717aea69d97bc141be067a	mission-data/17/MISSION_DATA/commentaryAFJ.csv	exact
17	master	4ac61997	MISSION_DATA/commentaryALSJ.csv	f73cea6331efe255a92ddff243c13c720fd0f372	mission-data/17/MISSION_DATA/commentaryALSJ.csv	exact
17	master	4ac61997	MISSION_DATA/commentaryALSJSummaryItems.csv	3b87fd347c891bdf1ef4f5226cad09258da7b2af	mission-data/17/MISSION_DATA/commentaryALSJSummaryItems.csv	exact
17	master	4ac61997	MISSION_DATA/commentaryOtherSources.csv	c50f4f4e635be81c10d4102d20981e513056b510	mission-data/17/MISSION_DATA/commentaryOtherSources.csv	exact
17	master	4ac61997	MISSION_DATA/Mission Bookmarks.csv	d6feccab5298442a2c26579ca59a012989aaeb95	mission-data/17/MISSION_DATA/Mission Bookmarks.csv	exact
17	master	4ac61997	MISSION_DATA/Mission TOC.csv	669a6b9a43bcab3c30d3d85c878df3a3ffdf4493	mission-data/17/MISSION_DATA/Mission TOC.csv	exact
17	master	4ac61997	MISSION_DATA/photos.csv	f7edc76a91c8e05ec5e7a7579b3ec3ae8634ce1b	mission-data/17/MISSION_DATA/photos.csv	exact
17	master	4ac61997	MISSION_DATA/photos.xlsx	ae4c57deb6c9e3f708c752cd033647b128b37789	mission-data/17/MISSION_DATA/photos.xlsx	exact
17	master	4ac61997	Premiere Pro/A17 sync sound.prproj	9ff1e2b90fc09418e96aa40fda3497144ee8b3c3	mission-data/17/Premiere Pro/A17 sync sound.prproj	exact
17	master	4ac61997	Premiere Pro/A17 sync sound_1.prproj	0883991ad6d85dd89167595fb77ea1706d76ab6f	mission-data/17/Premiere Pro/A17 sync sound_1.prproj	exact
17	master	4ac61997	Premiere Pro/A17 sync sound_1_1.prproj	5151b15983391d0abde7638ce7c7160e96778977	mission-data/17/Premiere Pro/A17 sync sound_1_1.prproj	exact
17	master	4ac61997	Premiere Pro/A17 sync sound_1_2.prproj	b558b000a340bcc7dceebc8f04ec85e5352c8fe6	mission-data/17/Premiere Pro/A17 sync sound_1_2.prproj	exact
17	master	4ac61997	Premiere Pro/A17 Timeline Reconstruction (backup).zip	af675323baefb70447f87b2ce668e49e7d67bbba	mission-data/17/Premiere Pro/A17 Timeline Reconstruction (backup).zip	exact
17	master	4ac61997	Premiere Pro/A17 Timeline Reconstruction.prproj	74ebc46cfed2f0a9c3753f970b40788709077bf7	mission-data/17/Premiere Pro/A17 Timeline Reconstruction.prproj	exact
17	master	4ac61997	Premiere Pro/A17 Timeline Reconstruction_1.prproj	40930cca51c635e7234da81b41c579a69f164d14	mission-data/17/Premiere Pro/A17 Timeline Reconstruction_1.prproj	exact
17	master	4ac61997	Premiere Pro/A17 Timeline Reconstruction_1_1.prproj	80739724044b47ac4ed487ab2fb9705eea77fa46	mission-data/17/Premiere Pro/A17 Timeline Reconstruction_1_1.prproj	exact
17	master	4ac61997	Premiere Pro/A17 Timeline Reconstruction_1_1_1.prproj	dbe27d4fdee14c8a3c1bac66a404b99ce751582f	mission-data/17/Premiere Pro/A17 Timeline Reconstruction_1_1_1.prproj	exact
17	master	4ac61997	Premiere Pro/A17 Timeline Reconstruction_1_1_2.prproj	110413f7918cdf223313a5524d8b6e41c9f659f5	mission-data/17/Premiere Pro/A17 Timeline Reconstruction_1_1_2.prproj	exact
17	master	4ac61997	Premiere Pro/A17 Timeline Reconstruction_1_1_2_1.prin	881ee5bb672ba493ad089f6bd3d77781936ec36c	mission-data/17/Premiere Pro/A17 Timeline Reconstruction_1_1_2_1.prin	exact
17	master	4ac61997	Premiere Pro/A17 Timeline Reconstruction_1_1_2_1.prproj	97906cc813bece0a3bb81699aa6d6bc5df6bff2e	mission-data/17/Premiere Pro/A17 Timeline Reconstruction_1_1_2_1.prproj	exact
17	master	4ac61997	Premiere Pro/A17 Timeline Reconstruction_1_1_2_1_1.prproj	074a8d69f3dd49067d7f73b2d86c869d1f49d96c	mission-data/17/Premiere Pro/A17 Timeline Reconstruction_1_1_2_1_1.prproj	exact
17	master	4ac61997	Premiere Pro/FR-9558.prproj	b824b3877a02ecfd31c14fd460e6318ae06d4b13	mission-data/17/Premiere Pro/FR-9558.prproj	exact
17	master	4ac61997	Premiere Pro/FR-9558_1.prproj	e4915df7740525ef0c2fd6d4d4fdd2b947583586	mission-data/17/Premiere Pro/FR-9558_1.prproj	exact
17	master	4ac61997	Premiere Pro/FR-9558_1_1.prproj	9707ade025adfc2742344650837539f769a1c3f9	mission-data/17/Premiere Pro/FR-9558_1_1.prproj	exact
17	master	4ac61997	Processing_Scripts/papers/ads_papers/70001.csv	db7af0067fc735c627c22709496dc969e57fc8f6	mission-data/17/Processing_Scripts/papers/ads_papers/70001.csv	exact
17	master	4ac61997	Processing_Scripts/papers/ads_papers/70002.csv	cf4131f619b19cd1281c420f9048d244cf6dce90	mission-data/17/Processing_Scripts/papers/ads_papers/70002.csv	exact
17	master	4ac61997	Processing_Scripts/papers/ads_papers/70011.csv	1b7a373a0e28e1dfbba21aef73c581deabbfd442	mission-data/17/Processing_Scripts/papers/ads_papers/70011.csv	exact
17	master	4ac61997	Processing_Scripts/papers/ads_papers/70012.csv	e69de29bb2d1d6434b8b29ae775ad8c2e48c5391	mission-data/17/Processing_Scripts/papers/ads_papers/70012.csv	exact
17	master	4ac61997	Processing_Scripts/papers/ads_papers/70017.csv	291c2f3c46ce8b15c7344f9fd926aeb22b9b01b0	mission-data/17/Processing_Scripts/papers/ads_papers/70017.csv	exact
17	master	4ac61997	Processing_Scripts/papers/ads_papers/70018.csv	e69de29bb2d1d6434b8b29ae775ad8c2e48c5391	mission-data/17/Processing_Scripts/papers/ads_papers/70018.csv	exact
17	master	4ac61997	Processing_Scripts/papers/ads_papers/70019.csv	90b73992890b704c1befcbcaf39eb6a28aba982d	mission-data/17/Processing_Scripts/papers/ads_papers/70019.csv	exact
17	master	4ac61997	Processing_Scripts/papers/ads_papers/70030.csv	e69de29bb2d1d6434b8b29ae775ad8c2e48c5391	mission-data/17/Processing_Scripts/papers/ads_papers/70030.csv	exact
17	master	4ac61997	Processing_Scripts/papers/ads_papers/70035.csv	84f56ee5f03439324b5830ff74d836aeed854774	mission-data/17/Processing_Scripts/papers/ads_papers/70035.csv	exact
17	master	4ac61997	Processing_Scripts/papers/ads_papers/70050.csv	33f24d5be010de489814b76d25fe6b777a56eed5	mission-data/17/Processing_Scripts/papers/ads_papers/70050.csv	exact
17	master	4ac61997	Processing_Scripts/papers/ads_papers/70051.csv	059e2a5c036d6da56aa33762212bc82740d909a8	mission-data/17/Processing_Scripts/papers/ads_papers/70051.csv	exact
17	master	4ac61997	Processing_Scripts/papers/ads_papers/70052.csv	e69de29bb2d1d6434b8b29ae775ad8c2e48c5391	mission-data/17/Processing_Scripts/papers/ads_papers/70052.csv	exact
17	master	4ac61997	Processing_Scripts/papers/ads_papers/70053.csv	e69de29bb2d1d6434b8b29ae775ad8c2e48c5391	mission-data/17/Processing_Scripts/papers/ads_papers/70053.csv	exact
17	master	4ac61997	Processing_Scripts/papers/ads_papers/70054.csv	e69de29bb2d1d6434b8b29ae775ad8c2e48c5391	mission-data/17/Processing_Scripts/papers/ads_papers/70054.csv	exact
17	master	4ac61997	Processing_Scripts/papers/ads_papers/70060.csv	e69de29bb2d1d6434b8b29ae775ad8c2e48c5391	mission-data/17/Processing_Scripts/papers/ads_papers/70060.csv	exact
17	master	4ac61997	Processing_Scripts/papers/ads_papers/70061.csv	e69de29bb2d1d6434b8b29ae775ad8c2e48c5391	mission-data/17/Processing_Scripts/papers/ads_papers/70061.csv	exact
17	master	4ac61997	Processing_Scripts/papers/ads_papers/70062.csv	e69de29bb2d1d6434b8b29ae775ad8c2e48c5391	mission-data/17/Processing_Scripts/papers/ads_papers/70062.csv	exact
17	master	4ac61997	Processing_Scripts/papers/ads_papers/70063.csv	e69de29bb2d1d6434b8b29ae775ad8c2e48c5391	mission-data/17/Processing_Scripts/papers/ads_papers/70063.csv	exact
17	master	4ac61997	Processing_Scripts/papers/ads_papers/70064.csv	e69de29bb2d1d6434b8b29ae775ad8c2e48c5391	mission-data/17/Processing_Scripts/papers/ads_papers/70064.csv	exact
17	master	4ac61997	Processing_Scripts/papers/ads_papers/70070.csv	e69de29bb2d1d6434b8b29ae775ad8c2e48c5391	mission-data/17/Processing_Scripts/papers/ads_papers/70070.csv	exact
17	master	4ac61997	Processing_Scripts/papers/ads_papers/70075.csv	e69de29bb2d1d6434b8b29ae775ad8c2e48c5391	mission-data/17/Processing_Scripts/papers/ads_papers/70075.csv	exact
17	master	4ac61997	Processing_Scripts/papers/ads_papers/70130.csv	e69de29bb2d1d6434b8b29ae775ad8c2e48c5391	mission-data/17/Processing_Scripts/papers/ads_papers/70130.csv	exact
17	master	4ac61997	Processing_Scripts/papers/ads_papers/70135.csv	4a7fc85543550e55c1884389ae2511b4e1d19d16	mission-data/17/Processing_Scripts/papers/ads_papers/70135.csv	exact
17	master	4ac61997	Processing_Scripts/papers/ads_papers/70136.csv	e69de29bb2d1d6434b8b29ae775ad8c2e48c5391	mission-data/17/Processing_Scripts/papers/ads_papers/70136.csv	exact
17	master	4ac61997	Processing_Scripts/papers/ads_papers/70137.csv	e69de29bb2d1d6434b8b29ae775ad8c2e48c5391	mission-data/17/Processing_Scripts/papers/ads_papers/70137.csv	exact
17	master	4ac61997	Processing_Scripts/papers/ads_papers/70138.csv	e69de29bb2d1d6434b8b29ae775ad8c2e48c5391	mission-data/17/Processing_Scripts/papers/ads_papers/70138.csv	exact
17	master	4ac61997	Processing_Scripts/papers/ads_papers/70139.csv	4371ede8831bb94b12bfe67f2243b8d7ac46515c	mission-data/17/Processing_Scripts/papers/ads_papers/70139.csv	exact
17	master	4ac61997	Processing_Scripts/papers/ads_papers/70145.csv	e69de29bb2d1d6434b8b29ae775ad8c2e48c5391	mission-data/17/Processing_Scripts/papers/ads_papers/70145.csv	exact
17	master	4ac61997	Processing_Scripts/papers/ads_papers/70146.csv	e69de29bb2d1d6434b8b29ae775ad8c2e48c5391	mission-data/17/Processing_Scripts/papers/ads_papers/70146.csv	exact
17	master	4ac61997	Processing_Scripts/papers/ads_papers/70147.csv	e69de29bb2d1d6434b8b29ae775ad8c2e48c5391	mission-data/17/Processing_Scripts/papers/ads_papers/70147.csv	exact
17	master	4ac61997	Processing_Scripts/papers/ads_papers/70148.csv	e69de29bb2d1d6434b8b29ae775ad8c2e48c5391	mission-data/17/Processing_Scripts/papers/ads_papers/70148.csv	exact
17	master	4ac61997	Processing_Scripts/papers/ads_papers/70149.csv	e69de29bb2d1d6434b8b29ae775ad8c2e48c5391	mission-data/17/Processing_Scripts/papers/ads_papers/70149.csv	exact
17	master	4ac61997	Processing_Scripts/papers/ads_papers/70155.csv	e69de29bb2d1d6434b8b29ae775ad8c2e48c5391	mission-data/17/Processing_Scripts/papers/ads_papers/70155.csv	exact
17	master	4ac61997	Processing_Scripts/papers/ads_papers/70156.csv	e69de29bb2d1d6434b8b29ae775ad8c2e48c5391	mission-data/17/Processing_Scripts/papers/ads_papers/70156.csv	exact
17	master	4ac61997	Processing_Scripts/papers/ads_papers/70157.csv	e69de29bb2d1d6434b8b29ae775ad8c2e48c5391	mission-data/17/Processing_Scripts/papers/ads_papers/70157.csv	exact
17	master	4ac61997	Processing_Scripts/papers/ads_papers/70160.csv	491a14dc54a4399f538ef12df60e3de36807a0a2	mission-data/17/Processing_Scripts/papers/ads_papers/70160.csv	exact
17	master	4ac61997	Processing_Scripts/papers/ads_papers/70161.csv	e69de29bb2d1d6434b8b29ae775ad8c2e48c5391	mission-data/17/Processing_Scripts/papers/ads_papers/70161.csv	exact
17	master	4ac61997	Processing_Scripts/papers/ads_papers/70162.csv	e69de29bb2d1d6434b8b29ae775ad8c2e48c5391	mission-data/17/Processing_Scripts/papers/ads_papers/70162.csv	exact
17	master	4ac61997	Processing_Scripts/papers/ads_papers/70163.csv	e69de29bb2d1d6434b8b29ae775ad8c2e48c5391	mission-data/17/Processing_Scripts/papers/ads_papers/70163.csv	exact
17	master	4ac61997	Processing_Scripts/papers/ads_papers/70164.csv	e69de29bb2d1d6434b8b29ae775ad8c2e48c5391	mission-data/17/Processing_Scripts/papers/ads_papers/70164.csv	exact
17	master	4ac61997	Processing_Scripts/papers/ads_papers/70165.csv	e69de29bb2d1d6434b8b29ae775ad8c2e48c5391	mission-data/17/Processing_Scripts/papers/ads_papers/70165.csv	exact
17	master	4ac61997	Processing_Scripts/papers/ads_papers/70170.csv	e69de29bb2d1d6434b8b29ae775ad8c2e48c5391	mission-data/17/Processing_Scripts/papers/ads_papers/70170.csv	exact
17	master	4ac61997	Processing_Scripts/papers/ads_papers/70175.csv	e69de29bb2d1d6434b8b29ae775ad8c2e48c5391	mission-data/17/Processing_Scripts/papers/ads_papers/70175.csv	exact
17	master	4ac61997	Processing_Scripts/papers/ads_papers/70180.csv	e69de29bb2d1d6434b8b29ae775ad8c2e48c5391	mission-data/17/Processing_Scripts/papers/ads_papers/70180.csv	exact
17	master	4ac61997	Processing_Scripts/papers/ads_papers/70181.csv	7b4abbfae116c10b5bdb9ec8d3ce0c86f9e7737d	mission-data/17/Processing_Scripts/papers/ads_papers/70181.csv	exact
17	master	4ac61997	Processing_Scripts/papers/ads_papers/70182.csv	e69de29bb2d1d6434b8b29ae775ad8c2e48c5391	mission-data/17/Processing_Scripts/papers/ads_papers/70182.csv	exact
17	master	4ac61997	Processing_Scripts/papers/ads_papers/70183.csv	e69de29bb2d1d6434b8b29ae775ad8c2e48c5391	mission-data/17/Processing_Scripts/papers/ads_papers/70183.csv	exact
17	master	4ac61997	Processing_Scripts/papers/ads_papers/70184.csv	e69de29bb2d1d6434b8b29ae775ad8c2e48c5391	mission-data/17/Processing_Scripts/papers/ads_papers/70184.csv	exact
17	master	4ac61997	Processing_Scripts/papers/ads_papers/70185.csv	e69de29bb2d1d6434b8b29ae775ad8c2e48c5391	mission-data/17/Processing_Scripts/papers/ads_papers/70185.csv	exact
17	master	4ac61997	Processing_Scripts/papers/ads_papers/70215.csv	2f5460343d19ce91dc7c46bd3b2309932bdd1342	mission-data/17/Processing_Scripts/papers/ads_papers/70215.csv	exact
17	master	4ac61997	Processing_Scripts/papers/ads_papers/70250.csv	e69de29bb2d1d6434b8b29ae775ad8c2e48c5391	mission-data/17/Processing_Scripts/papers/ads_papers/70250.csv	exact
17	master	4ac61997	Processing_Scripts/papers/ads_papers/70255.csv	e69de29bb2d1d6434b8b29ae775ad8c2e48c5391	mission-data/17/Processing_Scripts/papers/ads_papers/70255.csv	exact
17	master	4ac61997	Processing_Scripts/papers/ads_papers/70270.csv	e69de29bb2d1d6434b8b29ae775ad8c2e48c5391	mission-data/17/Processing_Scripts/papers/ads_papers/70270.csv	exact
17	master	4ac61997	Processing_Scripts/papers/ads_papers/70271.csv	e69de29bb2d1d6434b8b29ae775ad8c2e48c5391	mission-data/17/Processing_Scripts/papers/ads_papers/70271.csv	exact
17	master	4ac61997	Processing_Scripts/papers/ads_papers/70272.csv	e69de29bb2d1d6434b8b29ae775ad8c2e48c5391	mission-data/17/Processing_Scripts/papers/ads_papers/70272.csv	exact
17	master	4ac61997	Processing_Scripts/papers/ads_papers/70273.csv	e69de29bb2d1d6434b8b29ae775ad8c2e48c5391	mission-data/17/Processing_Scripts/papers/ads_papers/70273.csv	exact
17	master	4ac61997	Processing_Scripts/papers/ads_papers/70274.csv	e69de29bb2d1d6434b8b29ae775ad8c2e48c5391	mission-data/17/Processing_Scripts/papers/ads_papers/70274.csv	exact
17	master	4ac61997	Processing_Scripts/papers/ads_papers/70275.csv	f4fe6773faf98e00ab7db9f5923872ce7224e7b1	mission-data/17/Processing_Scripts/papers/ads_papers/70275.csv	exact
17	master	4ac61997	Processing_Scripts/papers/ads_papers/70290.csv	e69de29bb2d1d6434b8b29ae775ad8c2e48c5391	mission-data/17/Processing_Scripts/papers/ads_papers/70290.csv	exact
17	master	4ac61997	Processing_Scripts/papers/ads_papers/70295.csv	987529b2ef52fe6692889dce568a7b4b0d84042d	mission-data/17/Processing_Scripts/papers/ads_papers/70295.csv	exact
17	master	4ac61997	Processing_Scripts/papers/ads_papers/70310.csv	e69de29bb2d1d6434b8b29ae775ad8c2e48c5391	mission-data/17/Processing_Scripts/papers/ads_papers/70310.csv	exact
17	master	4ac61997	Processing_Scripts/papers/ads_papers/70311.csv	e69de29bb2d1d6434b8b29ae775ad8c2e48c5391	mission-data/17/Processing_Scripts/papers/ads_papers/70311.csv	exact
17	master	4ac61997	Processing_Scripts/papers/ads_papers/70312.csv	e69de29bb2d1d6434b8b29ae775ad8c2e48c5391	mission-data/17/Processing_Scripts/papers/ads_papers/70312.csv	exact
17	master	4ac61997	Processing_Scripts/papers/ads_papers/70313.csv	e69de29bb2d1d6434b8b29ae775ad8c2e48c5391	mission-data/17/Processing_Scripts/papers/ads_papers/70313.csv	exact
17	master	4ac61997	Processing_Scripts/papers/ads_papers/70314.csv	e69de29bb2d1d6434b8b29ae775ad8c2e48c5391	mission-data/17/Processing_Scripts/papers/ads_papers/70314.csv	exact
17	master	4ac61997	Processing_Scripts/papers/ads_papers/70315.csv	e69de29bb2d1d6434b8b29ae775ad8c2e48c5391	mission-data/17/Processing_Scripts/papers/ads_papers/70315.csv	exact
17	master	4ac61997	Processing_Scripts/papers/ads_papers/70320.csv	e69de29bb2d1d6434b8b29ae775ad8c2e48c5391	mission-data/17/Processing_Scripts/papers/ads_papers/70320.csv	exact
17	master	4ac61997	Processing_Scripts/papers/ads_papers/70321.csv	e69de29bb2d1d6434b8b29ae775ad8c2e48c5391	mission-data/17/Processing_Scripts/papers/ads_papers/70321.csv	exact
17	master	4ac61997	Processing_Scripts/papers/ads_papers/70322.csv	e69de29bb2d1d6434b8b29ae775ad8c2e48c5391	mission-data/17/Processing_Scripts/papers/ads_papers/70322.csv	exact
17	master	4ac61997	Processing_Scripts/papers/ads_papers/70323.csv	e69de29bb2d1d6434b8b29ae775ad8c2e48c5391	mission-data/17/Processing_Scripts/papers/ads_papers/70323.csv	exact
17	master	4ac61997	Processing_Scripts/papers/ads_papers/70324.csv	e69de29bb2d1d6434b8b29ae775ad8c2e48c5391	mission-data/17/Processing_Scripts/papers/ads_papers/70324.csv	exact
17	master	4ac61997	Processing_Scripts/papers/ads_papers/71010.csv	e69de29bb2d1d6434b8b29ae775ad8c2e48c5391	mission-data/17/Processing_Scripts/papers/ads_papers/71010.csv	exact
17	master	4ac61997	Processing_Scripts/papers/ads_papers/71030.csv	e69de29bb2d1d6434b8b29ae775ad8c2e48c5391	mission-data/17/Processing_Scripts/papers/ads_papers/71030.csv	exact
17	master	4ac61997	Processing_Scripts/papers/ads_papers/71035.csv	6dae2cc32b02d95ab679eb8411787a591db1e604	mission-data/17/Processing_Scripts/papers/ads_papers/71035.csv	exact
17	master	4ac61997	Processing_Scripts/papers/ads_papers/71036.csv	6dae2cc32b02d95ab679eb8411787a591db1e604	mission-data/17/Processing_Scripts/papers/ads_papers/71036.csv	exact
17	master	4ac61997	Processing_Scripts/papers/ads_papers/71037.csv	e69de29bb2d1d6434b8b29ae775ad8c2e48c5391	mission-data/17/Processing_Scripts/papers/ads_papers/71037.csv	exact
17	master	4ac61997	Processing_Scripts/papers/ads_papers/71040.csv	e69de29bb2d1d6434b8b29ae775ad8c2e48c5391	mission-data/17/Processing_Scripts/papers/ads_papers/71040.csv	exact
17	master	4ac61997	Processing_Scripts/papers/ads_papers/71041.csv	e69de29bb2d1d6434b8b29ae775ad8c2e48c5391	mission-data/17/Processing_Scripts/papers/ads_papers/71041.csv	exact
17	master	4ac61997	Processing_Scripts/papers/ads_papers/71042.csv	e69de29bb2d1d6434b8b29ae775ad8c2e48c5391	mission-data/17/Processing_Scripts/papers/ads_papers/71042.csv	exact
17	master	4ac61997	Processing_Scripts/papers/ads_papers/71043.csv	e69de29bb2d1d6434b8b29ae775ad8c2e48c5391	mission-data/17/Processing_Scripts/papers/ads_papers/71043.csv	exact
17	master	4ac61997	Processing_Scripts/papers/ads_papers/71044.csv	e69de29bb2d1d6434b8b29ae775ad8c2e48c5391	mission-data/17/Processing_Scripts/papers/ads_papers/71044.csv	exact
17	master	4ac61997	Processing_Scripts/papers/ads_papers/71045.csv	e69de29bb2d1d6434b8b29ae775ad8c2e48c5391	mission-data/17/Processing_Scripts/papers/ads_papers/71045.csv	exact
17	master	4ac61997	Processing_Scripts/papers/ads_papers/71046.csv	e69de29bb2d1d6434b8b29ae775ad8c2e48c5391	mission-data/17/Processing_Scripts/papers/ads_papers/71046.csv	exact
17	master	4ac61997	Processing_Scripts/papers/ads_papers/71047.csv	e69de29bb2d1d6434b8b29ae775ad8c2e48c5391	mission-data/17/Processing_Scripts/papers/ads_papers/71047.csv	exact
17	master	4ac61997	Processing_Scripts/papers/ads_papers/71048.csv	e69de29bb2d1d6434b8b29ae775ad8c2e48c5391	mission-data/17/Processing_Scripts/papers/ads_papers/71048.csv	exact
17	master	4ac61997	Processing_Scripts/papers/ads_papers/71049.csv	e69de29bb2d1d6434b8b29ae775ad8c2e48c5391	mission-data/17/Processing_Scripts/papers/ads_papers/71049.csv	exact
17	master	4ac61997	Processing_Scripts/papers/ads_papers/71050.csv	e69de29bb2d1d6434b8b29ae775ad8c2e48c5391	mission-data/17/Processing_Scripts/papers/ads_papers/71050.csv	exact
17	master	4ac61997	Processing_Scripts/papers/ads_papers/71055.csv	ecdf44bd45abf2ac791fd1070f6adb01ffc2b69d	mission-data/17/Processing_Scripts/papers/ads_papers/71055.csv	exact
17	master	4ac61997	Processing_Scripts/papers/ads_papers/71060.csv	e69de29bb2d1d6434b8b29ae775ad8c2e48c5391	mission-data/17/Processing_Scripts/papers/ads_papers/71060.csv	exact
17	master	4ac61997	Processing_Scripts/papers/ads_papers/71061.csv	516d7f5c3f562e1eef92dbc84c96d14b933a90ba	mission-data/17/Processing_Scripts/papers/ads_papers/71061.csv	exact
17	master	4ac61997	Processing_Scripts/papers/ads_papers/71062.csv	e69de29bb2d1d6434b8b29ae775ad8c2e48c5391	mission-data/17/Processing_Scripts/papers/ads_papers/71062.csv	exact
17	master	4ac61997	Processing_Scripts/papers/ads_papers/71063.csv	e69de29bb2d1d6434b8b29ae775ad8c2e48c5391	mission-data/17/Processing_Scripts/papers/ads_papers/71063.csv	exact
17	master	4ac61997	Processing_Scripts/papers/ads_papers/71064.csv	e69de29bb2d1d6434b8b29ae775ad8c2e48c5391	mission-data/17/Processing_Scripts/papers/ads_papers/71064.csv	exact
17	master	4ac61997	Processing_Scripts/papers/ads_papers/71065.csv	e69de29bb2d1d6434b8b29ae775ad8c2e48c5391	mission-data/17/Processing_Scripts/papers/ads_papers/71065.csv	exact
17	master	4ac61997	Processing_Scripts/papers/ads_papers/71066.csv	e69de29bb2d1d6434b8b29ae775ad8c2e48c5391	mission-data/17/Processing_Scripts/papers/ads_papers/71066.csv	exact
17	master	4ac61997	Processing_Scripts/papers/ads_papers/71067.csv	e69de29bb2d1d6434b8b29ae775ad8c2e48c5391	mission-data/17/Processing_Scripts/papers/ads_papers/71067.csv	exact
17	master	4ac61997	Processing_Scripts/papers/ads_papers/71068.csv	e69de29bb2d1d6434b8b29ae775ad8c2e48c5391	mission-data/17/Processing_Scripts/papers/ads_papers/71068.csv	exact
17	master	4ac61997	Processing_Scripts/papers/ads_papers/71069.csv	e69de29bb2d1d6434b8b29ae775ad8c2e48c5391	mission-data/17/Processing_Scripts/papers/ads_papers/71069.csv	exact
17	master	4ac61997	Processing_Scripts/papers/ads_papers/71075.csv	e69de29bb2d1d6434b8b29ae775ad8c2e48c5391	mission-data/17/Processing_Scripts/papers/ads_papers/71075.csv	exact
17	master	4ac61997	Processing_Scripts/papers/ads_papers/71085.csv	e69de29bb2d1d6434b8b29ae775ad8c2e48c5391	mission-data/17/Processing_Scripts/papers/ads_papers/71085.csv	exact
17	master	4ac61997	Processing_Scripts/papers/ads_papers/71086.csv	e69de29bb2d1d6434b8b29ae775ad8c2e48c5391	mission-data/17/Processing_Scripts/papers/ads_papers/71086.csv	exact
17	master	4ac61997	Processing_Scripts/papers/ads_papers/71087.csv	e69de29bb2d1d6434b8b29ae775ad8c2e48c5391	mission-data/17/Processing_Scripts/papers/ads_papers/71087.csv	exact
17	master	4ac61997	Processing_Scripts/papers/ads_papers/71088.csv	e69de29bb2d1d6434b8b29ae775ad8c2e48c5391	mission-data/17/Processing_Scripts/papers/ads_papers/71088.csv	exact
17	master	4ac61997	Processing_Scripts/papers/ads_papers/71089.csv	e69de29bb2d1d6434b8b29ae775ad8c2e48c5391	mission-data/17/Processing_Scripts/papers/ads_papers/71089.csv	exact
17	master	4ac61997	Processing_Scripts/papers/ads_papers/71095.csv	e69de29bb2d1d6434b8b29ae775ad8c2e48c5391	mission-data/17/Processing_Scripts/papers/ads_papers/71095.csv	exact
17	master	4ac61997	Processing_Scripts/papers/ads_papers/71096.csv	e69de29bb2d1d6434b8b29ae775ad8c2e48c5391	mission-data/17/Processing_Scripts/papers/ads_papers/71096.csv	exact
17	master	4ac61997	Processing_Scripts/papers/ads_papers/71097.csv	e69de29bb2d1d6434b8b29ae775ad8c2e48c5391	mission-data/17/Processing_Scripts/papers/ads_papers/71097.csv	exact
17	master	4ac61997	Processing_Scripts/papers/ads_papers/71130.csv	e69de29bb2d1d6434b8b29ae775ad8c2e48c5391	mission-data/17/Processing_Scripts/papers/ads_papers/71130.csv	exact
17	master	4ac61997	Processing_Scripts/papers/ads_papers/71131.csv	e69de29bb2d1d6434b8b29ae775ad8c2e48c5391	mission-data/17/Processing_Scripts/papers/ads_papers/71131.csv	exact
17	master	4ac61997	Processing_Scripts/papers/ads_papers/71132.csv	e69de29bb2d1d6434b8b29ae775ad8c2e48c5391	mission-data/17/Processing_Scripts/papers/ads_papers/71132.csv	exact
17	master	4ac61997	Processing_Scripts/papers/ads_papers/71133.csv	e69de29bb2d1d6434b8b29ae775ad8c2e48c5391	mission-data/17/Processing_Scripts/papers/ads_papers/71133.csv	exact
17	master	4ac61997	Processing_Scripts/papers/ads_papers/71134.csv	e69de29bb2d1d6434b8b29ae775ad8c2e48c5391	mission-data/17/Processing_Scripts/papers/ads_papers/71134.csv	exact
17	master	4ac61997	Processing_Scripts/papers/ads_papers/71135.csv	ed782925781c4a6a6f4ed38734a2aa3cb89761cd	mission-data/17/Processing_Scripts/papers/ads_papers/71135.csv	exact
17	master	4ac61997	Processing_Scripts/papers/ads_papers/71136.csv	e69de29bb2d1d6434b8b29ae775ad8c2e48c5391	mission-data/17/Processing_Scripts/papers/ads_papers/71136.csv	exact
17	master	4ac61997	Processing_Scripts/papers/ads_papers/71150.csv	e69de29bb2d1d6434b8b29ae775ad8c2e48c5391	mission-data/17/Processing_Scripts/papers/ads_papers/71150.csv	exact
17	master	4ac61997	Processing_Scripts/papers/ads_papers/71151.csv	e69de29bb2d1d6434b8b29ae775ad8c2e48c5391	mission-data/17/Processing_Scripts/papers/ads_papers/71151.csv	exact
17	master	4ac61997	Processing_Scripts/papers/ads_papers/71152.csv	e69de29bb2d1d6434b8b29ae775ad8c2e48c5391	mission-data/17/Processing_Scripts/papers/ads_papers/71152.csv	exact
17	master	4ac61997	Processing_Scripts/papers/ads_papers/71153.csv	e69de29bb2d1d6434b8b29ae775ad8c2e48c5391	mission-data/17/Processing_Scripts/papers/ads_papers/71153.csv	exact
17	master	4ac61997	Processing_Scripts/papers/ads_papers/71154.csv	e69de29bb2d1d6434b8b29ae775ad8c2e48c5391	mission-data/17/Processing_Scripts/papers/ads_papers/71154.csv	exact
17	master	4ac61997	Processing_Scripts/papers/ads_papers/71155.csv	e69de29bb2d1d6434b8b29ae775ad8c2e48c5391	mission-data/17/Processing_Scripts/papers/ads_papers/71155.csv	exact
17	master	4ac61997	Processing_Scripts/papers/ads_papers/71156.csv	e69de29bb2d1d6434b8b29ae775ad8c2e48c5391	mission-data/17/Processing_Scripts/papers/ads_papers/71156.csv	exact
17	master	4ac61997	Processing_Scripts/papers/ads_papers/71157.csv	e69de29bb2d1d6434b8b29ae775ad8c2e48c5391	mission-data/17/Processing_Scripts/papers/ads_papers/71157.csv	exact
17	master	4ac61997	Processing_Scripts/papers/ads_papers/71170.csv	e69de29bb2d1d6434b8b29ae775ad8c2e48c5391	mission-data/17/Processing_Scripts/papers/ads_papers/71170.csv	exact
17	master	4ac61997	Processing_Scripts/papers/ads_papers/71175.csv	e69de29bb2d1d6434b8b29ae775ad8c2e48c5391	mission-data/17/Processing_Scripts/papers/ads_papers/71175.csv	exact
17	master	4ac61997	Processing_Scripts/papers/ads_papers/71500.csv	e69de29bb2d1d6434b8b29ae775ad8c2e48c5391	mission-data/17/Processing_Scripts/papers/ads_papers/71500.csv	exact
17	master	4ac61997	Processing_Scripts/papers/ads_papers/71501.csv	1d525a768f0ec75db3b6ec53b6af1fb7422fa094	mission-data/17/Processing_Scripts/papers/ads_papers/71501.csv	exact
17	master	4ac61997	Processing_Scripts/papers/ads_papers/71502.csv	e69de29bb2d1d6434b8b29ae775ad8c2e48c5391	mission-data/17/Processing_Scripts/papers/ads_papers/71502.csv	exact
17	master	4ac61997	Processing_Scripts/papers/ads_papers/71503.csv	e69de29bb2d1d6434b8b29ae775ad8c2e48c5391	mission-data/17/Processing_Scripts/papers/ads_papers/71503.csv	exact
17	master	4ac61997	Processing_Scripts/papers/ads_papers/71504.csv	e69de29bb2d1d6434b8b29ae775ad8c2e48c5391	mission-data/17/Processing_Scripts/papers/ads_papers/71504.csv	exact
17	master	4ac61997	Processing_Scripts/papers/ads_papers/71505.csv	e69de29bb2d1d6434b8b29ae775ad8c2e48c5391	mission-data/17/Processing_Scripts/papers/ads_papers/71505.csv	exact
17	master	4ac61997	Processing_Scripts/papers/ads_papers/71506.csv	e69de29bb2d1d6434b8b29ae775ad8c2e48c5391	mission-data/17/Processing_Scripts/papers/ads_papers/71506.csv	exact
17	master	4ac61997	Processing_Scripts/papers/ads_papers/71507.csv	e69de29bb2d1d6434b8b29ae775ad8c2e48c5391	mission-data/17/Processing_Scripts/papers/ads_papers/71507.csv	exact
17	master	4ac61997	Processing_Scripts/papers/ads_papers/71508.csv	e69de29bb2d1d6434b8b29ae775ad8c2e48c5391	mission-data/17/Processing_Scripts/papers/ads_papers/71508.csv	exact
17	master	4ac61997	Processing_Scripts/papers/ads_papers/71509.csv	e69de29bb2d1d6434b8b29ae775ad8c2e48c5391	mission-data/17/Processing_Scripts/papers/ads_papers/71509.csv	exact
17	master	4ac61997	Processing_Scripts/papers/ads_papers/71515.csv	e69de29bb2d1d6434b8b29ae775ad8c2e48c5391	mission-data/17/Processing_Scripts/papers/ads_papers/71515.csv	exact
17	master	4ac61997	Processing_Scripts/papers/ads_papers/71520.csv	e69de29bb2d1d6434b8b29ae775ad8c2e48c5391	mission-data/17/Processing_Scripts/papers/ads_papers/71520.csv	exact
17	master	4ac61997	Processing_Scripts/papers/ads_papers/71525.csv	e69de29bb2d1d6434b8b29ae775ad8c2e48c5391	mission-data/17/Processing_Scripts/papers/ads_papers/71525.csv	exact
17	master	4ac61997	Processing_Scripts/papers/ads_papers/71526.csv	e69de29bb2d1d6434b8b29ae775ad8c2e48c5391	mission-data/17/Processing_Scripts/papers/ads_papers/71526.csv	exact
17	master	4ac61997	Processing_Scripts/papers/ads_papers/71527.csv	e69de29bb2d1d6434b8b29ae775ad8c2e48c5391	mission-data/17/Processing_Scripts/papers/ads_papers/71527.csv	exact
17	master	4ac61997	Processing_Scripts/papers/ads_papers/71528.csv	e69de29bb2d1d6434b8b29ae775ad8c2e48c5391	mission-data/17/Processing_Scripts/papers/ads_papers/71528.csv	exact
17	master	4ac61997	Processing_Scripts/papers/ads_papers/71529.csv	e69de29bb2d1d6434b8b29ae775ad8c2e48c5391	mission-data/17/Processing_Scripts/papers/ads_papers/71529.csv	exact
17	master	4ac61997	Processing_Scripts/papers/ads_papers/71535.csv	e69de29bb2d1d6434b8b29ae775ad8c2e48c5391	mission-data/17/Processing_Scripts/papers/ads_papers/71535.csv	exact
17	master	4ac61997	Processing_Scripts/papers/ads_papers/71536.csv	e69de29bb2d1d6434b8b29ae775ad8c2e48c5391	mission-data/17/Processing_Scripts/papers/ads_papers/71536.csv	exact
17	master	4ac61997	Processing_Scripts/papers/ads_papers/71537.csv	e69de29bb2d1d6434b8b29ae775ad8c2e48c5391	mission-data/17/Processing_Scripts/papers/ads_papers/71537.csv	exact
17	master	4ac61997	Processing_Scripts/papers/ads_papers/71538.csv	e69de29bb2d1d6434b8b29ae775ad8c2e48c5391	mission-data/17/Processing_Scripts/papers/ads_papers/71538.csv	exact
17	master	4ac61997	Processing_Scripts/papers/ads_papers/71539.csv	4371ede8831bb94b12bfe67f2243b8d7ac46515c	mission-data/17/Processing_Scripts/papers/ads_papers/71539.csv	exact
17	master	4ac61997	Processing_Scripts/papers/ads_papers/71545.csv	e69de29bb2d1d6434b8b29ae775ad8c2e48c5391	mission-data/17/Processing_Scripts/papers/ads_papers/71545.csv	exact
17	master	4ac61997	Processing_Scripts/papers/ads_papers/71546.csv	e69de29bb2d1d6434b8b29ae775ad8c2e48c5391	mission-data/17/Processing_Scripts/papers/ads_papers/71546.csv	exact
17	master	4ac61997	Processing_Scripts/papers/ads_papers/71547.csv	e69de29bb2d1d6434b8b29ae775ad8c2e48c5391	mission-data/17/Processing_Scripts/papers/ads_papers/71547.csv	exact
17	master	4ac61997	Processing_Scripts/papers/ads_papers/71548.csv	e69de29bb2d1d6434b8b29ae775ad8c2e48c5391	mission-data/17/Processing_Scripts/papers/ads_papers/71548.csv	exact
17	master	4ac61997	Processing_Scripts/papers/ads_papers/71549.csv	e69de29bb2d1d6434b8b29ae775ad8c2e48c5391	mission-data/17/Processing_Scripts/papers/ads_papers/71549.csv	exact
17	master	4ac61997	Processing_Scripts/papers/ads_papers/71555.csv	e69de29bb2d1d6434b8b29ae775ad8c2e48c5391	mission-data/17/Processing_Scripts/papers/ads_papers/71555.csv	exact
17	master	4ac61997	Processing_Scripts/papers/ads_papers/71556.csv	e69de29bb2d1d6434b8b29ae775ad8c2e48c5391	mission-data/17/Processing_Scripts/papers/ads_papers/71556.csv	exact
17	master	4ac61997	Processing_Scripts/papers/ads_papers/71557.csv	e69de29bb2d1d6434b8b29ae775ad8c2e48c5391	mission-data/17/Processing_Scripts/papers/ads_papers/71557.csv	exact
17	master	4ac61997	Processing_Scripts/papers/ads_papers/71558.csv	e69de29bb2d1d6434b8b29ae775ad8c2e48c5391	mission-data/17/Processing_Scripts/papers/ads_papers/71558.csv	exact
17	master	4ac61997	Processing_Scripts/papers/ads_papers/71559.csv	e69de29bb2d1d6434b8b29ae775ad8c2e48c5391	mission-data/17/Processing_Scripts/papers/ads_papers/71559.csv	exact
17	master	4ac61997	Processing_Scripts/papers/ads_papers/71565.csv	e69de29bb2d1d6434b8b29ae775ad8c2e48c5391	mission-data/17/Processing_Scripts/papers/ads_papers/71565.csv	exact
17	master	4ac61997	Processing_Scripts/papers/ads_papers/71566.csv	e69de29bb2d1d6434b8b29ae775ad8c2e48c5391	mission-data/17/Processing_Scripts/papers/ads_papers/71566.csv	exact
17	master	4ac61997	Processing_Scripts/papers/ads_papers/71567.csv	e69de29bb2d1d6434b8b29ae775ad8c2e48c5391	mission-data/17/Processing_Scripts/papers/ads_papers/71567.csv	exact
17	master	4ac61997	Processing_Scripts/papers/ads_papers/71568.csv	e69de29bb2d1d6434b8b29ae775ad8c2e48c5391	mission-data/17/Processing_Scripts/papers/ads_papers/71568.csv	exact
17	master	4ac61997	Processing_Scripts/papers/ads_papers/71569.csv	e3dbe962a0cc2de8305a74a6b576c4579eba13fc	mission-data/17/Processing_Scripts/papers/ads_papers/71569.csv	exact
17	master	4ac61997	Processing_Scripts/papers/ads_papers/71575.csv	e69de29bb2d1d6434b8b29ae775ad8c2e48c5391	mission-data/17/Processing_Scripts/papers/ads_papers/71575.csv	exact
17	master	4ac61997	Processing_Scripts/papers/ads_papers/71576.csv	e69de29bb2d1d6434b8b29ae775ad8c2e48c5391	mission-data/17/Processing_Scripts/papers/ads_papers/71576.csv	exact
17	master	4ac61997	Processing_Scripts/papers/ads_papers/71577.csv	e69de29bb2d1d6434b8b29ae775ad8c2e48c5391	mission-data/17/Processing_Scripts/papers/ads_papers/71577.csv	exact
17	master	4ac61997	Processing_Scripts/papers/ads_papers/71578.csv	e69de29bb2d1d6434b8b29ae775ad8c2e48c5391	mission-data/17/Processing_Scripts/papers/ads_papers/71578.csv	exact
17	master	4ac61997	Processing_Scripts/papers/ads_papers/71579.csv	e69de29bb2d1d6434b8b29ae775ad8c2e48c5391	mission-data/17/Processing_Scripts/papers/ads_papers/71579.csv	exact
17	master	4ac61997	Processing_Scripts/papers/ads_papers/71585.csv	e69de29bb2d1d6434b8b29ae775ad8c2e48c5391	mission-data/17/Processing_Scripts/papers/ads_papers/71585.csv	exact
17	master	4ac61997	Processing_Scripts/papers/ads_papers/71586.csv	e69de29bb2d1d6434b8b29ae775ad8c2e48c5391	mission-data/17/Processing_Scripts/papers/ads_papers/71586.csv	exact
17	master	4ac61997	Processing_Scripts/papers/ads_papers/71587.csv	e69de29bb2d1d6434b8b29ae775ad8c2e48c5391	mission-data/17/Processing_Scripts/papers/ads_papers/71587.csv	exact
17	master	4ac61997	Processing_Scripts/papers/ads_papers/71588.csv	e69de29bb2d1d6434b8b29ae775ad8c2e48c5391	mission-data/17/Processing_Scripts/papers/ads_papers/71588.csv	exact
17	master	4ac61997	Processing_Scripts/papers/ads_papers/71589.csv	e69de29bb2d1d6434b8b29ae775ad8c2e48c5391	mission-data/17/Processing_Scripts/papers/ads_papers/71589.csv	exact
17	master	4ac61997	Processing_Scripts/papers/ads_papers/71595.csv	e69de29bb2d1d6434b8b29ae775ad8c2e48c5391	mission-data/17/Processing_Scripts/papers/ads_papers/71595.csv	exact
17	master	4ac61997	Processing_Scripts/papers/ads_papers/71596.csv	e69de29bb2d1d6434b8b29ae775ad8c2e48c5391	mission-data/17/Processing_Scripts/papers/ads_papers/71596.csv	exact
17	master	4ac61997	Processing_Scripts/papers/ads_papers/71597.csv	3b7ca0941679b97afa22e90e21294c4d9f0cdee9	mission-data/17/Processing_Scripts/papers/ads_papers/71597.csv	exact
17	master	4ac61997	Processing_Scripts/papers/ads_papers/72010.csv	e69de29bb2d1d6434b8b29ae775ad8c2e48c5391	mission-data/17/Processing_Scripts/papers/ads_papers/72010.csv	exact
17	master	4ac61997	Processing_Scripts/papers/ads_papers/72130.csv	e69de29bb2d1d6434b8b29ae775ad8c2e48c5391	mission-data/17/Processing_Scripts/papers/ads_papers/72130.csv	exact
17	master	4ac61997	Processing_Scripts/papers/ads_papers/72131.csv	e69de29bb2d1d6434b8b29ae775ad8c2e48c5391	mission-data/17/Processing_Scripts/papers/ads_papers/72131.csv	exact
17	master	4ac61997	Processing_Scripts/papers/ads_papers/72132.csv	e69de29bb2d1d6434b8b29ae775ad8c2e48c5391	mission-data/17/Processing_Scripts/papers/ads_papers/72132.csv	exact
17	master	4ac61997	Processing_Scripts/papers/ads_papers/72133.csv	e69de29bb2d1d6434b8b29ae775ad8c2e48c5391	mission-data/17/Processing_Scripts/papers/ads_papers/72133.csv	exact
17	master	4ac61997	Processing_Scripts/papers/ads_papers/72134.csv	e69de29bb2d1d6434b8b29ae775ad8c2e48c5391	mission-data/17/Processing_Scripts/papers/ads_papers/72134.csv	exact
17	master	4ac61997	Processing_Scripts/papers/ads_papers/72135.csv	e69de29bb2d1d6434b8b29ae775ad8c2e48c5391	mission-data/17/Processing_Scripts/papers/ads_papers/72135.csv	exact
17	master	4ac61997	Processing_Scripts/papers/ads_papers/72140.csv	e69de29bb2d1d6434b8b29ae775ad8c2e48c5391	mission-data/17/Processing_Scripts/papers/ads_papers/72140.csv	exact
17	master	4ac61997	Processing_Scripts/papers/ads_papers/72141.csv	50acf4f72d3d4dbf1c63f35a09312daa3aa57c27	mission-data/17/Processing_Scripts/papers/ads_papers/72141.csv	exact
17	master	4ac61997	Processing_Scripts/papers/ads_papers/72142.csv	e69de29bb2d1d6434b8b29ae775ad8c2e48c5391	mission-data/17/Processing_Scripts/papers/ads_papers/72142.csv	exact
17	master	4ac61997	Processing_Scripts/papers/ads_papers/72143.csv	e69de29bb2d1d6434b8b29ae775ad8c2e48c5391	mission-data/17/Processing_Scripts/papers/ads_papers/72143.csv	exact
17	master	4ac61997	Processing_Scripts/papers/ads_papers/72144.csv	e69de29bb2d1d6434b8b29ae775ad8c2e48c5391	mission-data/17/Processing_Scripts/papers/ads_papers/72144.csv	exact
17	master	4ac61997	Processing_Scripts/papers/ads_papers/72145.csv	e69de29bb2d1d6434b8b29ae775ad8c2e48c5391	mission-data/17/Processing_Scripts/papers/ads_papers/72145.csv	exact
17	master	4ac61997	Processing_Scripts/papers/ads_papers/72150.csv	282c30c453c7aff1fcac47554f1401935cb6c7ec	mission-data/17/Processing_Scripts/papers/ads_papers/72150.csv	exact
17	master	4ac61997	Processing_Scripts/papers/ads_papers/72155.csv	e69de29bb2d1d6434b8b29ae775ad8c2e48c5391	mission-data/17/Processing_Scripts/papers/ads_papers/72155.csv	exact
17	master	4ac61997	Processing_Scripts/papers/ads_papers/72160.csv	e69de29bb2d1d6434b8b29ae775ad8c2e48c5391	mission-data/17/Processing_Scripts/papers/ads_papers/72160.csv	exact
17	master	4ac61997	Processing_Scripts/papers/ads_papers/72161.csv	081fde072bd5476bf18f304a6fc884d44b93f892	mission-data/17/Processing_Scripts/papers/ads_papers/72161.csv	exact
17	master	4ac61997	Processing_Scripts/papers/ads_papers/72162.csv	e69de29bb2d1d6434b8b29ae775ad8c2e48c5391	mission-data/17/Processing_Scripts/papers/ads_papers/72162.csv	exact
17	master	4ac61997	Processing_Scripts/papers/ads_papers/72163.csv	e69de29bb2d1d6434b8b29ae775ad8c2e48c5391	mission-data/17/Processing_Scripts/papers/ads_papers/72163.csv	exact
17	master	4ac61997	Processing_Scripts/papers/ads_papers/72164.csv	e69de29bb2d1d6434b8b29ae775ad8c2e48c5391	mission-data/17/Processing_Scripts/papers/ads_papers/72164.csv	exact
17	master	4ac61997	Processing_Scripts/papers/ads_papers/72210.csv	e69de29bb2d1d6434b8b29ae775ad8c2e48c5391	mission-data/17/Processing_Scripts/papers/ads_papers/72210.csv	exact
17	master	4ac61997	Processing_Scripts/papers/ads_papers/72215.csv	870547d44feb122b7d141524a64228a90dfbe01d	mission-data/17/Processing_Scripts/papers/ads_papers/72215.csv	exact
17	master	4ac61997	Processing_Scripts/papers/ads_papers/72220.csv	e69de29bb2d1d6434b8b29ae775ad8c2e48c5391	mission-data/17/Processing_Scripts/papers/ads_papers/72220.csv	exact
17	master	4ac61997	Processing_Scripts/papers/ads_papers/72221.csv	e69de29bb2d1d6434b8b29ae775ad8c2e48c5391	mission-data/17/Processing_Scripts/papers/ads_papers/72221.csv	exact
17	master	4ac61997	Processing_Scripts/papers/ads_papers/72222.csv	e69de29bb2d1d6434b8b29ae775ad8c2e48c5391	mission-data/17/Processing_Scripts/papers/ads_papers/72222.csv	exact
17	master	4ac61997	Processing_Scripts/papers/ads_papers/72223.csv	e69de29bb2d1d6434b8b29ae775ad8c2e48c5391	mission-data/17/Processing_Scripts/papers/ads_papers/72223.csv	exact
17	master	4ac61997	Processing_Scripts/papers/ads_papers/72224.csv	e69de29bb2d1d6434b8b29ae775ad8c2e48c5391	mission-data/17/Processing_Scripts/papers/ads_papers/72224.csv	exact
17	master	4ac61997	Processing_Scripts/papers/ads_papers/72230.csv	e69de29bb2d1d6434b8b29ae775ad8c2e48c5391	mission-data/17/Processing_Scripts/papers/ads_papers/72230.csv	exact
17	master	4ac61997	Processing_Scripts/papers/ads_papers/72235.csv	ad74a0626aa22fbd6088e169ec9c5b50b5114927	mission-data/17/Processing_Scripts/papers/ads_papers/72235.csv	exact
17	master	4ac61997	Processing_Scripts/papers/ads_papers/72240.csv	e69de29bb2d1d6434b8b29ae775ad8c2e48c5391	mission-data/17/Processing_Scripts/papers/ads_papers/72240.csv	exact
17	master	4ac61997	Processing_Scripts/papers/ads_papers/72241.csv	e69de29bb2d1d6434b8b29ae775ad8c2e48c5391	mission-data/17/Processing_Scripts/papers/ads_papers/72241.csv	exact
17	master	4ac61997	Processing_Scripts/papers/ads_papers/72242.csv	e69de29bb2d1d6434b8b29ae775ad8c2e48c5391	mission-data/17/Processing_Scripts/papers/ads_papers/72242.csv	exact
17	master	4ac61997	Processing_Scripts/papers/ads_papers/72243.csv	e69de29bb2d1d6434b8b29ae775ad8c2e48c5391	mission-data/17/Processing_Scripts/papers/ads_papers/72243.csv	exact
17	master	4ac61997	Processing_Scripts/papers/ads_papers/72244.csv	e69de29bb2d1d6434b8b29ae775ad8c2e48c5391	mission-data/17/Processing_Scripts/papers/ads_papers/72244.csv	exact
17	master	4ac61997	Processing_Scripts/papers/ads_papers/72250.csv	e69de29bb2d1d6434b8b29ae775ad8c2e48c5391	mission-data/17/Processing_Scripts/papers/ads_papers/72250.csv	exact
17	master	4ac61997	Processing_Scripts/papers/ads_papers/72255.csv	7eb3556ae116159627e69d10cc06fe6588bd8906	mission-data/17/Processing_Scripts/papers/ads_papers/72255.csv	exact
17	master	4ac61997	Processing_Scripts/papers/ads_papers/72260.csv	e69de29bb2d1d6434b8b29ae775ad8c2e48c5391	mission-data/17/Processing_Scripts/papers/ads_papers/72260.csv	exact
17	master	4ac61997	Processing_Scripts/papers/ads_papers/72261.csv	e69de29bb2d1d6434b8b29ae775ad8c2e48c5391	mission-data/17/Processing_Scripts/papers/ads_papers/72261.csv	exact
17	master	4ac61997	Processing_Scripts/papers/ads_papers/72262.csv	e69de29bb2d1d6434b8b29ae775ad8c2e48c5391	mission-data/17/Processing_Scripts/papers/ads_papers/72262.csv	exact
17	master	4ac61997	Processing_Scripts/papers/ads_papers/72263.csv	e69de29bb2d1d6434b8b29ae775ad8c2e48c5391	mission-data/17/Processing_Scripts/papers/ads_papers/72263.csv	exact
17	master	4ac61997	Processing_Scripts/papers/ads_papers/72264.csv	e69de29bb2d1d6434b8b29ae775ad8c2e48c5391	mission-data/17/Processing_Scripts/papers/ads_papers/72264.csv	exact
17	master	4ac61997	Processing_Scripts/papers/ads_papers/72270.csv	e69de29bb2d1d6434b8b29ae775ad8c2e48c5391	mission-data/17/Processing_Scripts/papers/ads_papers/72270.csv	exact
17	master	4ac61997	Processing_Scripts/papers/ads_papers/72275.csv	0b4ae4f043f0490a0e3aba9e454ca9412cc4fcff	mission-data/17/Processing_Scripts/papers/ads_papers/72275.csv	exact
17	master	4ac61997	Processing_Scripts/papers/ads_papers/72310.csv	e69de29bb2d1d6434b8b29ae775ad8c2e48c5391	mission-data/17/Processing_Scripts/papers/ads_papers/72310.csv	exact
17	master	4ac61997	Processing_Scripts/papers/ads_papers/72315.csv	01598a5a457d58312b9c55b7a2bdf6fedcee8a8b	mission-data/17/Processing_Scripts/papers/ads_papers/72315.csv	exact
17	master	4ac61997	Processing_Scripts/papers/ads_papers/72320.csv	145a3193338330d501bdb06171285720cca32622	mission-data/17/Processing_Scripts/papers/ads_papers/72320.csv	exact
17	master	4ac61997	Processing_Scripts/papers/ads_papers/72321.csv	e69de29bb2d1d6434b8b29ae775ad8c2e48c5391	mission-data/17/Processing_Scripts/papers/ads_papers/72321.csv	exact
17	master	4ac61997	Processing_Scripts/papers/ads_papers/72322.csv	e69de29bb2d1d6434b8b29ae775ad8c2e48c5391	mission-data/17/Processing_Scripts/papers/ads_papers/72322.csv	exact
17	master	4ac61997	Processing_Scripts/papers/ads_papers/72323.csv	e69de29bb2d1d6434b8b29ae775ad8c2e48c5391	mission-data/17/Processing_Scripts/papers/ads_papers/72323.csv	exact
17	master	4ac61997	Processing_Scripts/papers/ads_papers/72324.csv	e69de29bb2d1d6434b8b29ae775ad8c2e48c5391	mission-data/17/Processing_Scripts/papers/ads_papers/72324.csv	exact
17	master	4ac61997	Processing_Scripts/papers/ads_papers/72330.csv	e69de29bb2d1d6434b8b29ae775ad8c2e48c5391	mission-data/17/Processing_Scripts/papers/ads_papers/72330.csv	exact
17	master	4ac61997	Processing_Scripts/papers/ads_papers/72335.csv	5fd13a5587c2c9e4b2620a4bddeaf12829661ce7	mission-data/17/Processing_Scripts/papers/ads_papers/72335.csv	exact
17	master	4ac61997	Processing_Scripts/papers/ads_papers/72350.csv	e69de29bb2d1d6434b8b29ae775ad8c2e48c5391	mission-data/17/Processing_Scripts/papers/ads_papers/72350.csv	exact
17	master	4ac61997	Processing_Scripts/papers/ads_papers/72355.csv	e3eb16c93c63350a6491bdbdb8a0c397600d60b1	mission-data/17/Processing_Scripts/papers/ads_papers/72355.csv	exact
17	master	4ac61997	Processing_Scripts/papers/ads_papers/72370.csv	e69de29bb2d1d6434b8b29ae775ad8c2e48c5391	mission-data/17/Processing_Scripts/papers/ads_papers/72370.csv	exact
17	master	4ac61997	Processing_Scripts/papers/ads_papers/72375.csv	04f9582005a7dfd5d7ecb5b7d01c681429ed368d	mission-data/17/Processing_Scripts/papers/ads_papers/72375.csv	exact
17	master	4ac61997	Processing_Scripts/papers/ads_papers/72390.csv	e69de29bb2d1d6434b8b29ae775ad8c2e48c5391	mission-data/17/Processing_Scripts/papers/ads_papers/72390.csv	exact
17	master	4ac61997	Processing_Scripts/papers/ads_papers/72395.csv	3de09787c507f2270a91d281590e02a2bf6535b9	mission-data/17/Processing_Scripts/papers/ads_papers/72395.csv	exact
17	master	4ac61997	Processing_Scripts/papers/ads_papers/72410.csv	e69de29bb2d1d6434b8b29ae775ad8c2e48c5391	mission-data/17/Processing_Scripts/papers/ads_papers/72410.csv	exact
17	master	4ac61997	Processing_Scripts/papers/ads_papers/72415.csv	ea17b5cfc2e747c21f6fd065c7665311e1b9747c	mission-data/17/Processing_Scripts/papers/ads_papers/72415.csv	exact
17	master	4ac61997	Processing_Scripts/papers/ads_papers/72416.csv	e69de29bb2d1d6434b8b29ae775ad8c2e48c5391	mission-data/17/Processing_Scripts/papers/ads_papers/72416.csv	exact
17	master	4ac61997	Processing_Scripts/papers/ads_papers/72417.csv	ab5992fc4ef6ff71d4ec09fd175452b9f783b66a	mission-data/17/Processing_Scripts/papers/ads_papers/72417.csv	exact
17	master	4ac61997	Processing_Scripts/papers/ads_papers/72418.csv	e69de29bb2d1d6434b8b29ae775ad8c2e48c5391	mission-data/17/Processing_Scripts/papers/ads_papers/72418.csv	exact
17	master	4ac61997	Processing_Scripts/papers/ads_papers/72430.csv	e69de29bb2d1d6434b8b29ae775ad8c2e48c5391	mission-data/17/Processing_Scripts/papers/ads_papers/72430.csv	exact
17	master	4ac61997	Processing_Scripts/papers/ads_papers/72431.csv	e69de29bb2d1d6434b8b29ae775ad8c2e48c5391	mission-data/17/Processing_Scripts/papers/ads_papers/72431.csv	exact
17	master	4ac61997	Processing_Scripts/papers/ads_papers/72432.csv	e69de29bb2d1d6434b8b29ae775ad8c2e48c5391	mission-data/17/Processing_Scripts/papers/ads_papers/72432.csv	exact
17	master	4ac61997	Processing_Scripts/papers/ads_papers/72433.csv	e69de29bb2d1d6434b8b29ae775ad8c2e48c5391	mission-data/17/Processing_Scripts/papers/ads_papers/72433.csv	exact
17	master	4ac61997	Processing_Scripts/papers/ads_papers/72434.csv	e69de29bb2d1d6434b8b29ae775ad8c2e48c5391	mission-data/17/Processing_Scripts/papers/ads_papers/72434.csv	exact
17	master	4ac61997	Processing_Scripts/papers/ads_papers/72435.csv	e22ad6592a4698f431d613e5c7298674df2d982c	mission-data/17/Processing_Scripts/papers/ads_papers/72435.csv	exact
17	master	4ac61997	Processing_Scripts/papers/ads_papers/72440.csv	e69de29bb2d1d6434b8b29ae775ad8c2e48c5391	mission-data/17/Processing_Scripts/papers/ads_papers/72440.csv	exact
17	master	4ac61997	Processing_Scripts/papers/ads_papers/72441.csv	3c00bf4f1c2d04026e716ae65e53f52dc09f0077	mission-data/17/Processing_Scripts/papers/ads_papers/72441.csv	exact
17	master	4ac61997	Processing_Scripts/papers/ads_papers/72442.csv	e69de29bb2d1d6434b8b29ae775ad8c2e48c5391	mission-data/17/Processing_Scripts/papers/ads_papers/72442.csv	exact
17	master	4ac61997	Processing_Scripts/papers/ads_papers/72443.csv	e2b24389f6a62524cbe194924be8aa5c2ac4555c	mission-data/17/Processing_Scripts/papers/ads_papers/72443.csv	exact
17	master	4ac61997	Processing_Scripts/papers/ads_papers/72444.csv	e69de29bb2d1d6434b8b29ae775ad8c2e48c5391	mission-data/17/Processing_Scripts/papers/ads_papers/72444.csv	exact
17	master	4ac61997	Processing_Scripts/papers/ads_papers/72460.csv	e69de29bb2d1d6434b8b29ae775ad8c2e48c5391	mission-data/17/Processing_Scripts/papers/ads_papers/72460.csv	exact
17	master	4ac61997	Processing_Scripts/papers/ads_papers/72461.csv	e69de29bb2d1d6434b8b29ae775ad8c2e48c5391	mission-data/17/Processing_Scripts/papers/ads_papers/72461.csv	exact
17	master	4ac61997	Processing_Scripts/papers/ads_papers/72462.csv	e69de29bb2d1d6434b8b29ae775ad8c2e48c5391	mission-data/17/Processing_Scripts/papers/ads_papers/72462.csv	exact
17	master	4ac61997	Processing_Scripts/papers/ads_papers/72463.csv	e69de29bb2d1d6434b8b29ae775ad8c2e48c5391	mission-data/17/Processing_Scripts/papers/ads_papers/72463.csv	exact
17	master	4ac61997	Processing_Scripts/papers/ads_papers/72464.csv	e69de29bb2d1d6434b8b29ae775ad8c2e48c5391	mission-data/17/Processing_Scripts/papers/ads_papers/72464.csv	exact
17	master	4ac61997	Processing_Scripts/papers/ads_papers/72500.csv	9b2ad0c97e984c071b6e45d2524e587aae5c65d4	mission-data/17/Processing_Scripts/papers/ads_papers/72500.csv	exact
17	master	4ac61997	Processing_Scripts/papers/ads_papers/72501.csv	74f21b2db4ccf2a56e8eb57f49caa59b646e90d3	mission-data/17/Processing_Scripts/papers/ads_papers/72501.csv	exact
17	master	4ac61997	Processing_Scripts/papers/ads_papers/72502.csv	e69de29bb2d1d6434b8b29ae775ad8c2e48c5391	mission-data/17/Processing_Scripts/papers/ads_papers/72502.csv	exact
17	master	4ac61997	Processing_Scripts/papers/ads_papers/72503.csv	daec51424f4d975b4eefc8b85d34b7806688af29	mission-data/17/Processing_Scripts/papers/ads_papers/72503.csv	exact
17	master	4ac61997	Processing_Scripts/papers/ads_papers/72504.csv	1b7d5819290123bf0189840fd461bfa28de25e96	mission-data/17/Processing_Scripts/papers/ads_papers/72504.csv	exact
17	master	4ac61997	Processing_Scripts/papers/ads_papers/72505.csv	e69de29bb2d1d6434b8b29ae775ad8c2e48c5391	mission-data/17/Processing_Scripts/papers/ads_papers/72505.csv	exact
17	master	4ac61997	Processing_Scripts/papers/ads_papers/72530.csv	e69de29bb2d1d6434b8b29ae775ad8c2e48c5391	mission-data/17/Processing_Scripts/papers/ads_papers/72530.csv	exact
17	master	4ac61997	Processing_Scripts/papers/ads_papers/72535.csv	e1440485e535822315e1e276bfafee949c74bbe0	mission-data/17/Processing_Scripts/papers/ads_papers/72535.csv	exact
17	master	4ac61997	Processing_Scripts/papers/ads_papers/72536.csv	e69de29bb2d1d6434b8b29ae775ad8c2e48c5391	mission-data/17/Processing_Scripts/papers/ads_papers/72536.csv	exact
17	master	4ac61997	Processing_Scripts/papers/ads_papers/72537.csv	e69de29bb2d1d6434b8b29ae775ad8c2e48c5391	mission-data/17/Processing_Scripts/papers/ads_papers/72537.csv	exact
17	master	4ac61997	Processing_Scripts/papers/ads_papers/72538.csv	e69de29bb2d1d6434b8b29ae775ad8c2e48c5391	mission-data/17/Processing_Scripts/papers/ads_papers/72538.csv	exact
17	master	4ac61997	Processing_Scripts/papers/ads_papers/72539.csv	e69de29bb2d1d6434b8b29ae775ad8c2e48c5391	mission-data/17/Processing_Scripts/papers/ads_papers/72539.csv	exact
17	master	4ac61997	Processing_Scripts/papers/ads_papers/72545.csv	e69de29bb2d1d6434b8b29ae775ad8c2e48c5391	mission-data/17/Processing_Scripts/papers/ads_papers/72545.csv	exact
17	master	4ac61997	Processing_Scripts/papers/ads_papers/72546.csv	e69de29bb2d1d6434b8b29ae775ad8c2e48c5391	mission-data/17/Processing_Scripts/papers/ads_papers/72546.csv	exact
17	master	4ac61997	Processing_Scripts/papers/ads_papers/72547.csv	e69de29bb2d1d6434b8b29ae775ad8c2e48c5391	mission-data/17/Processing_Scripts/papers/ads_papers/72547.csv	exact
17	master	4ac61997	Processing_Scripts/papers/ads_papers/72548.csv	e69de29bb2d1d6434b8b29ae775ad8c2e48c5391	mission-data/17/Processing_Scripts/papers/ads_papers/72548.csv	exact
17	master	4ac61997	Processing_Scripts/papers/ads_papers/72549.csv	e69de29bb2d1d6434b8b29ae775ad8c2e48c5391	mission-data/17/Processing_Scripts/papers/ads_papers/72549.csv	exact
17	master	4ac61997	Processing_Scripts/papers/ads_papers/72555.csv	e69de29bb2d1d6434b8b29ae775ad8c2e48c5391	mission-data/17/Processing_Scripts/papers/ads_papers/72555.csv	exact
17	master	4ac61997	Processing_Scripts/papers/ads_papers/72556.csv	e69de29bb2d1d6434b8b29ae775ad8c2e48c5391	mission-data/17/Processing_Scripts/papers/ads_papers/72556.csv	exact
17	master	4ac61997	Processing_Scripts/papers/ads_papers/72557.csv	e69de29bb2d1d6434b8b29ae775ad8c2e48c5391	mission-data/17/Processing_Scripts/papers/ads_papers/72557.csv	exact
17	master	4ac61997	Processing_Scripts/papers/ads_papers/72558.csv	b0e9fa3ba84c3cb7a4797e1b1581652dd8f6b22a	mission-data/17/Processing_Scripts/papers/ads_papers/72558.csv	exact
17	master	4ac61997	Processing_Scripts/papers/ads_papers/72559.csv	168772713a8c203ea1ba66be6546753eea06805d	mission-data/17/Processing_Scripts/papers/ads_papers/72559.csv	exact
17	master	4ac61997	Processing_Scripts/papers/ads_papers/72700.csv	e69de29bb2d1d6434b8b29ae775ad8c2e48c5391	mission-data/17/Processing_Scripts/papers/ads_papers/72700.csv	exact
17	master	4ac61997	Processing_Scripts/papers/ads_papers/72701.csv	8be9512e6fb005aee638d88ab28d5c43e327368e	mission-data/17/Processing_Scripts/papers/ads_papers/72701.csv	exact
17	master	4ac61997	Processing_Scripts/papers/ads_papers/72702.csv	e69de29bb2d1d6434b8b29ae775ad8c2e48c5391	mission-data/17/Processing_Scripts/papers/ads_papers/72702.csv	exact
17	master	4ac61997	Processing_Scripts/papers/ads_papers/72703.csv	e69de29bb2d1d6434b8b29ae775ad8c2e48c5391	mission-data/17/Processing_Scripts/papers/ads_papers/72703.csv	exact
17	master	4ac61997	Processing_Scripts/papers/ads_papers/72704.csv	e69de29bb2d1d6434b8b29ae775ad8c2e48c5391	mission-data/17/Processing_Scripts/papers/ads_papers/72704.csv	exact
17	master	4ac61997	Processing_Scripts/papers/ads_papers/72705.csv	e69de29bb2d1d6434b8b29ae775ad8c2e48c5391	mission-data/17/Processing_Scripts/papers/ads_papers/72705.csv	exact
17	master	4ac61997	Processing_Scripts/papers/ads_papers/72730.csv	e69de29bb2d1d6434b8b29ae775ad8c2e48c5391	mission-data/17/Processing_Scripts/papers/ads_papers/72730.csv	exact
17	master	4ac61997	Processing_Scripts/papers/ads_papers/72735.csv	e69de29bb2d1d6434b8b29ae775ad8c2e48c5391	mission-data/17/Processing_Scripts/papers/ads_papers/72735.csv	exact
17	master	4ac61997	Processing_Scripts/papers/ads_papers/72736.csv	e69de29bb2d1d6434b8b29ae775ad8c2e48c5391	mission-data/17/Processing_Scripts/papers/ads_papers/72736.csv	exact
17	master	4ac61997	Processing_Scripts/papers/ads_papers/72737.csv	e69de29bb2d1d6434b8b29ae775ad8c2e48c5391	mission-data/17/Processing_Scripts/papers/ads_papers/72737.csv	exact
17	master	4ac61997	Processing_Scripts/papers/ads_papers/72738.csv	e69de29bb2d1d6434b8b29ae775ad8c2e48c5391	mission-data/17/Processing_Scripts/papers/ads_papers/72738.csv	exact
17	master	4ac61997	Processing_Scripts/papers/ads_papers/73001.csv	ef35c0da3a2c7715170d9fd4567cc6ed6ec9fb61	mission-data/17/Processing_Scripts/papers/ads_papers/73001.csv	exact
17	master	4ac61997	Processing_Scripts/papers/ads_papers/73002.csv	993585a6626cc64b3503c327a4cd253ab0bd1bb9	mission-data/17/Processing_Scripts/papers/ads_papers/73002.csv	exact
17	master	4ac61997	Processing_Scripts/papers/ads_papers/73010.csv	e69de29bb2d1d6434b8b29ae775ad8c2e48c5391	mission-data/17/Processing_Scripts/papers/ads_papers/73010.csv	exact
17	master	4ac61997	Processing_Scripts/papers/ads_papers/73120.csv	e69de29bb2d1d6434b8b29ae775ad8c2e48c5391	mission-data/17/Processing_Scripts/papers/ads_papers/73120.csv	exact
17	master	4ac61997	Processing_Scripts/papers/ads_papers/73121.csv	0eb3fbd5d7aaea6f1b27eaeb3793366635fdc7db	mission-data/17/Processing_Scripts/papers/ads_papers/73121.csv	exact
17	master	4ac61997	Processing_Scripts/papers/ads_papers/73122.csv	e69de29bb2d1d6434b8b29ae775ad8c2e48c5391	mission-data/17/Processing_Scripts/papers/ads_papers/73122.csv	exact
17	master	4ac61997	Processing_Scripts/papers/ads_papers/73123.csv	e69de29bb2d1d6434b8b29ae775ad8c2e48c5391	mission-data/17/Processing_Scripts/papers/ads_papers/73123.csv	exact
17	master	4ac61997	Processing_Scripts/papers/ads_papers/73124.csv	e69de29bb2d1d6434b8b29ae775ad8c2e48c5391	mission-data/17/Processing_Scripts/papers/ads_papers/73124.csv	exact
17	master	4ac61997	Processing_Scripts/papers/ads_papers/73130.csv	e69de29bb2d1d6434b8b29ae775ad8c2e48c5391	mission-data/17/Processing_Scripts/papers/ads_papers/73130.csv	exact
17	master	4ac61997	Processing_Scripts/papers/ads_papers/73131.csv	fd5de9a08737f1806d26f54fc66885c8e3df579f	mission-data/17/Processing_Scripts/papers/ads_papers/73131.csv	exact
17	master	4ac61997	Processing_Scripts/papers/ads_papers/73132.csv	e69de29bb2d1d6434b8b29ae775ad8c2e48c5391	mission-data/17/Processing_Scripts/papers/ads_papers/73132.csv	exact
17	master	4ac61997	Processing_Scripts/papers/ads_papers/73133.csv	e69de29bb2d1d6434b8b29ae775ad8c2e48c5391	mission-data/17/Processing_Scripts/papers/ads_papers/73133.csv	exact
17	master	4ac61997	Processing_Scripts/papers/ads_papers/73134.csv	e69de29bb2d1d6434b8b29ae775ad8c2e48c5391	mission-data/17/Processing_Scripts/papers/ads_papers/73134.csv	exact
17	master	4ac61997	Processing_Scripts/papers/ads_papers/73140.csv	e69de29bb2d1d6434b8b29ae775ad8c2e48c5391	mission-data/17/Processing_Scripts/papers/ads_papers/73140.csv	exact
17	master	4ac61997	Processing_Scripts/papers/ads_papers/73141.csv	0eb3fbd5d7aaea6f1b27eaeb3793366635fdc7db	mission-data/17/Processing_Scripts/papers/ads_papers/73141.csv	exact
17	master	4ac61997	Processing_Scripts/papers/ads_papers/73142.csv	e69de29bb2d1d6434b8b29ae775ad8c2e48c5391	mission-data/17/Processing_Scripts/papers/ads_papers/73142.csv	exact
17	master	4ac61997	Processing_Scripts/papers/ads_papers/73143.csv	e69de29bb2d1d6434b8b29ae775ad8c2e48c5391	mission-data/17/Processing_Scripts/papers/ads_papers/73143.csv	exact
17	master	4ac61997	Processing_Scripts/papers/ads_papers/73144.csv	e69de29bb2d1d6434b8b29ae775ad8c2e48c5391	mission-data/17/Processing_Scripts/papers/ads_papers/73144.csv	exact
17	master	4ac61997	Processing_Scripts/papers/ads_papers/73145.csv	e69de29bb2d1d6434b8b29ae775ad8c2e48c5391	mission-data/17/Processing_Scripts/papers/ads_papers/73145.csv	exact
17	master	4ac61997	Processing_Scripts/papers/ads_papers/73146.csv	e69de29bb2d1d6434b8b29ae775ad8c2e48c5391	mission-data/17/Processing_Scripts/papers/ads_papers/73146.csv	exact
17	master	4ac61997	Processing_Scripts/papers/ads_papers/73150.csv	e69de29bb2d1d6434b8b29ae775ad8c2e48c5391	mission-data/17/Processing_Scripts/papers/ads_papers/73150.csv	exact
17	master	4ac61997	Processing_Scripts/papers/ads_papers/73151.csv	e69de29bb2d1d6434b8b29ae775ad8c2e48c5391	mission-data/17/Processing_Scripts/papers/ads_papers/73151.csv	exact
17	master	4ac61997	Processing_Scripts/papers/ads_papers/73152.csv	e69de29bb2d1d6434b8b29ae775ad8c2e48c5391	mission-data/17/Processing_Scripts/papers/ads_papers/73152.csv	exact
17	master	4ac61997	Processing_Scripts/papers/ads_papers/73153.csv	e69de29bb2d1d6434b8b29ae775ad8c2e48c5391	mission-data/17/Processing_Scripts/papers/ads_papers/73153.csv	exact
17	master	4ac61997	Processing_Scripts/papers/ads_papers/73154.csv	e69de29bb2d1d6434b8b29ae775ad8c2e48c5391	mission-data/17/Processing_Scripts/papers/ads_papers/73154.csv	exact
17	master	4ac61997	Processing_Scripts/papers/ads_papers/73155.csv	4f60dd9620faa5d2ecda7862866e0f33a2fc613a	mission-data/17/Processing_Scripts/papers/ads_papers/73155.csv	exact
17	master	4ac61997	Processing_Scripts/papers/ads_papers/73156.csv	e69de29bb2d1d6434b8b29ae775ad8c2e48c5391	mission-data/17/Processing_Scripts/papers/ads_papers/73156.csv	exact
17	master	4ac61997	Processing_Scripts/papers/ads_papers/73210.csv	e69de29bb2d1d6434b8b29ae775ad8c2e48c5391	mission-data/17/Processing_Scripts/papers/ads_papers/73210.csv	exact
17	master	4ac61997	Processing_Scripts/papers/ads_papers/73211.csv	e69de29bb2d1d6434b8b29ae775ad8c2e48c5391	mission-data/17/Processing_Scripts/papers/ads_papers/73211.csv	exact
17	master	4ac61997	Processing_Scripts/papers/ads_papers/73212.csv	e69de29bb2d1d6434b8b29ae775ad8c2e48c5391	mission-data/17/Processing_Scripts/papers/ads_papers/73212.csv	exact
17	master	4ac61997	Processing_Scripts/papers/ads_papers/73213.csv	e69de29bb2d1d6434b8b29ae775ad8c2e48c5391	mission-data/17/Processing_Scripts/papers/ads_papers/73213.csv	exact
17	master	4ac61997	Processing_Scripts/papers/ads_papers/73214.csv	e69de29bb2d1d6434b8b29ae775ad8c2e48c5391	mission-data/17/Processing_Scripts/papers/ads_papers/73214.csv	exact
17	master	4ac61997	Processing_Scripts/papers/ads_papers/73215.csv	517e9bfe2d1793ad9f71891f3cfe52f8adc7365a	mission-data/17/Processing_Scripts/papers/ads_papers/73215.csv	exact
17	master	4ac61997	Processing_Scripts/papers/ads_papers/73216.csv	2333fbee91e3c3698a7e8b866e2dcf330b576849	mission-data/17/Processing_Scripts/papers/ads_papers/73216.csv	exact
17	master	4ac61997	Processing_Scripts/papers/ads_papers/73217.csv	dfb5aa05814ff23bcb250361501b72c41b989e7b	mission-data/17/Processing_Scripts/papers/ads_papers/73217.csv	exact
17	master	4ac61997	Processing_Scripts/papers/ads_papers/73218.csv	2333fbee91e3c3698a7e8b866e2dcf330b576849	mission-data/17/Processing_Scripts/papers/ads_papers/73218.csv	exact
17	master	4ac61997	Processing_Scripts/papers/ads_papers/73219.csv	e69de29bb2d1d6434b8b29ae775ad8c2e48c5391	mission-data/17/Processing_Scripts/papers/ads_papers/73219.csv	exact
17	master	4ac61997	Processing_Scripts/papers/ads_papers/73220.csv	9b2ad0c97e984c071b6e45d2524e587aae5c65d4	mission-data/17/Processing_Scripts/papers/ads_papers/73220.csv	exact
17	master	4ac61997	Processing_Scripts/papers/ads_papers/73221.csv	e69de29bb2d1d6434b8b29ae775ad8c2e48c5391	mission-data/17/Processing_Scripts/papers/ads_papers/73221.csv	exact
17	master	4ac61997	Processing_Scripts/papers/ads_papers/73222.csv	e69de29bb2d1d6434b8b29ae775ad8c2e48c5391	mission-data/17/Processing_Scripts/papers/ads_papers/73222.csv	exact
17	master	4ac61997	Processing_Scripts/papers/ads_papers/73223.csv	e69de29bb2d1d6434b8b29ae775ad8c2e48c5391	mission-data/17/Processing_Scripts/papers/ads_papers/73223.csv	exact
17	master	4ac61997	Processing_Scripts/papers/ads_papers/73224.csv	e69de29bb2d1d6434b8b29ae775ad8c2e48c5391	mission-data/17/Processing_Scripts/papers/ads_papers/73224.csv	exact
17	master	4ac61997	Processing_Scripts/papers/ads_papers/73225.csv	e69de29bb2d1d6434b8b29ae775ad8c2e48c5391	mission-data/17/Processing_Scripts/papers/ads_papers/73225.csv	exact
17	master	4ac61997	Processing_Scripts/papers/ads_papers/73230.csv	e69de29bb2d1d6434b8b29ae775ad8c2e48c5391	mission-data/17/Processing_Scripts/papers/ads_papers/73230.csv	exact
17	master	4ac61997	Processing_Scripts/papers/ads_papers/73235.csv	719fb983d262ff1e2c9db75c95f059e31de157d0	mission-data/17/Processing_Scripts/papers/ads_papers/73235.csv	exact
17	master	4ac61997	Processing_Scripts/papers/ads_papers/73240.csv	31d89c8007251a958dcf43003d3be0d0080bb689	mission-data/17/Processing_Scripts/papers/ads_papers/73240.csv	exact
17	master	4ac61997	Processing_Scripts/papers/ads_papers/73241.csv	e69de29bb2d1d6434b8b29ae775ad8c2e48c5391	mission-data/17/Processing_Scripts/papers/ads_papers/73241.csv	exact
17	master	4ac61997	Processing_Scripts/papers/ads_papers/73242.csv	e69de29bb2d1d6434b8b29ae775ad8c2e48c5391	mission-data/17/Processing_Scripts/papers/ads_papers/73242.csv	exact
17	master	4ac61997	Processing_Scripts/papers/ads_papers/73243.csv	97c440953d3e2965e21f4f659e3325f13ad9aadf	mission-data/17/Processing_Scripts/papers/ads_papers/73243.csv	exact
17	master	4ac61997	Processing_Scripts/papers/ads_papers/73244.csv	e69de29bb2d1d6434b8b29ae775ad8c2e48c5391	mission-data/17/Processing_Scripts/papers/ads_papers/73244.csv	exact
17	master	4ac61997	Processing_Scripts/papers/ads_papers/73245.csv	e69de29bb2d1d6434b8b29ae775ad8c2e48c5391	mission-data/17/Processing_Scripts/papers/ads_papers/73245.csv	exact
17	master	4ac61997	Processing_Scripts/papers/ads_papers/73250.csv	e69de29bb2d1d6434b8b29ae775ad8c2e48c5391	mission-data/17/Processing_Scripts/papers/ads_papers/73250.csv	exact
17	master	4ac61997	Processing_Scripts/papers/ads_papers/73255.csv	34749e067a97271798fc7067d3443d357d631d3c	mission-data/17/Processing_Scripts/papers/ads_papers/73255.csv	exact
17	master	4ac61997	Processing_Scripts/papers/ads_papers/73260.csv	e69de29bb2d1d6434b8b29ae775ad8c2e48c5391	mission-data/17/Processing_Scripts/papers/ads_papers/73260.csv	exact
17	master	4ac61997	Processing_Scripts/papers/ads_papers/73261.csv	e69de29bb2d1d6434b8b29ae775ad8c2e48c5391	mission-data/17/Processing_Scripts/papers/ads_papers/73261.csv	exact
17	master	4ac61997	Processing_Scripts/papers/ads_papers/73262.csv	e69de29bb2d1d6434b8b29ae775ad8c2e48c5391	mission-data/17/Processing_Scripts/papers/ads_papers/73262.csv	exact
17	master	4ac61997	Processing_Scripts/papers/ads_papers/73263.csv	32c77e39ae9ea1a7a1cc0bdfde49137710912a99	mission-data/17/Processing_Scripts/papers/ads_papers/73263.csv	exact
17	master	4ac61997	Processing_Scripts/papers/ads_papers/73264.csv	e69de29bb2d1d6434b8b29ae775ad8c2e48c5391	mission-data/17/Processing_Scripts/papers/ads_papers/73264.csv	exact
17	master	4ac61997	Processing_Scripts/papers/ads_papers/73270.csv	e69de29bb2d1d6434b8b29ae775ad8c2e48c5391	mission-data/17/Processing_Scripts/papers/ads_papers/73270.csv	exact
17	master	4ac61997	Processing_Scripts/papers/ads_papers/73275.csv	2333fbee91e3c3698a7e8b866e2dcf330b576849	mission-data/17/Processing_Scripts/papers/ads_papers/73275.csv	exact
17	master	4ac61997	Processing_Scripts/papers/ads_papers/73280.csv	e69de29bb2d1d6434b8b29ae775ad8c2e48c5391	mission-data/17/Processing_Scripts/papers/ads_papers/73280.csv	exact
17	master	4ac61997	Processing_Scripts/papers/ads_papers/73281.csv	e69de29bb2d1d6434b8b29ae775ad8c2e48c5391	mission-data/17/Processing_Scripts/papers/ads_papers/73281.csv	exact
17	master	4ac61997	Processing_Scripts/papers/ads_papers/73282.csv	e69de29bb2d1d6434b8b29ae775ad8c2e48c5391	mission-data/17/Processing_Scripts/papers/ads_papers/73282.csv	exact
17	master	4ac61997	Processing_Scripts/papers/ads_papers/73283.csv	e69de29bb2d1d6434b8b29ae775ad8c2e48c5391	mission-data/17/Processing_Scripts/papers/ads_papers/73283.csv	exact
17	master	4ac61997	Processing_Scripts/papers/ads_papers/73284.csv	e69de29bb2d1d6434b8b29ae775ad8c2e48c5391	mission-data/17/Processing_Scripts/papers/ads_papers/73284.csv	exact
17	master	4ac61997	Processing_Scripts/papers/ads_papers/73285.csv	e69de29bb2d1d6434b8b29ae775ad8c2e48c5391	mission-data/17/Processing_Scripts/papers/ads_papers/73285.csv	exact
17	master	4ac61997	Processing_Scripts/papers/ads_papers/74001.csv	47d31ee8c79343d8bd526fadf0106328304d9a09	mission-data/17/Processing_Scripts/papers/ads_papers/74001.csv	exact
17	master	4ac61997	Processing_Scripts/papers/ads_papers/74002.csv	c6ec2cd34565c26aac163373ca33a8fcad880529	mission-data/17/Processing_Scripts/papers/ads_papers/74002.csv	exact
17	master	4ac61997	Processing_Scripts/papers/ads_papers/74010.csv	e69de29bb2d1d6434b8b29ae775ad8c2e48c5391	mission-data/17/Processing_Scripts/papers/ads_papers/74010.csv	exact
17	master	4ac61997	Processing_Scripts/papers/ads_papers/74110.csv	e69de29bb2d1d6434b8b29ae775ad8c2e48c5391	mission-data/17/Processing_Scripts/papers/ads_papers/74110.csv	exact
17	master	4ac61997	Processing_Scripts/papers/ads_papers/74111.csv	e69de29bb2d1d6434b8b29ae775ad8c2e48c5391	mission-data/17/Processing_Scripts/papers/ads_papers/74111.csv	exact
17	master	4ac61997	Processing_Scripts/papers/ads_papers/74112.csv	e69de29bb2d1d6434b8b29ae775ad8c2e48c5391	mission-data/17/Processing_Scripts/papers/ads_papers/74112.csv	exact
17	master	4ac61997	Processing_Scripts/papers/ads_papers/74113.csv	e69de29bb2d1d6434b8b29ae775ad8c2e48c5391	mission-data/17/Processing_Scripts/papers/ads_papers/74113.csv	exact
17	master	4ac61997	Processing_Scripts/papers/ads_papers/74114.csv	16e1ba5177dbdcc707b125187f9c943d2d549cb9	mission-data/17/Processing_Scripts/papers/ads_papers/74114.csv	exact
17	master	4ac61997	Processing_Scripts/papers/ads_papers/74115.csv	e69de29bb2d1d6434b8b29ae775ad8c2e48c5391	mission-data/17/Processing_Scripts/papers/ads_papers/74115.csv	exact
17	master	4ac61997	Processing_Scripts/papers/ads_papers/74116.csv	e69de29bb2d1d6434b8b29ae775ad8c2e48c5391	mission-data/17/Processing_Scripts/papers/ads_papers/74116.csv	exact
17	master	4ac61997	Processing_Scripts/papers/ads_papers/74117.csv	e69de29bb2d1d6434b8b29ae775ad8c2e48c5391	mission-data/17/Processing_Scripts/papers/ads_papers/74117.csv	exact
17	master	4ac61997	Processing_Scripts/papers/ads_papers/74118.csv	e69de29bb2d1d6434b8b29ae775ad8c2e48c5391	mission-data/17/Processing_Scripts/papers/ads_papers/74118.csv	exact
17	master	4ac61997	Processing_Scripts/papers/ads_papers/74119.csv	e69de29bb2d1d6434b8b29ae775ad8c2e48c5391	mission-data/17/Processing_Scripts/papers/ads_papers/74119.csv	exact
17	master	4ac61997	Processing_Scripts/papers/ads_papers/74120.csv	e69de29bb2d1d6434b8b29ae775ad8c2e48c5391	mission-data/17/Processing_Scripts/papers/ads_papers/74120.csv	exact
17	master	4ac61997	Processing_Scripts/papers/ads_papers/74121.csv	860cf3b552b6f65162091058b1a53fc665ae5532	mission-data/17/Processing_Scripts/papers/ads_papers/74121.csv	exact
17	master	4ac61997	Processing_Scripts/papers/ads_papers/74122.csv	e69de29bb2d1d6434b8b29ae775ad8c2e48c5391	mission-data/17/Processing_Scripts/papers/ads_papers/74122.csv	exact
17	master	4ac61997	Processing_Scripts/papers/ads_papers/74123.csv	e69de29bb2d1d6434b8b29ae775ad8c2e48c5391	mission-data/17/Processing_Scripts/papers/ads_papers/74123.csv	exact
17	master	4ac61997	Processing_Scripts/papers/ads_papers/74124.csv	e69de29bb2d1d6434b8b29ae775ad8c2e48c5391	mission-data/17/Processing_Scripts/papers/ads_papers/74124.csv	exact
17	master	4ac61997	Processing_Scripts/papers/ads_papers/74220.csv	3aee431b17938a95c66dd91cfae28970218752a7	mission-data/17/Processing_Scripts/papers/ads_papers/74220.csv	exact
17	master	4ac61997	Processing_Scripts/papers/ads_papers/74230.csv	e69de29bb2d1d6434b8b29ae775ad8c2e48c5391	mission-data/17/Processing_Scripts/papers/ads_papers/74230.csv	exact
17	master	4ac61997	Processing_Scripts/papers/ads_papers/74235.csv	45ee73eed38de4ff170fb8fff9dd5ded0c624bce	mission-data/17/Processing_Scripts/papers/ads_papers/74235.csv	exact
17	master	4ac61997	Processing_Scripts/papers/ads_papers/74240.csv	032be79b0226870642bf09b9439c8ff603461021	mission-data/17/Processing_Scripts/papers/ads_papers/74240.csv	exact
17	master	4ac61997	Processing_Scripts/papers/ads_papers/74241.csv	047baaaa5d1397906ec2db1f419b99b7bc7d00df	mission-data/17/Processing_Scripts/papers/ads_papers/74241.csv	exact
17	master	4ac61997	Processing_Scripts/papers/ads_papers/74242.csv	89527bf2e7985e0bfee8b4ab476b3907051f32a1	mission-data/17/Processing_Scripts/papers/ads_papers/74242.csv	exact
17	master	4ac61997	Processing_Scripts/papers/ads_papers/74243.csv	e69de29bb2d1d6434b8b29ae775ad8c2e48c5391	mission-data/17/Processing_Scripts/papers/ads_papers/74243.csv	exact
17	master	4ac61997	Processing_Scripts/papers/ads_papers/74244.csv	e69de29bb2d1d6434b8b29ae775ad8c2e48c5391	mission-data/17/Processing_Scripts/papers/ads_papers/74244.csv	exact
17	master	4ac61997	Processing_Scripts/papers/ads_papers/74245.csv	e69de29bb2d1d6434b8b29ae775ad8c2e48c5391	mission-data/17/Processing_Scripts/papers/ads_papers/74245.csv	exact
17	master	4ac61997	Processing_Scripts/papers/ads_papers/74246.csv	0f8c38f89d20a3a0ec9eae90677b08ed11a216f3	mission-data/17/Processing_Scripts/papers/ads_papers/74246.csv	exact
17	master	4ac61997	Processing_Scripts/papers/ads_papers/74247.csv	e69de29bb2d1d6434b8b29ae775ad8c2e48c5391	mission-data/17/Processing_Scripts/papers/ads_papers/74247.csv	exact
17	master	4ac61997	Processing_Scripts/papers/ads_papers/74248.csv	e69de29bb2d1d6434b8b29ae775ad8c2e48c5391	mission-data/17/Processing_Scripts/papers/ads_papers/74248.csv	exact
17	master	4ac61997	Processing_Scripts/papers/ads_papers/74249.csv	e69de29bb2d1d6434b8b29ae775ad8c2e48c5391	mission-data/17/Processing_Scripts/papers/ads_papers/74249.csv	exact
17	master	4ac61997	Processing_Scripts/papers/ads_papers/74250.csv	ebd6fa5ec512baca6fb3d7eec030337bc0bafbcb	mission-data/17/Processing_Scripts/papers/ads_papers/74250.csv	exact
17	master	4ac61997	Processing_Scripts/papers/ads_papers/74255.csv	468cfc65fee3a96bfe82fb20260677ad522e79a6	mission-data/17/Processing_Scripts/papers/ads_papers/74255.csv	exact
17	master	4ac61997	Processing_Scripts/papers/ads_papers/74260.csv	1425a2ef243d95ac1a69cc2faa1012bda0387ac8	mission-data/17/Processing_Scripts/papers/ads_papers/74260.csv	exact
17	master	4ac61997	Processing_Scripts/papers/ads_papers/74270.csv	e69de29bb2d1d6434b8b29ae775ad8c2e48c5391	mission-data/17/Processing_Scripts/papers/ads_papers/74270.csv	exact
17	master	4ac61997	Processing_Scripts/papers/ads_papers/74275.csv	ab38d403349d17f303f4945bc22bfa35537fc57d	mission-data/17/Processing_Scripts/papers/ads_papers/74275.csv	exact
17	master	4ac61997	Processing_Scripts/papers/ads_papers/74285.csv	e69de29bb2d1d6434b8b29ae775ad8c2e48c5391	mission-data/17/Processing_Scripts/papers/ads_papers/74285.csv	exact
17	master	4ac61997	Processing_Scripts/papers/ads_papers/74286.csv	e69de29bb2d1d6434b8b29ae775ad8c2e48c5391	mission-data/17/Processing_Scripts/papers/ads_papers/74286.csv	exact
17	master	4ac61997	Processing_Scripts/papers/ads_papers/74287.csv	e69de29bb2d1d6434b8b29ae775ad8c2e48c5391	mission-data/17/Processing_Scripts/papers/ads_papers/74287.csv	exact
17	master	4ac61997	Processing_Scripts/papers/ads_papers/75010.csv	e69de29bb2d1d6434b8b29ae775ad8c2e48c5391	mission-data/17/Processing_Scripts/papers/ads_papers/75010.csv	exact
17	master	4ac61997	Processing_Scripts/papers/ads_papers/75015.csv	e69de29bb2d1d6434b8b29ae775ad8c2e48c5391	mission-data/17/Processing_Scripts/papers/ads_papers/75015.csv	exact
17	master	4ac61997	Processing_Scripts/papers/ads_papers/75030.csv	e69de29bb2d1d6434b8b29ae775ad8c2e48c5391	mission-data/17/Processing_Scripts/papers/ads_papers/75030.csv	exact
17	master	4ac61997	Processing_Scripts/papers/ads_papers/75035.csv	e730fc2b41fdcd6a8500fecc708a6605359c7494	mission-data/17/Processing_Scripts/papers/ads_papers/75035.csv	exact
17	master	4ac61997	Processing_Scripts/papers/ads_papers/75050.csv	e69de29bb2d1d6434b8b29ae775ad8c2e48c5391	mission-data/17/Processing_Scripts/papers/ads_papers/75050.csv	exact
17	master	4ac61997	Processing_Scripts/papers/ads_papers/75055.csv	2efff526213b57876cf0544a4d845385ce2ca0a4	mission-data/17/Processing_Scripts/papers/ads_papers/75055.csv	exact
17	master	4ac61997	Processing_Scripts/papers/ads_papers/75060.csv	e69de29bb2d1d6434b8b29ae775ad8c2e48c5391	mission-data/17/Processing_Scripts/papers/ads_papers/75060.csv	exact
17	master	4ac61997	Processing_Scripts/papers/ads_papers/75061.csv	e69de29bb2d1d6434b8b29ae775ad8c2e48c5391	mission-data/17/Processing_Scripts/papers/ads_papers/75061.csv	exact
17	master	4ac61997	Processing_Scripts/papers/ads_papers/75062.csv	e69de29bb2d1d6434b8b29ae775ad8c2e48c5391	mission-data/17/Processing_Scripts/papers/ads_papers/75062.csv	exact
17	master	4ac61997	Processing_Scripts/papers/ads_papers/75063.csv	e69de29bb2d1d6434b8b29ae775ad8c2e48c5391	mission-data/17/Processing_Scripts/papers/ads_papers/75063.csv	exact
17	master	4ac61997	Processing_Scripts/papers/ads_papers/75064.csv	e69de29bb2d1d6434b8b29ae775ad8c2e48c5391	mission-data/17/Processing_Scripts/papers/ads_papers/75064.csv	exact
17	master	4ac61997	Processing_Scripts/papers/ads_papers/75065.csv	e69de29bb2d1d6434b8b29ae775ad8c2e48c5391	mission-data/17/Processing_Scripts/papers/ads_papers/75065.csv	exact
17	master	4ac61997	Processing_Scripts/papers/ads_papers/75066.csv	e69de29bb2d1d6434b8b29ae775ad8c2e48c5391	mission-data/17/Processing_Scripts/papers/ads_papers/75066.csv	exact
17	master	4ac61997	Processing_Scripts/papers/ads_papers/75070.csv	e69de29bb2d1d6434b8b29ae775ad8c2e48c5391	mission-data/17/Processing_Scripts/papers/ads_papers/75070.csv	exact
17	master	4ac61997	Processing_Scripts/papers/ads_papers/75075.csv	a69632376e0e8a94de7ce80d859a90d8a117cab6	mission-data/17/Processing_Scripts/papers/ads_papers/75075.csv	exact
17	master	4ac61997	Processing_Scripts/papers/ads_papers/75080.csv	9bae13f54d2616a64108608d0ae4b1fe1f5ec0fb	mission-data/17/Processing_Scripts/papers/ads_papers/75080.csv	exact
17	master	4ac61997	Processing_Scripts/papers/ads_papers/75081.csv	b269cba4e84c72b094d23653bc9fec3e515eb65e	mission-data/17/Processing_Scripts/papers/ads_papers/75081.csv	exact
17	master	4ac61997	Processing_Scripts/papers/ads_papers/75082.csv	bf742f6d336e46c70a2758cbac31f492631cbb36	mission-data/17/Processing_Scripts/papers/ads_papers/75082.csv	exact
17	master	4ac61997	Processing_Scripts/papers/ads_papers/75083.csv	e69de29bb2d1d6434b8b29ae775ad8c2e48c5391	mission-data/17/Processing_Scripts/papers/ads_papers/75083.csv	exact
17	master	4ac61997	Processing_Scripts/papers/ads_papers/75084.csv	e69de29bb2d1d6434b8b29ae775ad8c2e48c5391	mission-data/17/Processing_Scripts/papers/ads_papers/75084.csv	exact
17	master	4ac61997	Processing_Scripts/papers/ads_papers/75085.csv	e69de29bb2d1d6434b8b29ae775ad8c2e48c5391	mission-data/17/Processing_Scripts/papers/ads_papers/75085.csv	exact
17	master	4ac61997	Processing_Scripts/papers/ads_papers/75086.csv	e69de29bb2d1d6434b8b29ae775ad8c2e48c5391	mission-data/17/Processing_Scripts/papers/ads_papers/75086.csv	exact
17	master	4ac61997	Processing_Scripts/papers/ads_papers/75087.csv	e69de29bb2d1d6434b8b29ae775ad8c2e48c5391	mission-data/17/Processing_Scripts/papers/ads_papers/75087.csv	exact
17	master	4ac61997	Processing_Scripts/papers/ads_papers/75088.csv	e69de29bb2d1d6434b8b29ae775ad8c2e48c5391	mission-data/17/Processing_Scripts/papers/ads_papers/75088.csv	exact
17	master	4ac61997	Processing_Scripts/papers/ads_papers/75089.csv	e69de29bb2d1d6434b8b29ae775ad8c2e48c5391	mission-data/17/Processing_Scripts/papers/ads_papers/75089.csv	exact
17	master	4ac61997	Processing_Scripts/papers/ads_papers/75110.csv	e69de29bb2d1d6434b8b29ae775ad8c2e48c5391	mission-data/17/Processing_Scripts/papers/ads_papers/75110.csv	exact
17	master	4ac61997	Processing_Scripts/papers/ads_papers/75111.csv	38e91351ce9739342e6185281ce051f5fc22a202	mission-data/17/Processing_Scripts/papers/ads_papers/75111.csv	exact
17	master	4ac61997	Processing_Scripts/papers/ads_papers/75112.csv	e69de29bb2d1d6434b8b29ae775ad8c2e48c5391	mission-data/17/Processing_Scripts/papers/ads_papers/75112.csv	exact
17	master	4ac61997	Processing_Scripts/papers/ads_papers/75113.csv	e69de29bb2d1d6434b8b29ae775ad8c2e48c5391	mission-data/17/Processing_Scripts/papers/ads_papers/75113.csv	exact
17	master	4ac61997	Processing_Scripts/papers/ads_papers/75114.csv	e69de29bb2d1d6434b8b29ae775ad8c2e48c5391	mission-data/17/Processing_Scripts/papers/ads_papers/75114.csv	exact
17	master	4ac61997	Processing_Scripts/papers/ads_papers/75115.csv	e69de29bb2d1d6434b8b29ae775ad8c2e48c5391	mission-data/17/Processing_Scripts/papers/ads_papers/75115.csv	exact
17	master	4ac61997	Processing_Scripts/papers/ads_papers/75120.csv	e69de29bb2d1d6434b8b29ae775ad8c2e48c5391	mission-data/17/Processing_Scripts/papers/ads_papers/75120.csv	exact
17	master	4ac61997	Processing_Scripts/papers/ads_papers/75121.csv	990fc8582945c33295f9ddae0e440c12a37ed6d1	mission-data/17/Processing_Scripts/papers/ads_papers/75121.csv	exact
17	master	4ac61997	Processing_Scripts/papers/ads_papers/75122.csv	e69de29bb2d1d6434b8b29ae775ad8c2e48c5391	mission-data/17/Processing_Scripts/papers/ads_papers/75122.csv	exact
17	master	4ac61997	Processing_Scripts/papers/ads_papers/75123.csv	e69de29bb2d1d6434b8b29ae775ad8c2e48c5391	mission-data/17/Processing_Scripts/papers/ads_papers/75123.csv	exact
17	master	4ac61997	Processing_Scripts/papers/ads_papers/75124.csv	e69de29bb2d1d6434b8b29ae775ad8c2e48c5391	mission-data/17/Processing_Scripts/papers/ads_papers/75124.csv	exact
17	master	4ac61997	Processing_Scripts/papers/ads_papers/76001.csv	77c41f9d381f60c8e7d206de529e34e448d2f23e	mission-data/17/Processing_Scripts/papers/ads_papers/76001.csv	exact
17	master	4ac61997	Processing_Scripts/papers/ads_papers/76010.csv	e69de29bb2d1d6434b8b29ae775ad8c2e48c5391	mission-data/17/Processing_Scripts/papers/ads_papers/76010.csv	exact
17	master	4ac61997	Processing_Scripts/papers/ads_papers/76015.csv	c75cdcaa296ee73d8fc4e6e4af527a9aca9b85cb	mission-data/17/Processing_Scripts/papers/ads_papers/76015.csv	exact
17	master	4ac61997	Processing_Scripts/papers/ads_papers/76030.csv	e69de29bb2d1d6434b8b29ae775ad8c2e48c5391	mission-data/17/Processing_Scripts/papers/ads_papers/76030.csv	exact
17	master	4ac61997	Processing_Scripts/papers/ads_papers/76031.csv	e69de29bb2d1d6434b8b29ae775ad8c2e48c5391	mission-data/17/Processing_Scripts/papers/ads_papers/76031.csv	exact
17	master	4ac61997	Processing_Scripts/papers/ads_papers/76032.csv	e69de29bb2d1d6434b8b29ae775ad8c2e48c5391	mission-data/17/Processing_Scripts/papers/ads_papers/76032.csv	exact
17	master	4ac61997	Processing_Scripts/papers/ads_papers/76033.csv	e69de29bb2d1d6434b8b29ae775ad8c2e48c5391	mission-data/17/Processing_Scripts/papers/ads_papers/76033.csv	exact
17	master	4ac61997	Processing_Scripts/papers/ads_papers/76034.csv	e69de29bb2d1d6434b8b29ae775ad8c2e48c5391	mission-data/17/Processing_Scripts/papers/ads_papers/76034.csv	exact
17	master	4ac61997	Processing_Scripts/papers/ads_papers/76035.csv	1b5e7f12c7fbd512fb6c80b5a85bffd3ffa1814e	mission-data/17/Processing_Scripts/papers/ads_papers/76035.csv	exact
17	master	4ac61997	Processing_Scripts/papers/ads_papers/76036.csv	e69de29bb2d1d6434b8b29ae775ad8c2e48c5391	mission-data/17/Processing_Scripts/papers/ads_papers/76036.csv	exact
17	master	4ac61997	Processing_Scripts/papers/ads_papers/76037.csv	e69de29bb2d1d6434b8b29ae775ad8c2e48c5391	mission-data/17/Processing_Scripts/papers/ads_papers/76037.csv	exact
17	master	4ac61997	Processing_Scripts/papers/ads_papers/76055.csv	87e3958474a891ee40703466b21ccea03b97dc22	mission-data/17/Processing_Scripts/papers/ads_papers/76055.csv	exact
17	master	4ac61997	Processing_Scripts/papers/ads_papers/76120.csv	e69de29bb2d1d6434b8b29ae775ad8c2e48c5391	mission-data/17/Processing_Scripts/papers/ads_papers/76120.csv	exact
17	master	4ac61997	Processing_Scripts/papers/ads_papers/76121.csv	e69de29bb2d1d6434b8b29ae775ad8c2e48c5391	mission-data/17/Processing_Scripts/papers/ads_papers/76121.csv	exact
17	master	4ac61997	Processing_Scripts/papers/ads_papers/76122.csv	e69de29bb2d1d6434b8b29ae775ad8c2e48c5391	mission-data/17/Processing_Scripts/papers/ads_papers/76122.csv	exact
17	master	4ac61997	Processing_Scripts/papers/ads_papers/76123.csv	e69de29bb2d1d6434b8b29ae775ad8c2e48c5391	mission-data/17/Processing_Scripts/papers/ads_papers/76123.csv	exact
17	master	4ac61997	Processing_Scripts/papers/ads_papers/76124.csv	e69de29bb2d1d6434b8b29ae775ad8c2e48c5391	mission-data/17/Processing_Scripts/papers/ads_papers/76124.csv	exact
17	master	4ac61997	Processing_Scripts/papers/ads_papers/76130.csv	e69de29bb2d1d6434b8b29ae775ad8c2e48c5391	mission-data/17/Processing_Scripts/papers/ads_papers/76130.csv	exact
17	master	4ac61997	Processing_Scripts/papers/ads_papers/76131.csv	e69de29bb2d1d6434b8b29ae775ad8c2e48c5391	mission-data/17/Processing_Scripts/papers/ads_papers/76131.csv	exact
17	master	4ac61997	Processing_Scripts/papers/ads_papers/76132.csv	e69de29bb2d1d6434b8b29ae775ad8c2e48c5391	mission-data/17/Processing_Scripts/papers/ads_papers/76132.csv	exact
17	master	4ac61997	Processing_Scripts/papers/ads_papers/76133.csv	e69de29bb2d1d6434b8b29ae775ad8c2e48c5391	mission-data/17/Processing_Scripts/papers/ads_papers/76133.csv	exact
17	master	4ac61997	Processing_Scripts/papers/ads_papers/76134.csv	e69de29bb2d1d6434b8b29ae775ad8c2e48c5391	mission-data/17/Processing_Scripts/papers/ads_papers/76134.csv	exact
17	master	4ac61997	Processing_Scripts/papers/ads_papers/76135.csv	5c3f967d11e3fb806830aa202077d21db22224be	mission-data/17/Processing_Scripts/papers/ads_papers/76135.csv	exact
17	master	4ac61997	Processing_Scripts/papers/ads_papers/76136.csv	8a24cef2e94d006f1766cb2d28f048b41583c1b9	mission-data/17/Processing_Scripts/papers/ads_papers/76136.csv	exact
17	master	4ac61997	Processing_Scripts/papers/ads_papers/76137.csv	e69de29bb2d1d6434b8b29ae775ad8c2e48c5391	mission-data/17/Processing_Scripts/papers/ads_papers/76137.csv	exact
17	master	4ac61997	Processing_Scripts/papers/ads_papers/76210.csv	e69de29bb2d1d6434b8b29ae775ad8c2e48c5391	mission-data/17/Processing_Scripts/papers/ads_papers/76210.csv	exact
17	master	4ac61997	Processing_Scripts/papers/ads_papers/76215.csv	272deec030f87fd2423101cfeb9b589a8301bf00	mission-data/17/Processing_Scripts/papers/ads_papers/76215.csv	exact
17	master	4ac61997	Processing_Scripts/papers/ads_papers/76220.csv	e69de29bb2d1d6434b8b29ae775ad8c2e48c5391	mission-data/17/Processing_Scripts/papers/ads_papers/76220.csv	exact
17	master	4ac61997	Processing_Scripts/papers/ads_papers/76221.csv	e69de29bb2d1d6434b8b29ae775ad8c2e48c5391	mission-data/17/Processing_Scripts/papers/ads_papers/76221.csv	exact
17	master	4ac61997	Processing_Scripts/papers/ads_papers/76222.csv	e69de29bb2d1d6434b8b29ae775ad8c2e48c5391	mission-data/17/Processing_Scripts/papers/ads_papers/76222.csv	exact
17	master	4ac61997	Processing_Scripts/papers/ads_papers/76223.csv	e69de29bb2d1d6434b8b29ae775ad8c2e48c5391	mission-data/17/Processing_Scripts/papers/ads_papers/76223.csv	exact
17	master	4ac61997	Processing_Scripts/papers/ads_papers/76224.csv	e69de29bb2d1d6434b8b29ae775ad8c2e48c5391	mission-data/17/Processing_Scripts/papers/ads_papers/76224.csv	exact
17	master	4ac61997	Processing_Scripts/papers/ads_papers/76230.csv	e69de29bb2d1d6434b8b29ae775ad8c2e48c5391	mission-data/17/Processing_Scripts/papers/ads_papers/76230.csv	exact
17	master	4ac61997	Processing_Scripts/papers/ads_papers/76235.csv	e69de29bb2d1d6434b8b29ae775ad8c2e48c5391	mission-data/17/Processing_Scripts/papers/ads_papers/76235.csv	exact
17	master	4ac61997	Processing_Scripts/papers/ads_papers/76236.csv	e69de29bb2d1d6434b8b29ae775ad8c2e48c5391	mission-data/17/Processing_Scripts/papers/ads_papers/76236.csv	exact
17	master	4ac61997	Processing_Scripts/papers/ads_papers/76237.csv	e69de29bb2d1d6434b8b29ae775ad8c2e48c5391	mission-data/17/Processing_Scripts/papers/ads_papers/76237.csv	exact
17	master	4ac61997	Processing_Scripts/papers/ads_papers/76238.csv	e69de29bb2d1d6434b8b29ae775ad8c2e48c5391	mission-data/17/Processing_Scripts/papers/ads_papers/76238.csv	exact
17	master	4ac61997	Processing_Scripts/papers/ads_papers/76239.csv	e69de29bb2d1d6434b8b29ae775ad8c2e48c5391	mission-data/17/Processing_Scripts/papers/ads_papers/76239.csv	exact
17	master	4ac61997	Processing_Scripts/papers/ads_papers/76240.csv	145a3193338330d501bdb06171285720cca32622	mission-data/17/Processing_Scripts/papers/ads_papers/76240.csv	exact
17	master	4ac61997	Processing_Scripts/papers/ads_papers/76241.csv	e69de29bb2d1d6434b8b29ae775ad8c2e48c5391	mission-data/17/Processing_Scripts/papers/ads_papers/76241.csv	exact
17	master	4ac61997	Processing_Scripts/papers/ads_papers/76242.csv	e69de29bb2d1d6434b8b29ae775ad8c2e48c5391	mission-data/17/Processing_Scripts/papers/ads_papers/76242.csv	exact
17	master	4ac61997	Processing_Scripts/papers/ads_papers/76243.csv	e69de29bb2d1d6434b8b29ae775ad8c2e48c5391	mission-data/17/Processing_Scripts/papers/ads_papers/76243.csv	exact
17	master	4ac61997	Processing_Scripts/papers/ads_papers/76244.csv	e69de29bb2d1d6434b8b29ae775ad8c2e48c5391	mission-data/17/Processing_Scripts/papers/ads_papers/76244.csv	exact
17	master	4ac61997	Processing_Scripts/papers/ads_papers/76245.csv	e69de29bb2d1d6434b8b29ae775ad8c2e48c5391	mission-data/17/Processing_Scripts/papers/ads_papers/76245.csv	exact
17	master	4ac61997	Processing_Scripts/papers/ads_papers/76246.csv	e69de29bb2d1d6434b8b29ae775ad8c2e48c5391	mission-data/17/Processing_Scripts/papers/ads_papers/76246.csv	exact
17	master	4ac61997	Processing_Scripts/papers/ads_papers/76250.csv	e69de29bb2d1d6434b8b29ae775ad8c2e48c5391	mission-data/17/Processing_Scripts/papers/ads_papers/76250.csv	exact
17	master	4ac61997	Processing_Scripts/papers/ads_papers/76255.csv	bc41544e90a5aa53ab9e72269c6fb5a3e2e5f7c9	mission-data/17/Processing_Scripts/papers/ads_papers/76255.csv	exact
17	master	4ac61997	Processing_Scripts/papers/ads_papers/76260.csv	e69de29bb2d1d6434b8b29ae775ad8c2e48c5391	mission-data/17/Processing_Scripts/papers/ads_papers/76260.csv	exact
17	master	4ac61997	Processing_Scripts/papers/ads_papers/76261.csv	e69de29bb2d1d6434b8b29ae775ad8c2e48c5391	mission-data/17/Processing_Scripts/papers/ads_papers/76261.csv	exact
17	master	4ac61997	Processing_Scripts/papers/ads_papers/76262.csv	e69de29bb2d1d6434b8b29ae775ad8c2e48c5391	mission-data/17/Processing_Scripts/papers/ads_papers/76262.csv	exact
17	master	4ac61997	Processing_Scripts/papers/ads_papers/76263.csv	e69de29bb2d1d6434b8b29ae775ad8c2e48c5391	mission-data/17/Processing_Scripts/papers/ads_papers/76263.csv	exact
17	master	4ac61997	Processing_Scripts/papers/ads_papers/76264.csv	e69de29bb2d1d6434b8b29ae775ad8c2e48c5391	mission-data/17/Processing_Scripts/papers/ads_papers/76264.csv	exact
17	master	4ac61997	Processing_Scripts/papers/ads_papers/76265.csv	e69de29bb2d1d6434b8b29ae775ad8c2e48c5391	mission-data/17/Processing_Scripts/papers/ads_papers/76265.csv	exact
17	master	4ac61997	Processing_Scripts/papers/ads_papers/76270.csv	e69de29bb2d1d6434b8b29ae775ad8c2e48c5391	mission-data/17/Processing_Scripts/papers/ads_papers/76270.csv	exact
17	master	4ac61997	Processing_Scripts/papers/ads_papers/76275.csv	6ac53e7c2eab3e3523df8c25b70d243a0dc84bcb	mission-data/17/Processing_Scripts/papers/ads_papers/76275.csv	exact
17	master	4ac61997	Processing_Scripts/papers/ads_papers/76280.csv	e69de29bb2d1d6434b8b29ae775ad8c2e48c5391	mission-data/17/Processing_Scripts/papers/ads_papers/76280.csv	exact
17	master	4ac61997	Processing_Scripts/papers/ads_papers/76281.csv	e69de29bb2d1d6434b8b29ae775ad8c2e48c5391	mission-data/17/Processing_Scripts/papers/ads_papers/76281.csv	exact
17	master	4ac61997	Processing_Scripts/papers/ads_papers/76282.csv	e69de29bb2d1d6434b8b29ae775ad8c2e48c5391	mission-data/17/Processing_Scripts/papers/ads_papers/76282.csv	exact
17	master	4ac61997	Processing_Scripts/papers/ads_papers/76283.csv	e2b24389f6a62524cbe194924be8aa5c2ac4555c	mission-data/17/Processing_Scripts/papers/ads_papers/76283.csv	exact
17	master	4ac61997	Processing_Scripts/papers/ads_papers/76284.csv	e69de29bb2d1d6434b8b29ae775ad8c2e48c5391	mission-data/17/Processing_Scripts/papers/ads_papers/76284.csv	exact
17	master	4ac61997	Processing_Scripts/papers/ads_papers/76285.csv	e69de29bb2d1d6434b8b29ae775ad8c2e48c5391	mission-data/17/Processing_Scripts/papers/ads_papers/76285.csv	exact
17	master	4ac61997	Processing_Scripts/papers/ads_papers/76286.csv	e69de29bb2d1d6434b8b29ae775ad8c2e48c5391	mission-data/17/Processing_Scripts/papers/ads_papers/76286.csv	exact
17	master	4ac61997	Processing_Scripts/papers/ads_papers/76290.csv	e69de29bb2d1d6434b8b29ae775ad8c2e48c5391	mission-data/17/Processing_Scripts/papers/ads_papers/76290.csv	exact
17	master	4ac61997	Processing_Scripts/papers/ads_papers/76295.csv	e725e2523827e4a287b0d3f82355be4ca8135214	mission-data/17/Processing_Scripts/papers/ads_papers/76295.csv	exact
17	master	4ac61997	Processing_Scripts/papers/ads_papers/76305.csv	e69de29bb2d1d6434b8b29ae775ad8c2e48c5391	mission-data/17/Processing_Scripts/papers/ads_papers/76305.csv	exact
17	master	4ac61997	Processing_Scripts/papers/ads_papers/76306.csv	e69de29bb2d1d6434b8b29ae775ad8c2e48c5391	mission-data/17/Processing_Scripts/papers/ads_papers/76306.csv	exact
17	master	4ac61997	Processing_Scripts/papers/ads_papers/76307.csv	e69de29bb2d1d6434b8b29ae775ad8c2e48c5391	mission-data/17/Processing_Scripts/papers/ads_papers/76307.csv	exact
17	master	4ac61997	Processing_Scripts/papers/ads_papers/76310.csv	e69de29bb2d1d6434b8b29ae775ad8c2e48c5391	mission-data/17/Processing_Scripts/papers/ads_papers/76310.csv	exact
17	master	4ac61997	Processing_Scripts/papers/ads_papers/76315.csv	7597a9d9ee4012e59cecb9665d83e7e58411c443	mission-data/17/Processing_Scripts/papers/ads_papers/76315.csv	exact
17	master	4ac61997	Processing_Scripts/papers/ads_papers/76320.csv	e69de29bb2d1d6434b8b29ae775ad8c2e48c5391	mission-data/17/Processing_Scripts/papers/ads_papers/76320.csv	exact
17	master	4ac61997	Processing_Scripts/papers/ads_papers/76321.csv	e69de29bb2d1d6434b8b29ae775ad8c2e48c5391	mission-data/17/Processing_Scripts/papers/ads_papers/76321.csv	exact
17	master	4ac61997	Processing_Scripts/papers/ads_papers/76322.csv	e69de29bb2d1d6434b8b29ae775ad8c2e48c5391	mission-data/17/Processing_Scripts/papers/ads_papers/76322.csv	exact
17	master	4ac61997	Processing_Scripts/papers/ads_papers/76323.csv	e69de29bb2d1d6434b8b29ae775ad8c2e48c5391	mission-data/17/Processing_Scripts/papers/ads_papers/76323.csv	exact
17	master	4ac61997	Processing_Scripts/papers/ads_papers/76324.csv	e69de29bb2d1d6434b8b29ae775ad8c2e48c5391	mission-data/17/Processing_Scripts/papers/ads_papers/76324.csv	exact
17	master	4ac61997	Processing_Scripts/papers/ads_papers/76330.csv	e69de29bb2d1d6434b8b29ae775ad8c2e48c5391	mission-data/17/Processing_Scripts/papers/ads_papers/76330.csv	exact
17	master	4ac61997	Processing_Scripts/papers/ads_papers/76335.csv	8e4358eeaaae1d877fab1a0ba4e4946e55a3ba2a	mission-data/17/Processing_Scripts/papers/ads_papers/76335.csv	exact
17	master	4ac61997	Processing_Scripts/papers/ads_papers/76500.csv	9b2ad0c97e984c071b6e45d2524e587aae5c65d4	mission-data/17/Processing_Scripts/papers/ads_papers/76500.csv	exact
17	master	4ac61997	Processing_Scripts/papers/ads_papers/76501.csv	a44842ffb5fbd609893d977457daafc930c27c1f	mission-data/17/Processing_Scripts/papers/ads_papers/76501.csv	exact
17	master	4ac61997	Processing_Scripts/papers/ads_papers/76502.csv	e69de29bb2d1d6434b8b29ae775ad8c2e48c5391	mission-data/17/Processing_Scripts/papers/ads_papers/76502.csv	exact
17	master	4ac61997	Processing_Scripts/papers/ads_papers/76503.csv	aa1c74a5ad125b6c9872017d220b8e0adca6a90e	mission-data/17/Processing_Scripts/papers/ads_papers/76503.csv	exact
17	master	4ac61997	Processing_Scripts/papers/ads_papers/76504.csv	851664595f82e5023889870f54c260578937d49f	mission-data/17/Processing_Scripts/papers/ads_papers/76504.csv	exact
17	master	4ac61997	Processing_Scripts/papers/ads_papers/76505.csv	e69de29bb2d1d6434b8b29ae775ad8c2e48c5391	mission-data/17/Processing_Scripts/papers/ads_papers/76505.csv	exact
17	master	4ac61997	Processing_Scripts/papers/ads_papers/76506.csv	e69de29bb2d1d6434b8b29ae775ad8c2e48c5391	mission-data/17/Processing_Scripts/papers/ads_papers/76506.csv	exact
17	master	4ac61997	Processing_Scripts/papers/ads_papers/76530.csv	e69de29bb2d1d6434b8b29ae775ad8c2e48c5391	mission-data/17/Processing_Scripts/papers/ads_papers/76530.csv	exact
17	master	4ac61997	Processing_Scripts/papers/ads_papers/76535.csv	0d56493fc8afe2218b40c1e931b4bab879713cf4	mission-data/17/Processing_Scripts/papers/ads_papers/76535.csv	exact
17	master	4ac61997	Processing_Scripts/papers/ads_papers/76536.csv	e69de29bb2d1d6434b8b29ae775ad8c2e48c5391	mission-data/17/Processing_Scripts/papers/ads_papers/76536.csv	exact
17	master	4ac61997	Processing_Scripts/papers/ads_papers/76537.csv	e69de29bb2d1d6434b8b29ae775ad8c2e48c5391	mission-data/17/Processing_Scripts/papers/ads_papers/76537.csv	exact
17	master	4ac61997	Processing_Scripts/papers/ads_papers/76538.csv	e69de29bb2d1d6434b8b29ae775ad8c2e48c5391	mission-data/17/Processing_Scripts/papers/ads_papers/76538.csv	exact
17	master	4ac61997	Processing_Scripts/papers/ads_papers/76539.csv	e69de29bb2d1d6434b8b29ae775ad8c2e48c5391	mission-data/17/Processing_Scripts/papers/ads_papers/76539.csv	exact
17	master	4ac61997	Processing_Scripts/papers/ads_papers/76545.csv	e69de29bb2d1d6434b8b29ae775ad8c2e48c5391	mission-data/17/Processing_Scripts/papers/ads_papers/76545.csv	exact
17	master	4ac61997	Processing_Scripts/papers/ads_papers/76546.csv	e69de29bb2d1d6434b8b29ae775ad8c2e48c5391	mission-data/17/Processing_Scripts/papers/ads_papers/76546.csv	exact
17	master	4ac61997	Processing_Scripts/papers/ads_papers/76547.csv	e69de29bb2d1d6434b8b29ae775ad8c2e48c5391	mission-data/17/Processing_Scripts/papers/ads_papers/76547.csv	exact
17	master	4ac61997	Processing_Scripts/papers/ads_papers/76548.csv	e69de29bb2d1d6434b8b29ae775ad8c2e48c5391	mission-data/17/Processing_Scripts/papers/ads_papers/76548.csv	exact
17	master	4ac61997	Processing_Scripts/papers/ads_papers/76549.csv	e69de29bb2d1d6434b8b29ae775ad8c2e48c5391	mission-data/17/Processing_Scripts/papers/ads_papers/76549.csv	exact
17	master	4ac61997	Processing_Scripts/papers/ads_papers/76555.csv	e69de29bb2d1d6434b8b29ae775ad8c2e48c5391	mission-data/17/Processing_Scripts/papers/ads_papers/76555.csv	exact
17	master	4ac61997	Processing_Scripts/papers/ads_papers/76556.csv	e69de29bb2d1d6434b8b29ae775ad8c2e48c5391	mission-data/17/Processing_Scripts/papers/ads_papers/76556.csv	exact
17	master	4ac61997	Processing_Scripts/papers/ads_papers/76557.csv	e69de29bb2d1d6434b8b29ae775ad8c2e48c5391	mission-data/17/Processing_Scripts/papers/ads_papers/76557.csv	exact
17	master	4ac61997	Processing_Scripts/papers/ads_papers/76558.csv	e69de29bb2d1d6434b8b29ae775ad8c2e48c5391	mission-data/17/Processing_Scripts/papers/ads_papers/76558.csv	exact
17	master	4ac61997	Processing_Scripts/papers/ads_papers/76559.csv	e69de29bb2d1d6434b8b29ae775ad8c2e48c5391	mission-data/17/Processing_Scripts/papers/ads_papers/76559.csv	exact
17	master	4ac61997	Processing_Scripts/papers/ads_papers/76565.csv	e69de29bb2d1d6434b8b29ae775ad8c2e48c5391	mission-data/17/Processing_Scripts/papers/ads_papers/76565.csv	exact
17	master	4ac61997	Processing_Scripts/papers/ads_papers/76566.csv	e69de29bb2d1d6434b8b29ae775ad8c2e48c5391	mission-data/17/Processing_Scripts/papers/ads_papers/76566.csv	exact
17	master	4ac61997	Processing_Scripts/papers/ads_papers/76567.csv	e69de29bb2d1d6434b8b29ae775ad8c2e48c5391	mission-data/17/Processing_Scripts/papers/ads_papers/76567.csv	exact
17	master	4ac61997	Processing_Scripts/papers/ads_papers/76568.csv	e69de29bb2d1d6434b8b29ae775ad8c2e48c5391	mission-data/17/Processing_Scripts/papers/ads_papers/76568.csv	exact
17	master	4ac61997	Processing_Scripts/papers/ads_papers/76569.csv	e69de29bb2d1d6434b8b29ae775ad8c2e48c5391	mission-data/17/Processing_Scripts/papers/ads_papers/76569.csv	exact
17	master	4ac61997	Processing_Scripts/papers/ads_papers/76575.csv	e69de29bb2d1d6434b8b29ae775ad8c2e48c5391	mission-data/17/Processing_Scripts/papers/ads_papers/76575.csv	exact
17	master	4ac61997	Processing_Scripts/papers/ads_papers/76576.csv	e69de29bb2d1d6434b8b29ae775ad8c2e48c5391	mission-data/17/Processing_Scripts/papers/ads_papers/76576.csv	exact
17	master	4ac61997	Processing_Scripts/papers/ads_papers/76577.csv	e69de29bb2d1d6434b8b29ae775ad8c2e48c5391	mission-data/17/Processing_Scripts/papers/ads_papers/76577.csv	exact
17	master	4ac61997	Processing_Scripts/papers/ads_papers/77010.csv	e69de29bb2d1d6434b8b29ae775ad8c2e48c5391	mission-data/17/Processing_Scripts/papers/ads_papers/77010.csv	exact
17	master	4ac61997	Processing_Scripts/papers/ads_papers/77017.csv	ff2f8b2f64dc55a7dac32deb850b10df60592d92	mission-data/17/Processing_Scripts/papers/ads_papers/77017.csv	exact
17	master	4ac61997	Processing_Scripts/papers/ads_papers/77035.csv	7b33553d5daa42f71cb3f8490126bf6d064b98d8	mission-data/17/Processing_Scripts/papers/ads_papers/77035.csv	exact
17	master	4ac61997	Processing_Scripts/papers/ads_papers/77070.csv	e69de29bb2d1d6434b8b29ae775ad8c2e48c5391	mission-data/17/Processing_Scripts/papers/ads_papers/77070.csv	exact
17	master	4ac61997	Processing_Scripts/papers/ads_papers/77075.csv	5ed2c5282a288f41ab95ddfd4916cc5e1dadd0e0	mission-data/17/Processing_Scripts/papers/ads_papers/77075.csv	exact
17	master	4ac61997	Processing_Scripts/papers/ads_papers/77076.csv	e69de29bb2d1d6434b8b29ae775ad8c2e48c5391	mission-data/17/Processing_Scripts/papers/ads_papers/77076.csv	exact
17	master	4ac61997	Processing_Scripts/papers/ads_papers/77077.csv	e69de29bb2d1d6434b8b29ae775ad8c2e48c5391	mission-data/17/Processing_Scripts/papers/ads_papers/77077.csv	exact
17	master	4ac61997	Processing_Scripts/papers/ads_papers/77110.csv	e69de29bb2d1d6434b8b29ae775ad8c2e48c5391	mission-data/17/Processing_Scripts/papers/ads_papers/77110.csv	exact
17	master	4ac61997	Processing_Scripts/papers/ads_papers/77115.csv	342dd46ba723de125904a032083476f58697febd	mission-data/17/Processing_Scripts/papers/ads_papers/77115.csv	exact
17	master	4ac61997	Processing_Scripts/papers/ads_papers/77130.csv	e69de29bb2d1d6434b8b29ae775ad8c2e48c5391	mission-data/17/Processing_Scripts/papers/ads_papers/77130.csv	exact
17	master	4ac61997	Processing_Scripts/papers/ads_papers/77135.csv	368ca2831bd1235766121ad6e3edac62c28332e9	mission-data/17/Processing_Scripts/papers/ads_papers/77135.csv	exact
17	master	4ac61997	Processing_Scripts/papers/ads_papers/77210.csv	e69de29bb2d1d6434b8b29ae775ad8c2e48c5391	mission-data/17/Processing_Scripts/papers/ads_papers/77210.csv	exact
17	master	4ac61997	Processing_Scripts/papers/ads_papers/77215.csv	3e974eb93d90f07003094baa2459e93194d1d569	mission-data/17/Processing_Scripts/papers/ads_papers/77215.csv	exact
17	master	4ac61997	Processing_Scripts/papers/ads_papers/77510.csv	e69de29bb2d1d6434b8b29ae775ad8c2e48c5391	mission-data/17/Processing_Scripts/papers/ads_papers/77510.csv	exact
17	master	4ac61997	Processing_Scripts/papers/ads_papers/77511.csv	e69de29bb2d1d6434b8b29ae775ad8c2e48c5391	mission-data/17/Processing_Scripts/papers/ads_papers/77511.csv	exact
17	master	4ac61997	Processing_Scripts/papers/ads_papers/77512.csv	e69de29bb2d1d6434b8b29ae775ad8c2e48c5391	mission-data/17/Processing_Scripts/papers/ads_papers/77512.csv	exact
17	master	4ac61997	Processing_Scripts/papers/ads_papers/77513.csv	e69de29bb2d1d6434b8b29ae775ad8c2e48c5391	mission-data/17/Processing_Scripts/papers/ads_papers/77513.csv	exact
17	master	4ac61997	Processing_Scripts/papers/ads_papers/77514.csv	e69de29bb2d1d6434b8b29ae775ad8c2e48c5391	mission-data/17/Processing_Scripts/papers/ads_papers/77514.csv	exact
17	master	4ac61997	Processing_Scripts/papers/ads_papers/77515.csv	e69de29bb2d1d6434b8b29ae775ad8c2e48c5391	mission-data/17/Processing_Scripts/papers/ads_papers/77515.csv	exact
17	master	4ac61997	Processing_Scripts/papers/ads_papers/77516.csv	e69de29bb2d1d6434b8b29ae775ad8c2e48c5391	mission-data/17/Processing_Scripts/papers/ads_papers/77516.csv	exact
17	master	4ac61997	Processing_Scripts/papers/ads_papers/77517.csv	95a4134366c41d527b4a07542673411d28ffc1eb	mission-data/17/Processing_Scripts/papers/ads_papers/77517.csv	exact
17	master	4ac61997	Processing_Scripts/papers/ads_papers/77518.csv	e69de29bb2d1d6434b8b29ae775ad8c2e48c5391	mission-data/17/Processing_Scripts/papers/ads_papers/77518.csv	exact
17	master	4ac61997	Processing_Scripts/papers/ads_papers/77519.csv	e69de29bb2d1d6434b8b29ae775ad8c2e48c5391	mission-data/17/Processing_Scripts/papers/ads_papers/77519.csv	exact
17	master	4ac61997	Processing_Scripts/papers/ads_papers/77525.csv	e69de29bb2d1d6434b8b29ae775ad8c2e48c5391	mission-data/17/Processing_Scripts/papers/ads_papers/77525.csv	exact
17	master	4ac61997	Processing_Scripts/papers/ads_papers/77526.csv	e69de29bb2d1d6434b8b29ae775ad8c2e48c5391	mission-data/17/Processing_Scripts/papers/ads_papers/77526.csv	exact
17	master	4ac61997	Processing_Scripts/papers/ads_papers/77530.csv	e69de29bb2d1d6434b8b29ae775ad8c2e48c5391	mission-data/17/Processing_Scripts/papers/ads_papers/77530.csv	exact
17	master	4ac61997	Processing_Scripts/papers/ads_papers/77531.csv	e69de29bb2d1d6434b8b29ae775ad8c2e48c5391	mission-data/17/Processing_Scripts/papers/ads_papers/77531.csv	exact
17	master	4ac61997	Processing_Scripts/papers/ads_papers/77532.csv	e69de29bb2d1d6434b8b29ae775ad8c2e48c5391	mission-data/17/Processing_Scripts/papers/ads_papers/77532.csv	exact
17	master	4ac61997	Processing_Scripts/papers/ads_papers/77533.csv	e69de29bb2d1d6434b8b29ae775ad8c2e48c5391	mission-data/17/Processing_Scripts/papers/ads_papers/77533.csv	exact
17	master	4ac61997	Processing_Scripts/papers/ads_papers/77534.csv	e69de29bb2d1d6434b8b29ae775ad8c2e48c5391	mission-data/17/Processing_Scripts/papers/ads_papers/77534.csv	exact
17	master	4ac61997	Processing_Scripts/papers/ads_papers/77535.csv	e69de29bb2d1d6434b8b29ae775ad8c2e48c5391	mission-data/17/Processing_Scripts/papers/ads_papers/77535.csv	exact
17	master	4ac61997	Processing_Scripts/papers/ads_papers/77536.csv	e69de29bb2d1d6434b8b29ae775ad8c2e48c5391	mission-data/17/Processing_Scripts/papers/ads_papers/77536.csv	exact
17	master	4ac61997	Processing_Scripts/papers/ads_papers/77537.csv	e69de29bb2d1d6434b8b29ae775ad8c2e48c5391	mission-data/17/Processing_Scripts/papers/ads_papers/77537.csv	exact
17	master	4ac61997	Processing_Scripts/papers/ads_papers/77538.csv	95a4134366c41d527b4a07542673411d28ffc1eb	mission-data/17/Processing_Scripts/papers/ads_papers/77538.csv	exact
17	master	4ac61997	Processing_Scripts/papers/ads_papers/77539.csv	e69de29bb2d1d6434b8b29ae775ad8c2e48c5391	mission-data/17/Processing_Scripts/papers/ads_papers/77539.csv	exact
17	master	4ac61997	Processing_Scripts/papers/ads_papers/77545.csv	9d36709132e6eb855fd8fde032cc9f247d930579	mission-data/17/Processing_Scripts/papers/ads_papers/77545.csv	exact
17	master	4ac61997	Processing_Scripts/papers/ads_papers/78120.csv	e69de29bb2d1d6434b8b29ae775ad8c2e48c5391	mission-data/17/Processing_Scripts/papers/ads_papers/78120.csv	exact
17	master	4ac61997	Processing_Scripts/papers/ads_papers/78121.csv	e69de29bb2d1d6434b8b29ae775ad8c2e48c5391	mission-data/17/Processing_Scripts/papers/ads_papers/78121.csv	exact
17	master	4ac61997	Processing_Scripts/papers/ads_papers/78122.csv	e69de29bb2d1d6434b8b29ae775ad8c2e48c5391	mission-data/17/Processing_Scripts/papers/ads_papers/78122.csv	exact
17	master	4ac61997	Processing_Scripts/papers/ads_papers/78123.csv	e69de29bb2d1d6434b8b29ae775ad8c2e48c5391	mission-data/17/Processing_Scripts/papers/ads_papers/78123.csv	exact
17	master	4ac61997	Processing_Scripts/papers/ads_papers/78124.csv	e69de29bb2d1d6434b8b29ae775ad8c2e48c5391	mission-data/17/Processing_Scripts/papers/ads_papers/78124.csv	exact
17	master	4ac61997	Processing_Scripts/papers/ads_papers/78130.csv	e69de29bb2d1d6434b8b29ae775ad8c2e48c5391	mission-data/17/Processing_Scripts/papers/ads_papers/78130.csv	exact
17	master	4ac61997	Processing_Scripts/papers/ads_papers/78135.csv	e69de29bb2d1d6434b8b29ae775ad8c2e48c5391	mission-data/17/Processing_Scripts/papers/ads_papers/78135.csv	exact
17	master	4ac61997	Processing_Scripts/papers/ads_papers/78150.csv	e69de29bb2d1d6434b8b29ae775ad8c2e48c5391	mission-data/17/Processing_Scripts/papers/ads_papers/78150.csv	exact
17	master	4ac61997	Processing_Scripts/papers/ads_papers/78155.csv	f5aa2230cecf831fdbf83270e5db9ab1ce83d61c	mission-data/17/Processing_Scripts/papers/ads_papers/78155.csv	exact
17	master	4ac61997	Processing_Scripts/papers/ads_papers/78220.csv	e69de29bb2d1d6434b8b29ae775ad8c2e48c5391	mission-data/17/Processing_Scripts/papers/ads_papers/78220.csv	exact
17	master	4ac61997	Processing_Scripts/papers/ads_papers/78221.csv	37b41847f27654d143644f6b97451a664fb1abd6	mission-data/17/Processing_Scripts/papers/ads_papers/78221.csv	exact
17	master	4ac61997	Processing_Scripts/papers/ads_papers/78222.csv	e69de29bb2d1d6434b8b29ae775ad8c2e48c5391	mission-data/17/Processing_Scripts/papers/ads_papers/78222.csv	exact
17	master	4ac61997	Processing_Scripts/papers/ads_papers/78223.csv	e69de29bb2d1d6434b8b29ae775ad8c2e48c5391	mission-data/17/Processing_Scripts/papers/ads_papers/78223.csv	exact
17	master	4ac61997	Processing_Scripts/papers/ads_papers/78224.csv	e69de29bb2d1d6434b8b29ae775ad8c2e48c5391	mission-data/17/Processing_Scripts/papers/ads_papers/78224.csv	exact
17	master	4ac61997	Processing_Scripts/papers/ads_papers/78230.csv	e69de29bb2d1d6434b8b29ae775ad8c2e48c5391	mission-data/17/Processing_Scripts/papers/ads_papers/78230.csv	exact
17	master	4ac61997	Processing_Scripts/papers/ads_papers/78231.csv	e69de29bb2d1d6434b8b29ae775ad8c2e48c5391	mission-data/17/Processing_Scripts/papers/ads_papers/78231.csv	exact
17	master	4ac61997	Processing_Scripts/papers/ads_papers/78232.csv	e69de29bb2d1d6434b8b29ae775ad8c2e48c5391	mission-data/17/Processing_Scripts/papers/ads_papers/78232.csv	exact
17	master	4ac61997	Processing_Scripts/papers/ads_papers/78233.csv	e69de29bb2d1d6434b8b29ae775ad8c2e48c5391	mission-data/17/Processing_Scripts/papers/ads_papers/78233.csv	exact
17	master	4ac61997	Processing_Scripts/papers/ads_papers/78234.csv	e69de29bb2d1d6434b8b29ae775ad8c2e48c5391	mission-data/17/Processing_Scripts/papers/ads_papers/78234.csv	exact
17	master	4ac61997	Processing_Scripts/papers/ads_papers/78235.csv	3a138203e0ac2adb308543ad5704f13209c3de91	mission-data/17/Processing_Scripts/papers/ads_papers/78235.csv	exact
17	master	4ac61997	Processing_Scripts/papers/ads_papers/78236.csv	ccaf8ef2a06526a20effcfdf220cd860d76b12fc	mission-data/17/Processing_Scripts/papers/ads_papers/78236.csv	exact
17	master	4ac61997	Processing_Scripts/papers/ads_papers/78238.csv	9d0bbf05b5c01a28fb3493081410a27a8127d135	mission-data/17/Processing_Scripts/papers/ads_papers/78238.csv	exact
17	master	4ac61997	Processing_Scripts/papers/ads_papers/78250.csv	e69de29bb2d1d6434b8b29ae775ad8c2e48c5391	mission-data/17/Processing_Scripts/papers/ads_papers/78250.csv	exact
17	master	4ac61997	Processing_Scripts/papers/ads_papers/78255.csv	e69de29bb2d1d6434b8b29ae775ad8c2e48c5391	mission-data/17/Processing_Scripts/papers/ads_papers/78255.csv	exact
17	master	4ac61997	Processing_Scripts/papers/ads_papers/78420.csv	e69de29bb2d1d6434b8b29ae775ad8c2e48c5391	mission-data/17/Processing_Scripts/papers/ads_papers/78420.csv	exact
17	master	4ac61997	Processing_Scripts/papers/ads_papers/78421.csv	084536e728a54632ea245457b44b7860643c8fd8	mission-data/17/Processing_Scripts/papers/ads_papers/78421.csv	exact
17	master	4ac61997	Processing_Scripts/papers/ads_papers/78422.csv	e69de29bb2d1d6434b8b29ae775ad8c2e48c5391	mission-data/17/Processing_Scripts/papers/ads_papers/78422.csv	exact
17	master	4ac61997	Processing_Scripts/papers/ads_papers/78423.csv	e69de29bb2d1d6434b8b29ae775ad8c2e48c5391	mission-data/17/Processing_Scripts/papers/ads_papers/78423.csv	exact
17	master	4ac61997	Processing_Scripts/papers/ads_papers/78424.csv	e69de29bb2d1d6434b8b29ae775ad8c2e48c5391	mission-data/17/Processing_Scripts/papers/ads_papers/78424.csv	exact
17	master	4ac61997	Processing_Scripts/papers/ads_papers/78440.csv	e69de29bb2d1d6434b8b29ae775ad8c2e48c5391	mission-data/17/Processing_Scripts/papers/ads_papers/78440.csv	exact
17	master	4ac61997	Processing_Scripts/papers/ads_papers/78441.csv	e69de29bb2d1d6434b8b29ae775ad8c2e48c5391	mission-data/17/Processing_Scripts/papers/ads_papers/78441.csv	exact
17	master	4ac61997	Processing_Scripts/papers/ads_papers/78442.csv	e69de29bb2d1d6434b8b29ae775ad8c2e48c5391	mission-data/17/Processing_Scripts/papers/ads_papers/78442.csv	exact
17	master	4ac61997	Processing_Scripts/papers/ads_papers/78443.csv	e69de29bb2d1d6434b8b29ae775ad8c2e48c5391	mission-data/17/Processing_Scripts/papers/ads_papers/78443.csv	exact
17	master	4ac61997	Processing_Scripts/papers/ads_papers/78444.csv	e69de29bb2d1d6434b8b29ae775ad8c2e48c5391	mission-data/17/Processing_Scripts/papers/ads_papers/78444.csv	exact
17	master	4ac61997	Processing_Scripts/papers/ads_papers/78460.csv	e69de29bb2d1d6434b8b29ae775ad8c2e48c5391	mission-data/17/Processing_Scripts/papers/ads_papers/78460.csv	exact
17	master	4ac61997	Processing_Scripts/papers/ads_papers/78461.csv	cf9f8a32f78e068965137f3661300c78ad7c2a9f	mission-data/17/Processing_Scripts/papers/ads_papers/78461.csv	exact
17	master	4ac61997	Processing_Scripts/papers/ads_papers/78462.csv	e69de29bb2d1d6434b8b29ae775ad8c2e48c5391	mission-data/17/Processing_Scripts/papers/ads_papers/78462.csv	exact
17	master	4ac61997	Processing_Scripts/papers/ads_papers/78463.csv	e69de29bb2d1d6434b8b29ae775ad8c2e48c5391	mission-data/17/Processing_Scripts/papers/ads_papers/78463.csv	exact
17	master	4ac61997	Processing_Scripts/papers/ads_papers/78464.csv	e69de29bb2d1d6434b8b29ae775ad8c2e48c5391	mission-data/17/Processing_Scripts/papers/ads_papers/78464.csv	exact
17	master	4ac61997	Processing_Scripts/papers/ads_papers/78465.csv	e69de29bb2d1d6434b8b29ae775ad8c2e48c5391	mission-data/17/Processing_Scripts/papers/ads_papers/78465.csv	exact
17	master	4ac61997	Processing_Scripts/papers/ads_papers/78480.csv	e69de29bb2d1d6434b8b29ae775ad8c2e48c5391	mission-data/17/Processing_Scripts/papers/ads_papers/78480.csv	exact
17	master	4ac61997	Processing_Scripts/papers/ads_papers/78481.csv	9e7f7af32a9987c01df14eb33fef8672f88ddba4	mission-data/17/Processing_Scripts/papers/ads_papers/78481.csv	exact
17	master	4ac61997	Processing_Scripts/papers/ads_papers/78482.csv	e69de29bb2d1d6434b8b29ae775ad8c2e48c5391	mission-data/17/Processing_Scripts/papers/ads_papers/78482.csv	exact
17	master	4ac61997	Processing_Scripts/papers/ads_papers/78483.csv	e69de29bb2d1d6434b8b29ae775ad8c2e48c5391	mission-data/17/Processing_Scripts/papers/ads_papers/78483.csv	exact
17	master	4ac61997	Processing_Scripts/papers/ads_papers/78484.csv	e69de29bb2d1d6434b8b29ae775ad8c2e48c5391	mission-data/17/Processing_Scripts/papers/ads_papers/78484.csv	exact
17	master	4ac61997	Processing_Scripts/papers/ads_papers/78500.csv	e69de29bb2d1d6434b8b29ae775ad8c2e48c5391	mission-data/17/Processing_Scripts/papers/ads_papers/78500.csv	exact
17	master	4ac61997	Processing_Scripts/papers/ads_papers/78501.csv	e69de29bb2d1d6434b8b29ae775ad8c2e48c5391	mission-data/17/Processing_Scripts/papers/ads_papers/78501.csv	exact
17	master	4ac61997	Processing_Scripts/papers/ads_papers/78502.csv	bf742f6d336e46c70a2758cbac31f492631cbb36	mission-data/17/Processing_Scripts/papers/ads_papers/78502.csv	exact
17	master	4ac61997	Processing_Scripts/papers/ads_papers/78503.csv	8c736987089d995659d0d410cc5a9affe55d0c27	mission-data/17/Processing_Scripts/papers/ads_papers/78503.csv	exact
17	master	4ac61997	Processing_Scripts/papers/ads_papers/78504.csv	e69de29bb2d1d6434b8b29ae775ad8c2e48c5391	mission-data/17/Processing_Scripts/papers/ads_papers/78504.csv	exact
17	master	4ac61997	Processing_Scripts/papers/ads_papers/78505.csv	e69de29bb2d1d6434b8b29ae775ad8c2e48c5391	mission-data/17/Processing_Scripts/papers/ads_papers/78505.csv	exact
17	master	4ac61997	Processing_Scripts/papers/ads_papers/78506.csv	e69de29bb2d1d6434b8b29ae775ad8c2e48c5391	mission-data/17/Processing_Scripts/papers/ads_papers/78506.csv	exact
17	master	4ac61997	Processing_Scripts/papers/ads_papers/78507.csv	e69de29bb2d1d6434b8b29ae775ad8c2e48c5391	mission-data/17/Processing_Scripts/papers/ads_papers/78507.csv	exact
17	master	4ac61997	Processing_Scripts/papers/ads_papers/78508.csv	6017ce2b664e0b8d058ff3fafdae1a9d39b7ad22	mission-data/17/Processing_Scripts/papers/ads_papers/78508.csv	exact
17	master	4ac61997	Processing_Scripts/papers/ads_papers/78509.csv	e69de29bb2d1d6434b8b29ae775ad8c2e48c5391	mission-data/17/Processing_Scripts/papers/ads_papers/78509.csv	exact
17	master	4ac61997	Processing_Scripts/papers/ads_papers/78515.csv	e69de29bb2d1d6434b8b29ae775ad8c2e48c5391	mission-data/17/Processing_Scripts/papers/ads_papers/78515.csv	exact
17	master	4ac61997	Processing_Scripts/papers/ads_papers/78516.csv	e69de29bb2d1d6434b8b29ae775ad8c2e48c5391	mission-data/17/Processing_Scripts/papers/ads_papers/78516.csv	exact
17	master	4ac61997	Processing_Scripts/papers/ads_papers/78517.csv	e69de29bb2d1d6434b8b29ae775ad8c2e48c5391	mission-data/17/Processing_Scripts/papers/ads_papers/78517.csv	exact
17	master	4ac61997	Processing_Scripts/papers/ads_papers/78518.csv	e69de29bb2d1d6434b8b29ae775ad8c2e48c5391	mission-data/17/Processing_Scripts/papers/ads_papers/78518.csv	exact
17	master	4ac61997	Processing_Scripts/papers/ads_papers/78525.csv	e69de29bb2d1d6434b8b29ae775ad8c2e48c5391	mission-data/17/Processing_Scripts/papers/ads_papers/78525.csv	exact
17	master	4ac61997	Processing_Scripts/papers/ads_papers/78526.csv	d2d5353a81c87c846faaf9413f80e8276f9f8943	mission-data/17/Processing_Scripts/papers/ads_papers/78526.csv	exact
17	master	4ac61997	Processing_Scripts/papers/ads_papers/78527.csv	c80e7aafb9bece38a180d8142fc2cded6c0cebd3	mission-data/17/Processing_Scripts/papers/ads_papers/78527.csv	exact
17	master	4ac61997	Processing_Scripts/papers/ads_papers/78528.csv	e69de29bb2d1d6434b8b29ae775ad8c2e48c5391	mission-data/17/Processing_Scripts/papers/ads_papers/78528.csv	exact
17	master	4ac61997	Processing_Scripts/papers/ads_papers/78530.csv	e69de29bb2d1d6434b8b29ae775ad8c2e48c5391	mission-data/17/Processing_Scripts/papers/ads_papers/78530.csv	exact
17	master	4ac61997	Processing_Scripts/papers/ads_papers/78535.csv	e69de29bb2d1d6434b8b29ae775ad8c2e48c5391	mission-data/17/Processing_Scripts/papers/ads_papers/78535.csv	exact
17	master	4ac61997	Processing_Scripts/papers/ads_papers/78536.csv	e69de29bb2d1d6434b8b29ae775ad8c2e48c5391	mission-data/17/Processing_Scripts/papers/ads_papers/78536.csv	exact
17	master	4ac61997	Processing_Scripts/papers/ads_papers/78537.csv	e69de29bb2d1d6434b8b29ae775ad8c2e48c5391	mission-data/17/Processing_Scripts/papers/ads_papers/78537.csv	exact
17	master	4ac61997	Processing_Scripts/papers/ads_papers/78538.csv	e69de29bb2d1d6434b8b29ae775ad8c2e48c5391	mission-data/17/Processing_Scripts/papers/ads_papers/78538.csv	exact
17	master	4ac61997	Processing_Scripts/papers/ads_papers/78539.csv	e69de29bb2d1d6434b8b29ae775ad8c2e48c5391	mission-data/17/Processing_Scripts/papers/ads_papers/78539.csv	exact
17	master	4ac61997	Processing_Scripts/papers/ads_papers/78545.csv	e69de29bb2d1d6434b8b29ae775ad8c2e48c5391	mission-data/17/Processing_Scripts/papers/ads_papers/78545.csv	exact
17	master	4ac61997	Processing_Scripts/papers/ads_papers/78546.csv	e69de29bb2d1d6434b8b29ae775ad8c2e48c5391	mission-data/17/Processing_Scripts/papers/ads_papers/78546.csv	exact
17	master	4ac61997	Processing_Scripts/papers/ads_papers/78547.csv	e69de29bb2d1d6434b8b29ae775ad8c2e48c5391	mission-data/17/Processing_Scripts/papers/ads_papers/78547.csv	exact
17	master	4ac61997	Processing_Scripts/papers/ads_papers/78548.csv	e69de29bb2d1d6434b8b29ae775ad8c2e48c5391	mission-data/17/Processing_Scripts/papers/ads_papers/78548.csv	exact
17	master	4ac61997	Processing_Scripts/papers/ads_papers/78549.csv	e69de29bb2d1d6434b8b29ae775ad8c2e48c5391	mission-data/17/Processing_Scripts/papers/ads_papers/78549.csv	exact
17	master	4ac61997	Processing_Scripts/papers/ads_papers/78555.csv	5cdc128db9c1bd8ab77c5cd28ee1d2782489009b	mission-data/17/Processing_Scripts/papers/ads_papers/78555.csv	exact
17	master	4ac61997	Processing_Scripts/papers/ads_papers/78556.csv	e69de29bb2d1d6434b8b29ae775ad8c2e48c5391	mission-data/17/Processing_Scripts/papers/ads_papers/78556.csv	exact
17	master	4ac61997	Processing_Scripts/papers/ads_papers/78557.csv	e69de29bb2d1d6434b8b29ae775ad8c2e48c5391	mission-data/17/Processing_Scripts/papers/ads_papers/78557.csv	exact
17	master	4ac61997	Processing_Scripts/papers/ads_papers/78558.csv	e69de29bb2d1d6434b8b29ae775ad8c2e48c5391	mission-data/17/Processing_Scripts/papers/ads_papers/78558.csv	exact
17	master	4ac61997	Processing_Scripts/papers/ads_papers/78559.csv	e69de29bb2d1d6434b8b29ae775ad8c2e48c5391	mission-data/17/Processing_Scripts/papers/ads_papers/78559.csv	exact
17	master	4ac61997	Processing_Scripts/papers/ads_papers/78565.csv	e69de29bb2d1d6434b8b29ae775ad8c2e48c5391	mission-data/17/Processing_Scripts/papers/ads_papers/78565.csv	exact
17	master	4ac61997	Processing_Scripts/papers/ads_papers/78566.csv	e69de29bb2d1d6434b8b29ae775ad8c2e48c5391	mission-data/17/Processing_Scripts/papers/ads_papers/78566.csv	exact
17	master	4ac61997	Processing_Scripts/papers/ads_papers/78567.csv	e69de29bb2d1d6434b8b29ae775ad8c2e48c5391	mission-data/17/Processing_Scripts/papers/ads_papers/78567.csv	exact
17	master	4ac61997	Processing_Scripts/papers/ads_papers/78568.csv	e69de29bb2d1d6434b8b29ae775ad8c2e48c5391	mission-data/17/Processing_Scripts/papers/ads_papers/78568.csv	exact
17	master	4ac61997	Processing_Scripts/papers/ads_papers/78569.csv	e69de29bb2d1d6434b8b29ae775ad8c2e48c5391	mission-data/17/Processing_Scripts/papers/ads_papers/78569.csv	exact
17	master	4ac61997	Processing_Scripts/papers/ads_papers/78575.csv	e69de29bb2d1d6434b8b29ae775ad8c2e48c5391	mission-data/17/Processing_Scripts/papers/ads_papers/78575.csv	exact
17	master	4ac61997	Processing_Scripts/papers/ads_papers/78576.csv	e69de29bb2d1d6434b8b29ae775ad8c2e48c5391	mission-data/17/Processing_Scripts/papers/ads_papers/78576.csv	exact
17	master	4ac61997	Processing_Scripts/papers/ads_papers/78577.csv	e69de29bb2d1d6434b8b29ae775ad8c2e48c5391	mission-data/17/Processing_Scripts/papers/ads_papers/78577.csv	exact
17	master	4ac61997	Processing_Scripts/papers/ads_papers/78578.csv	e69de29bb2d1d6434b8b29ae775ad8c2e48c5391	mission-data/17/Processing_Scripts/papers/ads_papers/78578.csv	exact
17	master	4ac61997	Processing_Scripts/papers/ads_papers/78579.csv	6017ce2b664e0b8d058ff3fafdae1a9d39b7ad22	mission-data/17/Processing_Scripts/papers/ads_papers/78579.csv	exact
17	master	4ac61997	Processing_Scripts/papers/ads_papers/78585.csv	e69de29bb2d1d6434b8b29ae775ad8c2e48c5391	mission-data/17/Processing_Scripts/papers/ads_papers/78585.csv	exact
17	master	4ac61997	Processing_Scripts/papers/ads_papers/78586.csv	e69de29bb2d1d6434b8b29ae775ad8c2e48c5391	mission-data/17/Processing_Scripts/papers/ads_papers/78586.csv	exact
17	master	4ac61997	Processing_Scripts/papers/ads_papers/78587.csv	e69de29bb2d1d6434b8b29ae775ad8c2e48c5391	mission-data/17/Processing_Scripts/papers/ads_papers/78587.csv	exact
17	master	4ac61997	Processing_Scripts/papers/ads_papers/78588.csv	e69de29bb2d1d6434b8b29ae775ad8c2e48c5391	mission-data/17/Processing_Scripts/papers/ads_papers/78588.csv	exact
17	master	4ac61997	Processing_Scripts/papers/ads_papers/78589.csv	e69de29bb2d1d6434b8b29ae775ad8c2e48c5391	mission-data/17/Processing_Scripts/papers/ads_papers/78589.csv	exact
17	master	4ac61997	Processing_Scripts/papers/ads_papers/78595.csv	e69de29bb2d1d6434b8b29ae775ad8c2e48c5391	mission-data/17/Processing_Scripts/papers/ads_papers/78595.csv	exact
17	master	4ac61997	Processing_Scripts/papers/ads_papers/78596.csv	e69de29bb2d1d6434b8b29ae775ad8c2e48c5391	mission-data/17/Processing_Scripts/papers/ads_papers/78596.csv	exact
17	master	4ac61997	Processing_Scripts/papers/ads_papers/78597.csv	e69de29bb2d1d6434b8b29ae775ad8c2e48c5391	mission-data/17/Processing_Scripts/papers/ads_papers/78597.csv	exact
17	master	4ac61997	Processing_Scripts/papers/ads_papers/78598.csv	e69de29bb2d1d6434b8b29ae775ad8c2e48c5391	mission-data/17/Processing_Scripts/papers/ads_papers/78598.csv	exact
17	master	4ac61997	Processing_Scripts/papers/ads_papers/78599.csv	e69de29bb2d1d6434b8b29ae775ad8c2e48c5391	mission-data/17/Processing_Scripts/papers/ads_papers/78599.csv	exact
17	master	4ac61997	Processing_Scripts/papers/ads_papers/79001.csv	ed814f1cfd483d8653560ca393ef74b5009c05f8	mission-data/17/Processing_Scripts/papers/ads_papers/79001.csv	exact
17	master	4ac61997	Processing_Scripts/papers/ads_papers/79002.csv	3737ce8c984d9fc09c52f7af68296adef64d316c	mission-data/17/Processing_Scripts/papers/ads_papers/79002.csv	exact
17	master	4ac61997	Processing_Scripts/papers/ads_papers/79010.csv	e69de29bb2d1d6434b8b29ae775ad8c2e48c5391	mission-data/17/Processing_Scripts/papers/ads_papers/79010.csv	exact
17	master	4ac61997	Processing_Scripts/papers/ads_papers/79035.csv	e75b25a6475350b4a1acde490b613c0c3756f8cb	mission-data/17/Processing_Scripts/papers/ads_papers/79035.csv	exact
17	master	4ac61997	Processing_Scripts/papers/ads_papers/79110.csv	e69de29bb2d1d6434b8b29ae775ad8c2e48c5391	mission-data/17/Processing_Scripts/papers/ads_papers/79110.csv	exact
17	master	4ac61997	Processing_Scripts/papers/ads_papers/79115.csv	fc51e7bb1bf71a6af5473b361eed2fd1edd2d0de	mission-data/17/Processing_Scripts/papers/ads_papers/79115.csv	exact
17	master	4ac61997	Processing_Scripts/papers/ads_papers/79120.csv	e69de29bb2d1d6434b8b29ae775ad8c2e48c5391	mission-data/17/Processing_Scripts/papers/ads_papers/79120.csv	exact
17	master	4ac61997	Processing_Scripts/papers/ads_papers/79121.csv	e69de29bb2d1d6434b8b29ae775ad8c2e48c5391	mission-data/17/Processing_Scripts/papers/ads_papers/79121.csv	exact
17	master	4ac61997	Processing_Scripts/papers/ads_papers/79122.csv	e69de29bb2d1d6434b8b29ae775ad8c2e48c5391	mission-data/17/Processing_Scripts/papers/ads_papers/79122.csv	exact
17	master	4ac61997	Processing_Scripts/papers/ads_papers/79123.csv	e69de29bb2d1d6434b8b29ae775ad8c2e48c5391	mission-data/17/Processing_Scripts/papers/ads_papers/79123.csv	exact
17	master	4ac61997	Processing_Scripts/papers/ads_papers/79124.csv	e69de29bb2d1d6434b8b29ae775ad8c2e48c5391	mission-data/17/Processing_Scripts/papers/ads_papers/79124.csv	exact
17	master	4ac61997	Processing_Scripts/papers/ads_papers/79125.csv	e69de29bb2d1d6434b8b29ae775ad8c2e48c5391	mission-data/17/Processing_Scripts/papers/ads_papers/79125.csv	exact
17	master	4ac61997	Processing_Scripts/papers/ads_papers/79130.csv	e69de29bb2d1d6434b8b29ae775ad8c2e48c5391	mission-data/17/Processing_Scripts/papers/ads_papers/79130.csv	exact
17	master	4ac61997	Processing_Scripts/papers/ads_papers/79135.csv	987529b2ef52fe6692889dce568a7b4b0d84042d	mission-data/17/Processing_Scripts/papers/ads_papers/79135.csv	exact
17	master	4ac61997	Processing_Scripts/papers/ads_papers/79150.csv	e69de29bb2d1d6434b8b29ae775ad8c2e48c5391	mission-data/17/Processing_Scripts/papers/ads_papers/79150.csv	exact
17	master	4ac61997	Processing_Scripts/papers/ads_papers/79155.csv	8a24cef2e94d006f1766cb2d28f048b41583c1b9	mission-data/17/Processing_Scripts/papers/ads_papers/79155.csv	exact
17	master	4ac61997	Processing_Scripts/papers/ads_papers/79170.csv	e69de29bb2d1d6434b8b29ae775ad8c2e48c5391	mission-data/17/Processing_Scripts/papers/ads_papers/79170.csv	exact
17	master	4ac61997	Processing_Scripts/papers/ads_papers/79175.csv	e69de29bb2d1d6434b8b29ae775ad8c2e48c5391	mission-data/17/Processing_Scripts/papers/ads_papers/79175.csv	exact
17	master	4ac61997	Processing_Scripts/papers/ads_papers/79190.csv	e69de29bb2d1d6434b8b29ae775ad8c2e48c5391	mission-data/17/Processing_Scripts/papers/ads_papers/79190.csv	exact
17	master	4ac61997	Processing_Scripts/papers/ads_papers/79195.csv	0f8c38f89d20a3a0ec9eae90677b08ed11a216f3	mission-data/17/Processing_Scripts/papers/ads_papers/79195.csv	exact
17	master	4ac61997	Processing_Scripts/papers/ads_papers/79210.csv	e69de29bb2d1d6434b8b29ae775ad8c2e48c5391	mission-data/17/Processing_Scripts/papers/ads_papers/79210.csv	exact
17	master	4ac61997	Processing_Scripts/papers/ads_papers/79215.csv	7c74db23bc703bb4b1d869232a1ec8d1838f5609	mission-data/17/Processing_Scripts/papers/ads_papers/79215.csv	exact
17	master	4ac61997	Processing_Scripts/papers/ads_papers/79220.csv	e69de29bb2d1d6434b8b29ae775ad8c2e48c5391	mission-data/17/Processing_Scripts/papers/ads_papers/79220.csv	exact
17	master	4ac61997	Processing_Scripts/papers/ads_papers/79221.csv	8e243957849b83ca2c74ff4ca9956b153b9a5328	mission-data/17/Processing_Scripts/papers/ads_papers/79221.csv	exact
17	master	4ac61997	Processing_Scripts/papers/ads_papers/79222.csv	e69de29bb2d1d6434b8b29ae775ad8c2e48c5391	mission-data/17/Processing_Scripts/papers/ads_papers/79222.csv	exact
17	master	4ac61997	Processing_Scripts/papers/ads_papers/79223.csv	e69de29bb2d1d6434b8b29ae775ad8c2e48c5391	mission-data/17/Processing_Scripts/papers/ads_papers/79223.csv	exact
17	master	4ac61997	Processing_Scripts/papers/ads_papers/79224.csv	e69de29bb2d1d6434b8b29ae775ad8c2e48c5391	mission-data/17/Processing_Scripts/papers/ads_papers/79224.csv	exact
17	master	4ac61997	Processing_Scripts/papers/ads_papers/79225.csv	e69de29bb2d1d6434b8b29ae775ad8c2e48c5391	mission-data/17/Processing_Scripts/papers/ads_papers/79225.csv	exact
17	master	4ac61997	Processing_Scripts/papers/ads_papers/79226.csv	e69de29bb2d1d6434b8b29ae775ad8c2e48c5391	mission-data/17/Processing_Scripts/papers/ads_papers/79226.csv	exact
17	master	4ac61997	Processing_Scripts/papers/ads_papers/79227.csv	e69de29bb2d1d6434b8b29ae775ad8c2e48c5391	mission-data/17/Processing_Scripts/papers/ads_papers/79227.csv	exact
17	master	4ac61997	Processing_Scripts/papers/ads_papers/79228.csv	e69de29bb2d1d6434b8b29ae775ad8c2e48c5391	mission-data/17/Processing_Scripts/papers/ads_papers/79228.csv	exact
17	master	4ac61997	Processing_Scripts/papers/ads_papers/79240.csv	e69de29bb2d1d6434b8b29ae775ad8c2e48c5391	mission-data/17/Processing_Scripts/papers/ads_papers/79240.csv	exact
17	master	4ac61997	Processing_Scripts/papers/ads_papers/79241.csv	e69de29bb2d1d6434b8b29ae775ad8c2e48c5391	mission-data/17/Processing_Scripts/papers/ads_papers/79241.csv	exact
17	master	4ac61997	Processing_Scripts/papers/ads_papers/79242.csv	e69de29bb2d1d6434b8b29ae775ad8c2e48c5391	mission-data/17/Processing_Scripts/papers/ads_papers/79242.csv	exact
17	master	4ac61997	Processing_Scripts/papers/ads_papers/79243.csv	e69de29bb2d1d6434b8b29ae775ad8c2e48c5391	mission-data/17/Processing_Scripts/papers/ads_papers/79243.csv	exact
17	master	4ac61997	Processing_Scripts/papers/ads_papers/79244.csv	e69de29bb2d1d6434b8b29ae775ad8c2e48c5391	mission-data/17/Processing_Scripts/papers/ads_papers/79244.csv	exact
17	master	4ac61997	Processing_Scripts/papers/ads_papers/79245.csv	e69de29bb2d1d6434b8b29ae775ad8c2e48c5391	mission-data/17/Processing_Scripts/papers/ads_papers/79245.csv	exact
17	master	4ac61997	Processing_Scripts/papers/ads_papers/79260.csv	e69de29bb2d1d6434b8b29ae775ad8c2e48c5391	mission-data/17/Processing_Scripts/papers/ads_papers/79260.csv	exact
17	master	4ac61997	Processing_Scripts/papers/ads_papers/79261.csv	e69de29bb2d1d6434b8b29ae775ad8c2e48c5391	mission-data/17/Processing_Scripts/papers/ads_papers/79261.csv	exact
17	master	4ac61997	Processing_Scripts/papers/ads_papers/79262.csv	e69de29bb2d1d6434b8b29ae775ad8c2e48c5391	mission-data/17/Processing_Scripts/papers/ads_papers/79262.csv	exact
17	master	4ac61997	Processing_Scripts/papers/ads_papers/79263.csv	e69de29bb2d1d6434b8b29ae775ad8c2e48c5391	mission-data/17/Processing_Scripts/papers/ads_papers/79263.csv	exact
17	master	4ac61997	Processing_Scripts/papers/ads_papers/79264.csv	e69de29bb2d1d6434b8b29ae775ad8c2e48c5391	mission-data/17/Processing_Scripts/papers/ads_papers/79264.csv	exact
17	master	4ac61997	Processing_Scripts/papers/ads_papers/79265.csv	e69de29bb2d1d6434b8b29ae775ad8c2e48c5391	mission-data/17/Processing_Scripts/papers/ads_papers/79265.csv	exact
17	master	4ac61997	Processing_Scripts/papers/ads_papers/79510.csv	e69de29bb2d1d6434b8b29ae775ad8c2e48c5391	mission-data/17/Processing_Scripts/papers/ads_papers/79510.csv	exact
17	master	4ac61997	Processing_Scripts/papers/ads_papers/79511.csv	e69de29bb2d1d6434b8b29ae775ad8c2e48c5391	mission-data/17/Processing_Scripts/papers/ads_papers/79511.csv	exact
17	master	4ac61997	Processing_Scripts/papers/ads_papers/79512.csv	e69de29bb2d1d6434b8b29ae775ad8c2e48c5391	mission-data/17/Processing_Scripts/papers/ads_papers/79512.csv	exact
17	master	4ac61997	Processing_Scripts/papers/ads_papers/79513.csv	e69de29bb2d1d6434b8b29ae775ad8c2e48c5391	mission-data/17/Processing_Scripts/papers/ads_papers/79513.csv	exact
17	master	4ac61997	Processing_Scripts/papers/ads_papers/79514.csv	e69de29bb2d1d6434b8b29ae775ad8c2e48c5391	mission-data/17/Processing_Scripts/papers/ads_papers/79514.csv	exact
17	master	4ac61997	Processing_Scripts/papers/ads_papers/79515.csv	e69de29bb2d1d6434b8b29ae775ad8c2e48c5391	mission-data/17/Processing_Scripts/papers/ads_papers/79515.csv	exact
17	master	4ac61997	Processing_Scripts/papers/ads_papers/79516.csv	e69de29bb2d1d6434b8b29ae775ad8c2e48c5391	mission-data/17/Processing_Scripts/papers/ads_papers/79516.csv	exact
17	master	4ac61997	Processing_Scripts/papers/ads_papers/79517.csv	e69de29bb2d1d6434b8b29ae775ad8c2e48c5391	mission-data/17/Processing_Scripts/papers/ads_papers/79517.csv	exact
17	master	4ac61997	Processing_Scripts/papers/ads_papers/79518.csv	e69de29bb2d1d6434b8b29ae775ad8c2e48c5391	mission-data/17/Processing_Scripts/papers/ads_papers/79518.csv	exact
17	master	4ac61997	Processing_Scripts/papers/ads_papers/79519.csv	e69de29bb2d1d6434b8b29ae775ad8c2e48c5391	mission-data/17/Processing_Scripts/papers/ads_papers/79519.csv	exact
17	master	4ac61997	Processing_Scripts/papers/ads_papers/79525.csv	e69de29bb2d1d6434b8b29ae775ad8c2e48c5391	mission-data/17/Processing_Scripts/papers/ads_papers/79525.csv	exact
17	master	4ac61997	Processing_Scripts/papers/ads_papers/79526.csv	e69de29bb2d1d6434b8b29ae775ad8c2e48c5391	mission-data/17/Processing_Scripts/papers/ads_papers/79526.csv	exact
17	master	4ac61997	Processing_Scripts/papers/ads_papers/79527.csv	e69de29bb2d1d6434b8b29ae775ad8c2e48c5391	mission-data/17/Processing_Scripts/papers/ads_papers/79527.csv	exact
17	master	4ac61997	Processing_Scripts/papers/ads_papers/79528.csv	e69de29bb2d1d6434b8b29ae775ad8c2e48c5391	mission-data/17/Processing_Scripts/papers/ads_papers/79528.csv	exact
17	master	4ac61997	Processing_Scripts/papers/ads_papers/79529.csv	e69de29bb2d1d6434b8b29ae775ad8c2e48c5391	mission-data/17/Processing_Scripts/papers/ads_papers/79529.csv	exact
17	master	4ac61997	Processing_Scripts/papers/ads_papers/79530.csv	e69de29bb2d1d6434b8b29ae775ad8c2e48c5391	mission-data/17/Processing_Scripts/papers/ads_papers/79530.csv	exact
17	master	4ac61997	Processing_Scripts/papers/ads_papers/79531.csv	e69de29bb2d1d6434b8b29ae775ad8c2e48c5391	mission-data/17/Processing_Scripts/papers/ads_papers/79531.csv	exact
17	master	4ac61997	Processing_Scripts/papers/ads_papers/79532.csv	e69de29bb2d1d6434b8b29ae775ad8c2e48c5391	mission-data/17/Processing_Scripts/papers/ads_papers/79532.csv	exact
17	master	4ac61997	Processing_Scripts/papers/ads_papers/79533.csv	e69de29bb2d1d6434b8b29ae775ad8c2e48c5391	mission-data/17/Processing_Scripts/papers/ads_papers/79533.csv	exact
17	master	4ac61997	Processing_Scripts/papers/ads_papers/79534.csv	e69de29bb2d1d6434b8b29ae775ad8c2e48c5391	mission-data/17/Processing_Scripts/papers/ads_papers/79534.csv	exact
17	master	4ac61997	Processing_Scripts/papers/ads_papers/79535.csv	e69de29bb2d1d6434b8b29ae775ad8c2e48c5391	mission-data/17/Processing_Scripts/papers/ads_papers/79535.csv	exact
17	master	4ac61997	Processing_Scripts/papers/ads_papers/79536.csv	e69de29bb2d1d6434b8b29ae775ad8c2e48c5391	mission-data/17/Processing_Scripts/papers/ads_papers/79536.csv	exact
17	master	4ac61997	Processing_Scripts/papers/ads_papers/79537.csv	e69de29bb2d1d6434b8b29ae775ad8c2e48c5391	mission-data/17/Processing_Scripts/papers/ads_papers/79537.csv	exact
17	master	4ac61997	Processing_Scripts/papers/curation_papers/70001.csv	e69de29bb2d1d6434b8b29ae775ad8c2e48c5391	mission-data/17/Processing_Scripts/papers/curation_papers/70001.csv	exact
17	master	4ac61997	Processing_Scripts/papers/curation_papers/70002.csv	e69de29bb2d1d6434b8b29ae775ad8c2e48c5391	mission-data/17/Processing_Scripts/papers/curation_papers/70002.csv	exact
17	master	4ac61997	Processing_Scripts/papers/curation_papers/70011.csv	e69de29bb2d1d6434b8b29ae775ad8c2e48c5391	mission-data/17/Processing_Scripts/papers/curation_papers/70011.csv	exact
17	master	4ac61997	Processing_Scripts/papers/curation_papers/70012.csv	e69de29bb2d1d6434b8b29ae775ad8c2e48c5391	mission-data/17/Processing_Scripts/papers/curation_papers/70012.csv	exact
17	master	4ac61997	Processing_Scripts/papers/curation_papers/70017.csv	71e2f4fadd882570543b94421c54d8a4a2ad940d	mission-data/17/Processing_Scripts/papers/curation_papers/70017.csv	exact
17	master	4ac61997	Processing_Scripts/papers/curation_papers/70018.csv	e69de29bb2d1d6434b8b29ae775ad8c2e48c5391	mission-data/17/Processing_Scripts/papers/curation_papers/70018.csv	exact
17	master	4ac61997	Processing_Scripts/papers/curation_papers/70019.csv	21f736463d3bfc7925a8d88df0c8bbd22b9ac64d	mission-data/17/Processing_Scripts/papers/curation_papers/70019.csv	exact
17	master	4ac61997	Processing_Scripts/papers/curation_papers/70030.csv	cfa0f3a81788edd116184619ce30ff2d7406ba59	mission-data/17/Processing_Scripts/papers/curation_papers/70030.csv	exact
17	master	4ac61997	Processing_Scripts/papers/curation_papers/70035.csv	208488f8f6a426fc1234c1b365a3b2eed1911ab0	mission-data/17/Processing_Scripts/papers/curation_papers/70035.csv	exact
17	master	4ac61997	Processing_Scripts/papers/curation_papers/70050.csv	e69de29bb2d1d6434b8b29ae775ad8c2e48c5391	mission-data/17/Processing_Scripts/papers/curation_papers/70050.csv	exact
17	master	4ac61997	Processing_Scripts/papers/curation_papers/70051.csv	f57a808e1a2de8848408c1108961452768679c3c	mission-data/17/Processing_Scripts/papers/curation_papers/70051.csv	exact
17	master	4ac61997	Processing_Scripts/papers/curation_papers/70052.csv	e69de29bb2d1d6434b8b29ae775ad8c2e48c5391	mission-data/17/Processing_Scripts/papers/curation_papers/70052.csv	exact
17	master	4ac61997	Processing_Scripts/papers/curation_papers/70053.csv	e69de29bb2d1d6434b8b29ae775ad8c2e48c5391	mission-data/17/Processing_Scripts/papers/curation_papers/70053.csv	exact
17	master	4ac61997	Processing_Scripts/papers/curation_papers/70054.csv	e69de29bb2d1d6434b8b29ae775ad8c2e48c5391	mission-data/17/Processing_Scripts/papers/curation_papers/70054.csv	exact
17	master	4ac61997	Processing_Scripts/papers/curation_papers/70060.csv	e69de29bb2d1d6434b8b29ae775ad8c2e48c5391	mission-data/17/Processing_Scripts/papers/curation_papers/70060.csv	exact
17	master	4ac61997	Processing_Scripts/papers/curation_papers/70061.csv	e69de29bb2d1d6434b8b29ae775ad8c2e48c5391	mission-data/17/Processing_Scripts/papers/curation_papers/70061.csv	exact
17	master	4ac61997	Processing_Scripts/papers/curation_papers/70062.csv	e69de29bb2d1d6434b8b29ae775ad8c2e48c5391	mission-data/17/Processing_Scripts/papers/curation_papers/70062.csv	exact
17	master	4ac61997	Processing_Scripts/papers/curation_papers/70063.csv	e69de29bb2d1d6434b8b29ae775ad8c2e48c5391	mission-data/17/Processing_Scripts/papers/curation_papers/70063.csv	exact
17	master	4ac61997	Processing_Scripts/papers/curation_papers/70064.csv	e69de29bb2d1d6434b8b29ae775ad8c2e48c5391	mission-data/17/Processing_Scripts/papers/curation_papers/70064.csv	exact
17	master	4ac61997	Processing_Scripts/papers/curation_papers/70070.csv	e69de29bb2d1d6434b8b29ae775ad8c2e48c5391	mission-data/17/Processing_Scripts/papers/curation_papers/70070.csv	exact
17	master	4ac61997	Processing_Scripts/papers/curation_papers/70075.csv	6099420d0f1d2ad37681c158d650db475e052776	mission-data/17/Processing_Scripts/papers/curation_papers/70075.csv	exact
17	master	4ac61997	Processing_Scripts/papers/curation_papers/70130.csv	e69de29bb2d1d6434b8b29ae775ad8c2e48c5391	mission-data/17/Processing_Scripts/papers/curation_papers/70130.csv	exact
17	master	4ac61997	Processing_Scripts/papers/curation_papers/70135.csv	6be7ef75f460a67ba9ab19200d3c1b2b05218a4f	mission-data/17/Processing_Scripts/papers/curation_papers/70135.csv	exact
17	master	4ac61997	Processing_Scripts/papers/curation_papers/70136.csv	6099420d0f1d2ad37681c158d650db475e052776	mission-data/17/Processing_Scripts/papers/curation_papers/70136.csv	exact
17	master	4ac61997	Processing_Scripts/papers/curation_papers/70137.csv	6099420d0f1d2ad37681c158d650db475e052776	mission-data/17/Processing_Scripts/papers/curation_papers/70137.csv	exact
17	master	4ac61997	Processing_Scripts/papers/curation_papers/70138.csv	386aebdfa466607503ba5be423c54df1ee2443ba	mission-data/17/Processing_Scripts/papers/curation_papers/70138.csv	exact
17	master	4ac61997	Processing_Scripts/papers/curation_papers/70139.csv	386aebdfa466607503ba5be423c54df1ee2443ba	mission-data/17/Processing_Scripts/papers/curation_papers/70139.csv	exact
17	master	4ac61997	Processing_Scripts/papers/curation_papers/70145.csv	b5b622f79f0466c2c911d23107f430780173dd2a	mission-data/17/Processing_Scripts/papers/curation_papers/70145.csv	exact
17	master	4ac61997	Processing_Scripts/papers/curation_papers/70146.csv	b5b622f79f0466c2c911d23107f430780173dd2a	mission-data/17/Processing_Scripts/papers/curation_papers/70146.csv	exact
17	master	4ac61997	Processing_Scripts/papers/curation_papers/70147.csv	b5b622f79f0466c2c911d23107f430780173dd2a	mission-data/17/Processing_Scripts/papers/curation_papers/70147.csv	exact
17	master	4ac61997	Processing_Scripts/papers/curation_papers/70148.csv	b5b622f79f0466c2c911d23107f430780173dd2a	mission-data/17/Processing_Scripts/papers/curation_papers/70148.csv	exact
17	master	4ac61997	Processing_Scripts/papers/curation_papers/70149.csv	23bb822fac7c82d41161b577ddac1cb6faf23d68	mission-data/17/Processing_Scripts/papers/curation_papers/70149.csv	exact
17	master	4ac61997	Processing_Scripts/papers/curation_papers/70155.csv	b5b622f79f0466c2c911d23107f430780173dd2a	mission-data/17/Processing_Scripts/papers/curation_papers/70155.csv	exact
17	master	4ac61997	Processing_Scripts/papers/curation_papers/70156.csv	b5b622f79f0466c2c911d23107f430780173dd2a	mission-data/17/Processing_Scripts/papers/curation_papers/70156.csv	exact
17	master	4ac61997	Processing_Scripts/papers/curation_papers/70157.csv	b5b622f79f0466c2c911d23107f430780173dd2a	mission-data/17/Processing_Scripts/papers/curation_papers/70157.csv	exact
17	master	4ac61997	Processing_Scripts/papers/curation_papers/70160.csv	270e571d98bd782d6ccf19e9e29b33edfa3bf53c	mission-data/17/Processing_Scripts/papers/curation_papers/70160.csv	exact
17	master	4ac61997	Processing_Scripts/papers/curation_papers/70161.csv	e69de29bb2d1d6434b8b29ae775ad8c2e48c5391	mission-data/17/Processing_Scripts/papers/curation_papers/70161.csv	exact
17	master	4ac61997	Processing_Scripts/papers/curation_papers/70162.csv	e69de29bb2d1d6434b8b29ae775ad8c2e48c5391	mission-data/17/Processing_Scripts/papers/curation_papers/70162.csv	exact
17	master	4ac61997	Processing_Scripts/papers/curation_papers/70163.csv	e69de29bb2d1d6434b8b29ae775ad8c2e48c5391	mission-data/17/Processing_Scripts/papers/curation_papers/70163.csv	exact
17	master	4ac61997	Processing_Scripts/papers/curation_papers/70164.csv	e69de29bb2d1d6434b8b29ae775ad8c2e48c5391	mission-data/17/Processing_Scripts/papers/curation_papers/70164.csv	exact
17	master	4ac61997	Processing_Scripts/papers/curation_papers/70165.csv	b5b622f79f0466c2c911d23107f430780173dd2a	mission-data/17/Processing_Scripts/papers/curation_papers/70165.csv	exact
17	master	4ac61997	Processing_Scripts/papers/curation_papers/70170.csv	e69de29bb2d1d6434b8b29ae775ad8c2e48c5391	mission-data/17/Processing_Scripts/papers/curation_papers/70170.csv	exact
17	master	4ac61997	Processing_Scripts/papers/curation_papers/70175.csv	3cc01f5f01e6ffe6ab407f69abe6f055ca1d8a40	mission-data/17/Processing_Scripts/papers/curation_papers/70175.csv	exact
17	master	4ac61997	Processing_Scripts/papers/curation_papers/70180.csv	e69de29bb2d1d6434b8b29ae775ad8c2e48c5391	mission-data/17/Processing_Scripts/papers/curation_papers/70180.csv	exact
17	master	4ac61997	Processing_Scripts/papers/curation_papers/70181.csv	9863ece69d1037e7bd2ffa0900f7a247a1eb21b7	mission-data/17/Processing_Scripts/papers/curation_papers/70181.csv	exact
17	master	4ac61997	Processing_Scripts/papers/curation_papers/70182.csv	e69de29bb2d1d6434b8b29ae775ad8c2e48c5391	mission-data/17/Processing_Scripts/papers/curation_papers/70182.csv	exact
17	master	4ac61997	Processing_Scripts/papers/curation_papers/70183.csv	e69de29bb2d1d6434b8b29ae775ad8c2e48c5391	mission-data/17/Processing_Scripts/papers/curation_papers/70183.csv	exact
17	master	4ac61997	Processing_Scripts/papers/curation_papers/70184.csv	e69de29bb2d1d6434b8b29ae775ad8c2e48c5391	mission-data/17/Processing_Scripts/papers/curation_papers/70184.csv	exact
17	master	4ac61997	Processing_Scripts/papers/curation_papers/70185.csv	2dbfc81b3194484dbabcb01950ec70dd7c961e65	mission-data/17/Processing_Scripts/papers/curation_papers/70185.csv	exact
17	master	4ac61997	Processing_Scripts/papers/curation_papers/70215.csv	8c5a3f669979fd7a29358456cc1370b43d79d8ff	mission-data/17/Processing_Scripts/papers/curation_papers/70215.csv	exact
17	master	4ac61997	Processing_Scripts/papers/curation_papers/70250.csv	e69de29bb2d1d6434b8b29ae775ad8c2e48c5391	mission-data/17/Processing_Scripts/papers/curation_papers/70250.csv	exact
17	master	4ac61997	Processing_Scripts/papers/curation_papers/70255.csv	e1821e33b33c57cb370b5a1ceb63d76561a9766c	mission-data/17/Processing_Scripts/papers/curation_papers/70255.csv	exact
17	master	4ac61997	Processing_Scripts/papers/curation_papers/70270.csv	e69de29bb2d1d6434b8b29ae775ad8c2e48c5391	mission-data/17/Processing_Scripts/papers/curation_papers/70270.csv	exact
17	master	4ac61997	Processing_Scripts/papers/curation_papers/70271.csv	e69de29bb2d1d6434b8b29ae775ad8c2e48c5391	mission-data/17/Processing_Scripts/papers/curation_papers/70271.csv	exact
17	master	4ac61997	Processing_Scripts/papers/curation_papers/70272.csv	e69de29bb2d1d6434b8b29ae775ad8c2e48c5391	mission-data/17/Processing_Scripts/papers/curation_papers/70272.csv	exact
17	master	4ac61997	Processing_Scripts/papers/curation_papers/70273.csv	e69de29bb2d1d6434b8b29ae775ad8c2e48c5391	mission-data/17/Processing_Scripts/papers/curation_papers/70273.csv	exact
17	master	4ac61997	Processing_Scripts/papers/curation_papers/70274.csv	e69de29bb2d1d6434b8b29ae775ad8c2e48c5391	mission-data/17/Processing_Scripts/papers/curation_papers/70274.csv	exact
17	master	4ac61997	Processing_Scripts/papers/curation_papers/70275.csv	0de72a1fe6ca206bf1065897a11365ac54662b24	mission-data/17/Processing_Scripts/papers/curation_papers/70275.csv	exact
17	master	4ac61997	Processing_Scripts/papers/curation_papers/70290.csv	e69de29bb2d1d6434b8b29ae775ad8c2e48c5391	mission-data/17/Processing_Scripts/papers/curation_papers/70290.csv	exact
17	master	4ac61997	Processing_Scripts/papers/curation_papers/70295.csv	72be3a627b97b5b1c31bf237f6531ece6b9e00f4	mission-data/17/Processing_Scripts/papers/curation_papers/70295.csv	exact
17	master	4ac61997	Processing_Scripts/papers/curation_papers/70310.csv	e69de29bb2d1d6434b8b29ae775ad8c2e48c5391	mission-data/17/Processing_Scripts/papers/curation_papers/70310.csv	exact
17	master	4ac61997	Processing_Scripts/papers/curation_papers/70311.csv	e69de29bb2d1d6434b8b29ae775ad8c2e48c5391	mission-data/17/Processing_Scripts/papers/curation_papers/70311.csv	exact
17	master	4ac61997	Processing_Scripts/papers/curation_papers/70312.csv	e69de29bb2d1d6434b8b29ae775ad8c2e48c5391	mission-data/17/Processing_Scripts/papers/curation_papers/70312.csv	exact
17	master	4ac61997	Processing_Scripts/papers/curation_papers/70313.csv	e69de29bb2d1d6434b8b29ae775ad8c2e48c5391	mission-data/17/Processing_Scripts/papers/curation_papers/70313.csv	exact
17	master	4ac61997	Processing_Scripts/papers/curation_papers/70314.csv	e69de29bb2d1d6434b8b29ae775ad8c2e48c5391	mission-data/17/Processing_Scripts/papers/curation_papers/70314.csv	exact
17	master	4ac61997	Processing_Scripts/papers/curation_papers/70315.csv	228e5325d6b2c77a0108c81d9eeb4ccdd7b7f4e4	mission-data/17/Processing_Scripts/papers/curation_papers/70315.csv	exact
17	master	4ac61997	Processing_Scripts/papers/curation_papers/70320.csv	e69de29bb2d1d6434b8b29ae775ad8c2e48c5391	mission-data/17/Processing_Scripts/papers/curation_papers/70320.csv	exact
17	master	4ac61997	Processing_Scripts/papers/curation_papers/70321.csv	e69de29bb2d1d6434b8b29ae775ad8c2e48c5391	mission-data/17/Processing_Scripts/papers/curation_papers/70321.csv	exact
17	master	4ac61997	Processing_Scripts/papers/curation_papers/70322.csv	e69de29bb2d1d6434b8b29ae775ad8c2e48c5391	mission-data/17/Processing_Scripts/papers/curation_papers/70322.csv	exact
17	master	4ac61997	Processing_Scripts/papers/curation_papers/70323.csv	e69de29bb2d1d6434b8b29ae775ad8c2e48c5391	mission-data/17/Processing_Scripts/papers/curation_papers/70323.csv	exact
17	master	4ac61997	Processing_Scripts/papers/curation_papers/70324.csv	e69de29bb2d1d6434b8b29ae775ad8c2e48c5391	mission-data/17/Processing_Scripts/papers/curation_papers/70324.csv	exact
17	master	4ac61997	Processing_Scripts/papers/curation_papers/71010.csv	e69de29bb2d1d6434b8b29ae775ad8c2e48c5391	mission-data/17/Processing_Scripts/papers/curation_papers/71010.csv	exact
17	master	4ac61997	Processing_Scripts/papers/curation_papers/71030.csv	e69de29bb2d1d6434b8b29ae775ad8c2e48c5391	mission-data/17/Processing_Scripts/papers/curation_papers/71030.csv	exact
17	master	4ac61997	Processing_Scripts/papers/curation_papers/71035.csv	ae1bc40bd600b12ec817fd224fadbda79b4c42d8	mission-data/17/Processing_Scripts/papers/curation_papers/71035.csv	exact
17	master	4ac61997	Processing_Scripts/papers/curation_papers/71036.csv	1c35f8042bb3a5392908b1d16efe175fe0e5630c	mission-data/17/Processing_Scripts/papers/curation_papers/71036.csv	exact
17	master	4ac61997	Processing_Scripts/papers/curation_papers/71037.csv	6099420d0f1d2ad37681c158d650db475e052776	mission-data/17/Processing_Scripts/papers/curation_papers/71037.csv	exact
17	master	4ac61997	Processing_Scripts/papers/curation_papers/71040.csv	e69de29bb2d1d6434b8b29ae775ad8c2e48c5391	mission-data/17/Processing_Scripts/papers/curation_papers/71040.csv	exact
17	master	4ac61997	Processing_Scripts/papers/curation_papers/71041.csv	e69de29bb2d1d6434b8b29ae775ad8c2e48c5391	mission-data/17/Processing_Scripts/papers/curation_papers/71041.csv	exact
17	master	4ac61997	Processing_Scripts/papers/curation_papers/71042.csv	e69de29bb2d1d6434b8b29ae775ad8c2e48c5391	mission-data/17/Processing_Scripts/papers/curation_papers/71042.csv	exact
17	master	4ac61997	Processing_Scripts/papers/curation_papers/71043.csv	e69de29bb2d1d6434b8b29ae775ad8c2e48c5391	mission-data/17/Processing_Scripts/papers/curation_papers/71043.csv	exact
17	master	4ac61997	Processing_Scripts/papers/curation_papers/71044.csv	e69de29bb2d1d6434b8b29ae775ad8c2e48c5391	mission-data/17/Processing_Scripts/papers/curation_papers/71044.csv	exact
17	master	4ac61997	Processing_Scripts/papers/curation_papers/71045.csv	6099420d0f1d2ad37681c158d650db475e052776	mission-data/17/Processing_Scripts/papers/curation_papers/71045.csv	exact
17	master	4ac61997	Processing_Scripts/papers/curation_papers/71046.csv	6099420d0f1d2ad37681c158d650db475e052776	mission-data/17/Processing_Scripts/papers/curation_papers/71046.csv	exact
17	master	4ac61997	Processing_Scripts/papers/curation_papers/71047.csv	b5b622f79f0466c2c911d23107f430780173dd2a	mission-data/17/Processing_Scripts/papers/curation_papers/71047.csv	exact
17	master	4ac61997	Processing_Scripts/papers/curation_papers/71048.csv	b5b622f79f0466c2c911d23107f430780173dd2a	mission-data/17/Processing_Scripts/papers/curation_papers/71048.csv	exact
17	master	4ac61997	Processing_Scripts/papers/curation_papers/71049.csv	b5b622f79f0466c2c911d23107f430780173dd2a	mission-data/17/Processing_Scripts/papers/curation_papers/71049.csv	exact
17	master	4ac61997	Processing_Scripts/papers/curation_papers/71050.csv	e69de29bb2d1d6434b8b29ae775ad8c2e48c5391	mission-data/17/Processing_Scripts/papers/curation_papers/71050.csv	exact
17	master	4ac61997	Processing_Scripts/papers/curation_papers/71055.csv	536654d7b2eea44d71add510e8cef5efe764e58b	mission-data/17/Processing_Scripts/papers/curation_papers/71055.csv	exact
17	master	4ac61997	Processing_Scripts/papers/curation_papers/71060.csv	e69de29bb2d1d6434b8b29ae775ad8c2e48c5391	mission-data/17/Processing_Scripts/papers/curation_papers/71060.csv	exact
17	master	4ac61997	Processing_Scripts/papers/curation_papers/71061.csv	e69de29bb2d1d6434b8b29ae775ad8c2e48c5391	mission-data/17/Processing_Scripts/papers/curation_papers/71061.csv	exact
17	master	4ac61997	Processing_Scripts/papers/curation_papers/71062.csv	e69de29bb2d1d6434b8b29ae775ad8c2e48c5391	mission-data/17/Processing_Scripts/papers/curation_papers/71062.csv	exact
17	master	4ac61997	Processing_Scripts/papers/curation_papers/71063.csv	e69de29bb2d1d6434b8b29ae775ad8c2e48c5391	mission-data/17/Processing_Scripts/papers/curation_papers/71063.csv	exact
17	master	4ac61997	Processing_Scripts/papers/curation_papers/71064.csv	e69de29bb2d1d6434b8b29ae775ad8c2e48c5391	mission-data/17/Processing_Scripts/papers/curation_papers/71064.csv	exact
17	master	4ac61997	Processing_Scripts/papers/curation_papers/71065.csv	6099420d0f1d2ad37681c158d650db475e052776	mission-data/17/Processing_Scripts/papers/curation_papers/71065.csv	exact
17	master	4ac61997	Processing_Scripts/papers/curation_papers/71066.csv	6099420d0f1d2ad37681c158d650db475e052776	mission-data/17/Processing_Scripts/papers/curation_papers/71066.csv	exact
17	master	4ac61997	Processing_Scripts/papers/curation_papers/71067.csv	6099420d0f1d2ad37681c158d650db475e052776	mission-data/17/Processing_Scripts/papers/curation_papers/71067.csv	exact
17	master	4ac61997	Processing_Scripts/papers/curation_papers/71068.csv	6099420d0f1d2ad37681c158d650db475e052776	mission-data/17/Processing_Scripts/papers/curation_papers/71068.csv	exact
17	master	4ac61997	Processing_Scripts/papers/curation_papers/71069.csv	f6710eda72036fed35cc28f2be93cc70595ebe4d	mission-data/17/Processing_Scripts/papers/curation_papers/71069.csv	exact
17	master	4ac61997	Processing_Scripts/papers/curation_papers/71075.csv	a6c33172f30f54d9539c84a1f50e99c68b105ba0	mission-data/17/Processing_Scripts/papers/curation_papers/71075.csv	exact
17	master	4ac61997	Processing_Scripts/papers/curation_papers/71085.csv	6099420d0f1d2ad37681c158d650db475e052776	mission-data/17/Processing_Scripts/papers/curation_papers/71085.csv	exact
17	master	4ac61997	Processing_Scripts/papers/curation_papers/71086.csv	6099420d0f1d2ad37681c158d650db475e052776	mission-data/17/Processing_Scripts/papers/curation_papers/71086.csv	exact
17	master	4ac61997	Processing_Scripts/papers/curation_papers/71087.csv	b5b622f79f0466c2c911d23107f430780173dd2a	mission-data/17/Processing_Scripts/papers/curation_papers/71087.csv	exact
17	master	4ac61997	Processing_Scripts/papers/curation_papers/71088.csv	b5b622f79f0466c2c911d23107f430780173dd2a	mission-data/17/Processing_Scripts/papers/curation_papers/71088.csv	exact
17	master	4ac61997	Processing_Scripts/papers/curation_papers/71089.csv	b5b622f79f0466c2c911d23107f430780173dd2a	mission-data/17/Processing_Scripts/papers/curation_papers/71089.csv	exact
17	master	4ac61997	Processing_Scripts/papers/curation_papers/71095.csv	042be1a8273e9aca2a34602cebfd511549565f6a	mission-data/17/Processing_Scripts/papers/curation_papers/71095.csv	exact
17	master	4ac61997	Processing_Scripts/papers/curation_papers/71096.csv	b5b622f79f0466c2c911d23107f430780173dd2a	mission-data/17/Processing_Scripts/papers/curation_papers/71096.csv	exact
17	master	4ac61997	Processing_Scripts/papers/curation_papers/71097.csv	386aebdfa466607503ba5be423c54df1ee2443ba	mission-data/17/Processing_Scripts/papers/curation_papers/71097.csv	exact
17	master	4ac61997	Processing_Scripts/papers/curation_papers/71130.csv	e69de29bb2d1d6434b8b29ae775ad8c2e48c5391	mission-data/17/Processing_Scripts/papers/curation_papers/71130.csv	exact
17	master	4ac61997	Processing_Scripts/papers/curation_papers/71131.csv	e69de29bb2d1d6434b8b29ae775ad8c2e48c5391	mission-data/17/Processing_Scripts/papers/curation_papers/71131.csv	exact
17	master	4ac61997	Processing_Scripts/papers/curation_papers/71132.csv	e69de29bb2d1d6434b8b29ae775ad8c2e48c5391	mission-data/17/Processing_Scripts/papers/curation_papers/71132.csv	exact
17	master	4ac61997	Processing_Scripts/papers/curation_papers/71133.csv	e69de29bb2d1d6434b8b29ae775ad8c2e48c5391	mission-data/17/Processing_Scripts/papers/curation_papers/71133.csv	exact
17	master	4ac61997	Processing_Scripts/papers/curation_papers/71134.csv	e69de29bb2d1d6434b8b29ae775ad8c2e48c5391	mission-data/17/Processing_Scripts/papers/curation_papers/71134.csv	exact
17	master	4ac61997	Processing_Scripts/papers/curation_papers/71135.csv	474cd74bb353f18f15eca4fd0eec7707b43a34d9	mission-data/17/Processing_Scripts/papers/curation_papers/71135.csv	exact
17	master	4ac61997	Processing_Scripts/papers/curation_papers/71136.csv	94620e4a4254aed18b8a52d76d984e5ace79a52d	mission-data/17/Processing_Scripts/papers/curation_papers/71136.csv	exact
17	master	4ac61997	Processing_Scripts/papers/curation_papers/71150.csv	e69de29bb2d1d6434b8b29ae775ad8c2e48c5391	mission-data/17/Processing_Scripts/papers/curation_papers/71150.csv	exact
17	master	4ac61997	Processing_Scripts/papers/curation_papers/71151.csv	e69de29bb2d1d6434b8b29ae775ad8c2e48c5391	mission-data/17/Processing_Scripts/papers/curation_papers/71151.csv	exact
17	master	4ac61997	Processing_Scripts/papers/curation_papers/71152.csv	e69de29bb2d1d6434b8b29ae775ad8c2e48c5391	mission-data/17/Processing_Scripts/papers/curation_papers/71152.csv	exact
17	master	4ac61997	Processing_Scripts/papers/curation_papers/71153.csv	e69de29bb2d1d6434b8b29ae775ad8c2e48c5391	mission-data/17/Processing_Scripts/papers/curation_papers/71153.csv	exact
17	master	4ac61997	Processing_Scripts/papers/curation_papers/71154.csv	e69de29bb2d1d6434b8b29ae775ad8c2e48c5391	mission-data/17/Processing_Scripts/papers/curation_papers/71154.csv	exact
17	master	4ac61997	Processing_Scripts/papers/curation_papers/71155.csv	768b24390158c9c4613308a21dc3739070d3e1db	mission-data/17/Processing_Scripts/papers/curation_papers/71155.csv	exact
17	master	4ac61997	Processing_Scripts/papers/curation_papers/71156.csv	6099420d0f1d2ad37681c158d650db475e052776	mission-data/17/Processing_Scripts/papers/curation_papers/71156.csv	exact
17	master	4ac61997	Processing_Scripts/papers/curation_papers/71157.csv	b5b622f79f0466c2c911d23107f430780173dd2a	mission-data/17/Processing_Scripts/papers/curation_papers/71157.csv	exact
17	master	4ac61997	Processing_Scripts/papers/curation_papers/71170.csv	e69de29bb2d1d6434b8b29ae775ad8c2e48c5391	mission-data/17/Processing_Scripts/papers/curation_papers/71170.csv	exact
17	master	4ac61997	Processing_Scripts/papers/curation_papers/71175.csv	9fe89fe98d5dca08c2162d6533991f3405406655	mission-data/17/Processing_Scripts/papers/curation_papers/71175.csv	exact
17	master	4ac61997	Processing_Scripts/papers/curation_papers/71500.csv	e69de29bb2d1d6434b8b29ae775ad8c2e48c5391	mission-data/17/Processing_Scripts/papers/curation_papers/71500.csv	exact
17	master	4ac61997	Processing_Scripts/papers/curation_papers/71501.csv	8dbb981706edd7cd7ca5f6fd567d03afc6985472	mission-data/17/Processing_Scripts/papers/curation_papers/71501.csv	exact
17	master	4ac61997	Processing_Scripts/papers/curation_papers/71502.csv	e69de29bb2d1d6434b8b29ae775ad8c2e48c5391	mission-data/17/Processing_Scripts/papers/curation_papers/71502.csv	exact
17	master	4ac61997	Processing_Scripts/papers/curation_papers/71503.csv	e69de29bb2d1d6434b8b29ae775ad8c2e48c5391	mission-data/17/Processing_Scripts/papers/curation_papers/71503.csv	exact
17	master	4ac61997	Processing_Scripts/papers/curation_papers/71504.csv	e69de29bb2d1d6434b8b29ae775ad8c2e48c5391	mission-data/17/Processing_Scripts/papers/curation_papers/71504.csv	exact
17	master	4ac61997	Processing_Scripts/papers/curation_papers/71505.csv	6099420d0f1d2ad37681c158d650db475e052776	mission-data/17/Processing_Scripts/papers/curation_papers/71505.csv	exact
17	master	4ac61997	Processing_Scripts/papers/curation_papers/71506.csv	6099420d0f1d2ad37681c158d650db475e052776	mission-data/17/Processing_Scripts/papers/curation_papers/71506.csv	exact
17	master	4ac61997	Processing_Scripts/papers/curation_papers/71507.csv	b56aec725f1ee1df672e3adf8dc6b696f6123272	mission-data/17/Processing_Scripts/papers/curation_papers/71507.csv	exact
17	master	4ac61997	Processing_Scripts/papers/curation_papers/71508.csv	b56aec725f1ee1df672e3adf8dc6b696f6123272	mission-data/17/Processing_Scripts/papers/curation_papers/71508.csv	exact
17	master	4ac61997	Processing_Scripts/papers/curation_papers/71509.csv	63352d2e3b429a1d6f7a709c853a21f5e1cfb3df	mission-data/17/Processing_Scripts/papers/curation_papers/71509.csv	exact
17	master	4ac61997	Processing_Scripts/papers/curation_papers/71515.csv	3c22de1c95abf3585f3d1587c6f7edd143d527a5	mission-data/17/Processing_Scripts/papers/curation_papers/71515.csv	exact
17	master	4ac61997	Processing_Scripts/papers/curation_papers/71520.csv	e69de29bb2d1d6434b8b29ae775ad8c2e48c5391	mission-data/17/Processing_Scripts/papers/curation_papers/71520.csv	exact
17	master	4ac61997	Processing_Scripts/papers/curation_papers/71525.csv	b56aec725f1ee1df672e3adf8dc6b696f6123272	mission-data/17/Processing_Scripts/papers/curation_papers/71525.csv	exact
17	master	4ac61997	Processing_Scripts/papers/curation_papers/71526.csv	b56aec725f1ee1df672e3adf8dc6b696f6123272	mission-data/17/Processing_Scripts/papers/curation_papers/71526.csv	exact
17	master	4ac61997	Processing_Scripts/papers/curation_papers/71527.csv	b56aec725f1ee1df672e3adf8dc6b696f6123272	mission-data/17/Processing_Scripts/papers/curation_papers/71527.csv	exact
17	master	4ac61997	Processing_Scripts/papers/curation_papers/71528.csv	b56aec725f1ee1df672e3adf8dc6b696f6123272	mission-data/17/Processing_Scripts/papers/curation_papers/71528.csv	exact
17	master	4ac61997	Processing_Scripts/papers/curation_papers/71529.csv	b56aec725f1ee1df672e3adf8dc6b696f6123272	mission-data/17/Processing_Scripts/papers/curation_papers/71529.csv	exact
17	master	4ac61997	Processing_Scripts/papers/curation_papers/71535.csv	b56aec725f1ee1df672e3adf8dc6b696f6123272	mission-data/17/Processing_Scripts/papers/curation_papers/71535.csv	exact
17	master	4ac61997	Processing_Scripts/papers/curation_papers/71536.csv	b56aec725f1ee1df672e3adf8dc6b696f6123272	mission-data/17/Processing_Scripts/papers/curation_papers/71536.csv	exact
17	master	4ac61997	Processing_Scripts/papers/curation_papers/71537.csv	b56aec725f1ee1df672e3adf8dc6b696f6123272	mission-data/17/Processing_Scripts/papers/curation_papers/71537.csv	exact
17	master	4ac61997	Processing_Scripts/papers/curation_papers/71538.csv	b56aec725f1ee1df672e3adf8dc6b696f6123272	mission-data/17/Processing_Scripts/papers/curation_papers/71538.csv	exact
17	master	4ac61997	Processing_Scripts/papers/curation_papers/71539.csv	2e1c51ee3404d2f247bdb73cb86c31566ca72525	mission-data/17/Processing_Scripts/papers/curation_papers/71539.csv	exact
17	master	4ac61997	Processing_Scripts/papers/curation_papers/71545.csv	2e1c51ee3404d2f247bdb73cb86c31566ca72525	mission-data/17/Processing_Scripts/papers/curation_papers/71545.csv	exact
17	master	4ac61997	Processing_Scripts/papers/curation_papers/71546.csv	4c324a890c323f7bb810a159e0f321f2e0efd582	mission-data/17/Processing_Scripts/papers/curation_papers/71546.csv	exact
17	master	4ac61997	Processing_Scripts/papers/curation_papers/71547.csv	b56aec725f1ee1df672e3adf8dc6b696f6123272	mission-data/17/Processing_Scripts/papers/curation_papers/71547.csv	exact
17	master	4ac61997	Processing_Scripts/papers/curation_papers/71548.csv	b56aec725f1ee1df672e3adf8dc6b696f6123272	mission-data/17/Processing_Scripts/papers/curation_papers/71548.csv	exact
17	master	4ac61997	Processing_Scripts/papers/curation_papers/71549.csv	b56aec725f1ee1df672e3adf8dc6b696f6123272	mission-data/17/Processing_Scripts/papers/curation_papers/71549.csv	exact
17	master	4ac61997	Processing_Scripts/papers/curation_papers/71555.csv	b56aec725f1ee1df672e3adf8dc6b696f6123272	mission-data/17/Processing_Scripts/papers/curation_papers/71555.csv	exact
17	master	4ac61997	Processing_Scripts/papers/curation_papers/71556.csv	b56aec725f1ee1df672e3adf8dc6b696f6123272	mission-data/17/Processing_Scripts/papers/curation_papers/71556.csv	exact
17	master	4ac61997	Processing_Scripts/papers/curation_papers/71557.csv	00ad4765614cab3ba18e5cef85b91eb0079e7da5	mission-data/17/Processing_Scripts/papers/curation_papers/71557.csv	exact
17	master	4ac61997	Processing_Scripts/papers/curation_papers/71558.csv	1a2517293b2541a6bbdc73f2bc6e5cb73a8079be	mission-data/17/Processing_Scripts/papers/curation_papers/71558.csv	exact
17	master	4ac61997	Processing_Scripts/papers/curation_papers/71559.csv	1d5b96bbc166fb10cfe1f2c1d86ad644a49549ff	mission-data/17/Processing_Scripts/papers/curation_papers/71559.csv	exact
17	master	4ac61997	Processing_Scripts/papers/curation_papers/71565.csv	1a2517293b2541a6bbdc73f2bc6e5cb73a8079be	mission-data/17/Processing_Scripts/papers/curation_papers/71565.csv	exact
17	master	4ac61997	Processing_Scripts/papers/curation_papers/71566.csv	ac20efda27bc92a70c741e5a4d3b4e011843baab	mission-data/17/Processing_Scripts/papers/curation_papers/71566.csv	exact
17	master	4ac61997	Processing_Scripts/papers/curation_papers/71567.csv	fe2ff9c677035528c34808ff51b8c9a6fdf955c9	mission-data/17/Processing_Scripts/papers/curation_papers/71567.csv	exact
17	master	4ac61997	Processing_Scripts/papers/curation_papers/71568.csv	b56aec725f1ee1df672e3adf8dc6b696f6123272	mission-data/17/Processing_Scripts/papers/curation_papers/71568.csv	exact
17	master	4ac61997	Processing_Scripts/papers/curation_papers/71569.csv	955edb9aa22c5eabca5adf3f2b541378ea8bab1e	mission-data/17/Processing_Scripts/papers/curation_papers/71569.csv	exact
17	master	4ac61997	Processing_Scripts/papers/curation_papers/71575.csv	b56aec725f1ee1df672e3adf8dc6b696f6123272	mission-data/17/Processing_Scripts/papers/curation_papers/71575.csv	exact
17	master	4ac61997	Processing_Scripts/papers/curation_papers/71576.csv	2e1c51ee3404d2f247bdb73cb86c31566ca72525	mission-data/17/Processing_Scripts/papers/curation_papers/71576.csv	exact
17	master	4ac61997	Processing_Scripts/papers/curation_papers/71577.csv	fe2ff9c677035528c34808ff51b8c9a6fdf955c9	mission-data/17/Processing_Scripts/papers/curation_papers/71577.csv	exact
17	master	4ac61997	Processing_Scripts/papers/curation_papers/71578.csv	a780dc477786ff9ce2beb957c235b6befe332cf8	mission-data/17/Processing_Scripts/papers/curation_papers/71578.csv	exact
17	master	4ac61997	Processing_Scripts/papers/curation_papers/71579.csv	b56aec725f1ee1df672e3adf8dc6b696f6123272	mission-data/17/Processing_Scripts/papers/curation_papers/71579.csv	exact
17	master	4ac61997	Processing_Scripts/papers/curation_papers/71585.csv	1a2517293b2541a6bbdc73f2bc6e5cb73a8079be	mission-data/17/Processing_Scripts/papers/curation_papers/71585.csv	exact
17	master	4ac61997	Processing_Scripts/papers/curation_papers/71586.csv	fe4a265346fb023b6089740b2cbf78bcc7def83a	mission-data/17/Processing_Scripts/papers/curation_papers/71586.csv	exact
17	master	4ac61997	Processing_Scripts/papers/curation_papers/71587.csv	11fb1acbf82d5577959198dc207c682e6126b204	mission-data/17/Processing_Scripts/papers/curation_papers/71587.csv	exact
17	master	4ac61997	Processing_Scripts/papers/curation_papers/71588.csv	11fb1acbf82d5577959198dc207c682e6126b204	mission-data/17/Processing_Scripts/papers/curation_papers/71588.csv	exact
17	master	4ac61997	Processing_Scripts/papers/curation_papers/71589.csv	fe4a265346fb023b6089740b2cbf78bcc7def83a	mission-data/17/Processing_Scripts/papers/curation_papers/71589.csv	exact
17	master	4ac61997	Processing_Scripts/papers/curation_papers/71595.csv	fe4a265346fb023b6089740b2cbf78bcc7def83a	mission-data/17/Processing_Scripts/papers/curation_papers/71595.csv	exact
17	master	4ac61997	Processing_Scripts/papers/curation_papers/71596.csv	11fb1acbf82d5577959198dc207c682e6126b204	mission-data/17/Processing_Scripts/papers/curation_papers/71596.csv	exact
17	master	4ac61997	Processing_Scripts/papers/curation_papers/71597.csv	6e5e2b14cb02018c0a7a54e0c1d40fd34e6c8afb	mission-data/17/Processing_Scripts/papers/curation_papers/71597.csv	exact
17	master	4ac61997	Processing_Scripts/papers/curation_papers/72010.csv	e69de29bb2d1d6434b8b29ae775ad8c2e48c5391	mission-data/17/Processing_Scripts/papers/curation_papers/72010.csv	exact
17	master	4ac61997	Processing_Scripts/papers/curation_papers/72130.csv	e69de29bb2d1d6434b8b29ae775ad8c2e48c5391	mission-data/17/Processing_Scripts/papers/curation_papers/72130.csv	exact
17	master	4ac61997	Processing_Scripts/papers/curation_papers/72131.csv	e69de29bb2d1d6434b8b29ae775ad8c2e48c5391	mission-data/17/Processing_Scripts/papers/curation_papers/72131.csv	exact
17	master	4ac61997	Processing_Scripts/papers/curation_papers/72132.csv	e69de29bb2d1d6434b8b29ae775ad8c2e48c5391	mission-data/17/Processing_Scripts/papers/curation_papers/72132.csv	exact
17	master	4ac61997	Processing_Scripts/papers/curation_papers/72133.csv	e69de29bb2d1d6434b8b29ae775ad8c2e48c5391	mission-data/17/Processing_Scripts/papers/curation_papers/72133.csv	exact
17	master	4ac61997	Processing_Scripts/papers/curation_papers/72134.csv	e69de29bb2d1d6434b8b29ae775ad8c2e48c5391	mission-data/17/Processing_Scripts/papers/curation_papers/72134.csv	exact
17	master	4ac61997	Processing_Scripts/papers/curation_papers/72135.csv	f90ee4fdff776370934d0b056f47cb362fb20c9d	mission-data/17/Processing_Scripts/papers/curation_papers/72135.csv	exact
17	master	4ac61997	Processing_Scripts/papers/curation_papers/72140.csv	e69de29bb2d1d6434b8b29ae775ad8c2e48c5391	mission-data/17/Processing_Scripts/papers/curation_papers/72140.csv	exact
17	master	4ac61997	Processing_Scripts/papers/curation_papers/72141.csv	11b7242abf1c637a4b583528d631d92be0766037	mission-data/17/Processing_Scripts/papers/curation_papers/72141.csv	exact
17	master	4ac61997	Processing_Scripts/papers/curation_papers/72142.csv	e69de29bb2d1d6434b8b29ae775ad8c2e48c5391	mission-data/17/Processing_Scripts/papers/curation_papers/72142.csv	exact
17	master	4ac61997	Processing_Scripts/papers/curation_papers/72143.csv	e69de29bb2d1d6434b8b29ae775ad8c2e48c5391	mission-data/17/Processing_Scripts/papers/curation_papers/72143.csv	exact
17	master	4ac61997	Processing_Scripts/papers/curation_papers/72144.csv	e69de29bb2d1d6434b8b29ae775ad8c2e48c5391	mission-data/17/Processing_Scripts/papers/curation_papers/72144.csv	exact
17	master	4ac61997	Processing_Scripts/papers/curation_papers/72145.csv	e69de29bb2d1d6434b8b29ae775ad8c2e48c5391	mission-data/17/Processing_Scripts/papers/curation_papers/72145.csv	exact
17	master	4ac61997	Processing_Scripts/papers/curation_papers/72150.csv	e69de29bb2d1d6434b8b29ae775ad8c2e48c5391	mission-data/17/Processing_Scripts/papers/curation_papers/72150.csv	exact
17	master	4ac61997	Processing_Scripts/papers/curation_papers/72155.csv	2ec48125e2ea6899e200dec7f241672493f66865	mission-data/17/Processing_Scripts/papers/curation_papers/72155.csv	exact
17	master	4ac61997	Processing_Scripts/papers/curation_papers/72160.csv	e69de29bb2d1d6434b8b29ae775ad8c2e48c5391	mission-data/17/Processing_Scripts/papers/curation_papers/72160.csv	exact
17	master	4ac61997	Processing_Scripts/papers/curation_papers/72161.csv	d8bdd566c4be8bd0912b8af5bb79256e66778682	mission-data/17/Processing_Scripts/papers/curation_papers/72161.csv	exact
17	master	4ac61997	Processing_Scripts/papers/curation_papers/72162.csv	e69de29bb2d1d6434b8b29ae775ad8c2e48c5391	mission-data/17/Processing_Scripts/papers/curation_papers/72162.csv	exact
17	master	4ac61997	Processing_Scripts/papers/curation_papers/72163.csv	e69de29bb2d1d6434b8b29ae775ad8c2e48c5391	mission-data/17/Processing_Scripts/papers/curation_papers/72163.csv	exact
17	master	4ac61997	Processing_Scripts/papers/curation_papers/72164.csv	e69de29bb2d1d6434b8b29ae775ad8c2e48c5391	mission-data/17/Processing_Scripts/papers/curation_papers/72164.csv	exact
17	master	4ac61997	Processing_Scripts/papers/curation_papers/72210.csv	e69de29bb2d1d6434b8b29ae775ad8c2e48c5391	mission-data/17/Processing_Scripts/papers/curation_papers/72210.csv	exact
17	master	4ac61997	Processing_Scripts/papers/curation_papers/72215.csv	cb0f6e3bb5a2d3cef89a77b09fc143e16e324fd1	mission-data/17/Processing_Scripts/papers/curation_papers/72215.csv	exact
17	master	4ac61997	Processing_Scripts/papers/curation_papers/72220.csv	e69de29bb2d1d6434b8b29ae775ad8c2e48c5391	mission-data/17/Processing_Scripts/papers/curation_papers/72220.csv	exact
17	master	4ac61997	Processing_Scripts/papers/curation_papers/72221.csv	e69de29bb2d1d6434b8b29ae775ad8c2e48c5391	mission-data/17/Processing_Scripts/papers/curation_papers/72221.csv	exact
17	master	4ac61997	Processing_Scripts/papers/curation_papers/72222.csv	e69de29bb2d1d6434b8b29ae775ad8c2e48c5391	mission-data/17/Processing_Scripts/papers/curation_papers/72222.csv	exact
17	master	4ac61997	Processing_Scripts/papers/curation_papers/72223.csv	e69de29bb2d1d6434b8b29ae775ad8c2e48c5391	mission-data/17/Processing_Scripts/papers/curation_papers/72223.csv	exact
17	master	4ac61997	Processing_Scripts/papers/curation_papers/72224.csv	e69de29bb2d1d6434b8b29ae775ad8c2e48c5391	mission-data/17/Processing_Scripts/papers/curation_papers/72224.csv	exact
17	master	4ac61997	Processing_Scripts/papers/curation_papers/72230.csv	e69de29bb2d1d6434b8b29ae775ad8c2e48c5391	mission-data/17/Processing_Scripts/papers/curation_papers/72230.csv	exact
17	master	4ac61997	Processing_Scripts/papers/curation_papers/72235.csv	8ab8432acd02b88f292d1ca9428df42e76dfac8e	mission-data/17/Processing_Scripts/papers/curation_papers/72235.csv	exact
17	master	4ac61997	Processing_Scripts/papers/curation_papers/72240.csv	e69de29bb2d1d6434b8b29ae775ad8c2e48c5391	mission-data/17/Processing_Scripts/papers/curation_papers/72240.csv	exact
17	master	4ac61997	Processing_Scripts/papers/curation_papers/72241.csv	e69de29bb2d1d6434b8b29ae775ad8c2e48c5391	mission-data/17/Processing_Scripts/papers/curation_papers/72241.csv	exact
17	master	4ac61997	Processing_Scripts/papers/curation_papers/72242.csv	e69de29bb2d1d6434b8b29ae775ad8c2e48c5391	mission-data/17/Processing_Scripts/papers/curation_papers/72242.csv	exact
17	master	4ac61997	Processing_Scripts/papers/curation_papers/72243.csv	e69de29bb2d1d6434b8b29ae775ad8c2e48c5391	mission-data/17/Processing_Scripts/papers/curation_papers/72243.csv	exact
17	master	4ac61997	Processing_Scripts/papers/curation_papers/72244.csv	e69de29bb2d1d6434b8b29ae775ad8c2e48c5391	mission-data/17/Processing_Scripts/papers/curation_papers/72244.csv	exact
17	master	4ac61997	Processing_Scripts/papers/curation_papers/72250.csv	e69de29bb2d1d6434b8b29ae775ad8c2e48c5391	mission-data/17/Processing_Scripts/papers/curation_papers/72250.csv	exact
17	master	4ac61997	Processing_Scripts/papers/curation_papers/72255.csv	2550639e0d9cbd6bf215a82d27d88a6739111e77	mission-data/17/Processing_Scripts/papers/curation_papers/72255.csv	exact
17	master	4ac61997	Processing_Scripts/papers/curation_papers/72260.csv	e69de29bb2d1d6434b8b29ae775ad8c2e48c5391	mission-data/17/Processing_Scripts/papers/curation_papers/72260.csv	exact
17	master	4ac61997	Processing_Scripts/papers/curation_papers/72261.csv	e69de29bb2d1d6434b8b29ae775ad8c2e48c5391	mission-data/17/Processing_Scripts/papers/curation_papers/72261.csv	exact
17	master	4ac61997	Processing_Scripts/papers/curation_papers/72262.csv	e69de29bb2d1d6434b8b29ae775ad8c2e48c5391	mission-data/17/Processing_Scripts/papers/curation_papers/72262.csv	exact
17	master	4ac61997	Processing_Scripts/papers/curation_papers/72263.csv	e69de29bb2d1d6434b8b29ae775ad8c2e48c5391	mission-data/17/Processing_Scripts/papers/curation_papers/72263.csv	exact
17	master	4ac61997	Processing_Scripts/papers/curation_papers/72264.csv	e69de29bb2d1d6434b8b29ae775ad8c2e48c5391	mission-data/17/Processing_Scripts/papers/curation_papers/72264.csv	exact
17	master	4ac61997	Processing_Scripts/papers/curation_papers/72270.csv	e69de29bb2d1d6434b8b29ae775ad8c2e48c5391	mission-data/17/Processing_Scripts/papers/curation_papers/72270.csv	exact
17	master	4ac61997	Processing_Scripts/papers/curation_papers/72275.csv	4a639758218960e2ce706d69a740f030f21460fa	mission-data/17/Processing_Scripts/papers/curation_papers/72275.csv	exact
17	master	4ac61997	Processing_Scripts/papers/curation_papers/72310.csv	e69de29bb2d1d6434b8b29ae775ad8c2e48c5391	mission-data/17/Processing_Scripts/papers/curation_papers/72310.csv	exact
17	master	4ac61997	Processing_Scripts/papers/curation_papers/72315.csv	55a1bc9eda9acf67e3fcd2757d2cf300dc286d81	mission-data/17/Processing_Scripts/papers/curation_papers/72315.csv	exact
17	master	4ac61997	Processing_Scripts/papers/curation_papers/72320.csv	e69de29bb2d1d6434b8b29ae775ad8c2e48c5391	mission-data/17/Processing_Scripts/papers/curation_papers/72320.csv	exact
17	master	4ac61997	Processing_Scripts/papers/curation_papers/72321.csv	e69de29bb2d1d6434b8b29ae775ad8c2e48c5391	mission-data/17/Processing_Scripts/papers/curation_papers/72321.csv	exact
17	master	4ac61997	Processing_Scripts/papers/curation_papers/72322.csv	e69de29bb2d1d6434b8b29ae775ad8c2e48c5391	mission-data/17/Processing_Scripts/papers/curation_papers/72322.csv	exact
17	master	4ac61997	Processing_Scripts/papers/curation_papers/72323.csv	e69de29bb2d1d6434b8b29ae775ad8c2e48c5391	mission-data/17/Processing_Scripts/papers/curation_papers/72323.csv	exact
17	master	4ac61997	Processing_Scripts/papers/curation_papers/72324.csv	e69de29bb2d1d6434b8b29ae775ad8c2e48c5391	mission-data/17/Processing_Scripts/papers/curation_papers/72324.csv	exact
17	master	4ac61997	Processing_Scripts/papers/curation_papers/72330.csv	e69de29bb2d1d6434b8b29ae775ad8c2e48c5391	mission-data/17/Processing_Scripts/papers/curation_papers/72330.csv	exact
17	master	4ac61997	Processing_Scripts/papers/curation_papers/72335.csv	559e01392463bf40a82f7a1d43af0a3b2f87d222	mission-data/17/Processing_Scripts/papers/curation_papers/72335.csv	exact
17	master	4ac61997	Processing_Scripts/papers/curation_papers/72350.csv	e69de29bb2d1d6434b8b29ae775ad8c2e48c5391	mission-data/17/Processing_Scripts/papers/curation_papers/72350.csv	exact
17	master	4ac61997	Processing_Scripts/papers/curation_papers/72355.csv	141705e1eaa73bada0a4fbe04dc2fc2a2f275563	mission-data/17/Processing_Scripts/papers/curation_papers/72355.csv	exact
17	master	4ac61997	Processing_Scripts/papers/curation_papers/72370.csv	e69de29bb2d1d6434b8b29ae775ad8c2e48c5391	mission-data/17/Processing_Scripts/papers/curation_papers/72370.csv	exact
17	master	4ac61997	Processing_Scripts/papers/curation_papers/72375.csv	865133de7590a2d1d15f7ae35f6d3c4f762353ad	mission-data/17/Processing_Scripts/papers/curation_papers/72375.csv	exact
17	master	4ac61997	Processing_Scripts/papers/curation_papers/72390.csv	e69de29bb2d1d6434b8b29ae775ad8c2e48c5391	mission-data/17/Processing_Scripts/papers/curation_papers/72390.csv	exact
17	master	4ac61997	Processing_Scripts/papers/curation_papers/72395.csv	593e31f5e7b8215ccce3d7f9af91650fa6907a85	mission-data/17/Processing_Scripts/papers/curation_papers/72395.csv	exact
17	master	4ac61997	Processing_Scripts/papers/curation_papers/72410.csv	e69de29bb2d1d6434b8b29ae775ad8c2e48c5391	mission-data/17/Processing_Scripts/papers/curation_papers/72410.csv	exact
17	master	4ac61997	Processing_Scripts/papers/curation_papers/72415.csv	73b07f3bde53dbed7b8fbfa8bf0b95e6c509f9ce	mission-data/17/Processing_Scripts/papers/curation_papers/72415.csv	exact
17	master	4ac61997	Processing_Scripts/papers/curation_papers/72416.csv	e43199a75b8b8da1169430530cc5e85d768e73fb	mission-data/17/Processing_Scripts/papers/curation_papers/72416.csv	exact
17	master	4ac61997	Processing_Scripts/papers/curation_papers/72417.csv	ae37634e6aa156031542c8371028e2a8b75de796	mission-data/17/Processing_Scripts/papers/curation_papers/72417.csv	exact
17	master	4ac61997	Processing_Scripts/papers/curation_papers/72418.csv	25003de4e6710d3d533c290657cf380a31440763	mission-data/17/Processing_Scripts/papers/curation_papers/72418.csv	exact
17	master	4ac61997	Processing_Scripts/papers/curation_papers/72430.csv	e69de29bb2d1d6434b8b29ae775ad8c2e48c5391	mission-data/17/Processing_Scripts/papers/curation_papers/72430.csv	exact
17	master	4ac61997	Processing_Scripts/papers/curation_papers/72431.csv	e69de29bb2d1d6434b8b29ae775ad8c2e48c5391	mission-data/17/Processing_Scripts/papers/curation_papers/72431.csv	exact
17	master	4ac61997	Processing_Scripts/papers/curation_papers/72432.csv	e69de29bb2d1d6434b8b29ae775ad8c2e48c5391	mission-data/17/Processing_Scripts/papers/curation_papers/72432.csv	exact
17	master	4ac61997	Processing_Scripts/papers/curation_papers/72433.csv	e69de29bb2d1d6434b8b29ae775ad8c2e48c5391	mission-data/17/Processing_Scripts/papers/curation_papers/72433.csv	exact
17	master	4ac61997	Processing_Scripts/papers/curation_papers/72434.csv	1a75e499644f4021f12d6b311528a748aab0a8d9	mission-data/17/Processing_Scripts/papers/curation_papers/72434.csv	exact
17	master	4ac61997	Processing_Scripts/papers/curation_papers/72435.csv	594984be5b1d172856c571e4875848057f4623b0	mission-data/17/Processing_Scripts/papers/curation_papers/72435.csv	exact
17	master	4ac61997	Processing_Scripts/papers/curation_papers/72440.csv	e69de29bb2d1d6434b8b29ae775ad8c2e48c5391	mission-data/17/Processing_Scripts/papers/curation_papers/72440.csv	exact
17	master	4ac61997	Processing_Scripts/papers/curation_papers/72441.csv	e69de29bb2d1d6434b8b29ae775ad8c2e48c5391	mission-data/17/Processing_Scripts/papers/curation_papers/72441.csv	exact
17	master	4ac61997	Processing_Scripts/papers/curation_papers/72442.csv	e69de29bb2d1d6434b8b29ae775ad8c2e48c5391	mission-data/17/Processing_Scripts/papers/curation_papers/72442.csv	exact
17	master	4ac61997	Processing_Scripts/papers/curation_papers/72443.csv	e69de29bb2d1d6434b8b29ae775ad8c2e48c5391	mission-data/17/Processing_Scripts/papers/curation_papers/72443.csv	exact
17	master	4ac61997	Processing_Scripts/papers/curation_papers/72444.csv	e69de29bb2d1d6434b8b29ae775ad8c2e48c5391	mission-data/17/Processing_Scripts/papers/curation_papers/72444.csv	exact
17	master	4ac61997	Processing_Scripts/papers/curation_papers/72460.csv	e69de29bb2d1d6434b8b29ae775ad8c2e48c5391	mission-data/17/Processing_Scripts/papers/curation_papers/72460.csv	exact
17	master	4ac61997	Processing_Scripts/papers/curation_papers/72461.csv	1996929b5dc64c8ad2fbd17dd112c371f8736676	mission-data/17/Processing_Scripts/papers/curation_papers/72461.csv	exact
17	master	4ac61997	Processing_Scripts/papers/curation_papers/72462.csv	e69de29bb2d1d6434b8b29ae775ad8c2e48c5391	mission-data/17/Processing_Scripts/papers/curation_papers/72462.csv	exact
17	master	4ac61997	Processing_Scripts/papers/curation_papers/72463.csv	e69de29bb2d1d6434b8b29ae775ad8c2e48c5391	mission-data/17/Processing_Scripts/papers/curation_papers/72463.csv	exact
17	master	4ac61997	Processing_Scripts/papers/curation_papers/72464.csv	e69de29bb2d1d6434b8b29ae775ad8c2e48c5391	mission-data/17/Processing_Scripts/papers/curation_papers/72464.csv	exact
17	master	4ac61997	Processing_Scripts/papers/curation_papers/72500.csv	e69de29bb2d1d6434b8b29ae775ad8c2e48c5391	mission-data/17/Processing_Scripts/papers/curation_papers/72500.csv	exact
17	master	4ac61997	Processing_Scripts/papers/curation_papers/72501.csv	3fffa31fdd79d6aeeff721d0b510a8423a8e9057	mission-data/17/Processing_Scripts/papers/curation_papers/72501.csv	exact
17	master	4ac61997	Processing_Scripts/papers/curation_papers/72502.csv	e69de29bb2d1d6434b8b29ae775ad8c2e48c5391	mission-data/17/Processing_Scripts/papers/curation_papers/72502.csv	exact
17	master	4ac61997	Processing_Scripts/papers/curation_papers/72503.csv	e69de29bb2d1d6434b8b29ae775ad8c2e48c5391	mission-data/17/Processing_Scripts/papers/curation_papers/72503.csv	exact
17	master	4ac61997	Processing_Scripts/papers/curation_papers/72504.csv	e69de29bb2d1d6434b8b29ae775ad8c2e48c5391	mission-data/17/Processing_Scripts/papers/curation_papers/72504.csv	exact
17	master	4ac61997	Processing_Scripts/papers/curation_papers/72505.csv	e69de29bb2d1d6434b8b29ae775ad8c2e48c5391	mission-data/17/Processing_Scripts/papers/curation_papers/72505.csv	exact
17	master	4ac61997	Processing_Scripts/papers/curation_papers/72530.csv	e69de29bb2d1d6434b8b29ae775ad8c2e48c5391	mission-data/17/Processing_Scripts/papers/curation_papers/72530.csv	exact
17	master	4ac61997	Processing_Scripts/papers/curation_papers/72535.csv	0703fd2e2381afc91346b1f78d49f9ac4a9f6afe	mission-data/17/Processing_Scripts/papers/curation_papers/72535.csv	exact
17	master	4ac61997	Processing_Scripts/papers/curation_papers/72536.csv	12e4c7bc06a6ab0e32e31a72a67382ac5d7f071a	mission-data/17/Processing_Scripts/papers/curation_papers/72536.csv	exact
17	master	4ac61997	Processing_Scripts/papers/curation_papers/72537.csv	e69de29bb2d1d6434b8b29ae775ad8c2e48c5391	mission-data/17/Processing_Scripts/papers/curation_papers/72537.csv	exact
17	master	4ac61997	Processing_Scripts/papers/curation_papers/72538.csv	e69de29bb2d1d6434b8b29ae775ad8c2e48c5391	mission-data/17/Processing_Scripts/papers/curation_papers/72538.csv	exact
17	master	4ac61997	Processing_Scripts/papers/curation_papers/72539.csv	fa6c21617df04267b7201d34529e3fedaa0d39da	mission-data/17/Processing_Scripts/papers/curation_papers/72539.csv	exact
17	master	4ac61997	Processing_Scripts/papers/curation_papers/72545.csv	e69de29bb2d1d6434b8b29ae775ad8c2e48c5391	mission-data/17/Processing_Scripts/papers/curation_papers/72545.csv	exact
17	master	4ac61997	Processing_Scripts/papers/curation_papers/72546.csv	e69de29bb2d1d6434b8b29ae775ad8c2e48c5391	mission-data/17/Processing_Scripts/papers/curation_papers/72546.csv	exact
17	master	4ac61997	Processing_Scripts/papers/curation_papers/72547.csv	e69de29bb2d1d6434b8b29ae775ad8c2e48c5391	mission-data/17/Processing_Scripts/papers/curation_papers/72547.csv	exact
17	master	4ac61997	Processing_Scripts/papers/curation_papers/72548.csv	fa6c21617df04267b7201d34529e3fedaa0d39da	mission-data/17/Processing_Scripts/papers/curation_papers/72548.csv	exact
17	master	4ac61997	Processing_Scripts/papers/curation_papers/72549.csv	fa6c21617df04267b7201d34529e3fedaa0d39da	mission-data/17/Processing_Scripts/papers/curation_papers/72549.csv	exact
17	master	4ac61997	Processing_Scripts/papers/curation_papers/72555.csv	771a9cd662642c8f3db00570d16e6690351fe76e	mission-data/17/Processing_Scripts/papers/curation_papers/72555.csv	exact
17	master	4ac61997	Processing_Scripts/papers/curation_papers/72556.csv	e69de29bb2d1d6434b8b29ae775ad8c2e48c5391	mission-data/17/Processing_Scripts/papers/curation_papers/72556.csv	exact
17	master	4ac61997	Processing_Scripts/papers/curation_papers/72557.csv	e69de29bb2d1d6434b8b29ae775ad8c2e48c5391	mission-data/17/Processing_Scripts/papers/curation_papers/72557.csv	exact
17	master	4ac61997	Processing_Scripts/papers/curation_papers/72558.csv	8d79ab148e3f4206c1e2ca7a48bd832b9f19f5b9	mission-data/17/Processing_Scripts/papers/curation_papers/72558.csv	exact
17	master	4ac61997	Processing_Scripts/papers/curation_papers/72559.csv	2de060ecca09f460201d743d07f1298f3e85346c	mission-data/17/Processing_Scripts/papers/curation_papers/72559.csv	exact
17	master	4ac61997	Processing_Scripts/papers/curation_papers/72700.csv	e69de29bb2d1d6434b8b29ae775ad8c2e48c5391	mission-data/17/Processing_Scripts/papers/curation_papers/72700.csv	exact
17	master	4ac61997	Processing_Scripts/papers/curation_papers/72701.csv	11b7242abf1c637a4b583528d631d92be0766037	mission-data/17/Processing_Scripts/papers/curation_papers/72701.csv	exact
17	master	4ac61997	Processing_Scripts/papers/curation_papers/72702.csv	e69de29bb2d1d6434b8b29ae775ad8c2e48c5391	mission-data/17/Processing_Scripts/papers/curation_papers/72702.csv	exact
17	master	4ac61997	Processing_Scripts/papers/curation_papers/72703.csv	e69de29bb2d1d6434b8b29ae775ad8c2e48c5391	mission-data/17/Processing_Scripts/papers/curation_papers/72703.csv	exact
17	master	4ac61997	Processing_Scripts/papers/curation_papers/72704.csv	e69de29bb2d1d6434b8b29ae775ad8c2e48c5391	mission-data/17/Processing_Scripts/papers/curation_papers/72704.csv	exact
17	master	4ac61997	Processing_Scripts/papers/curation_papers/72705.csv	9b95f09182d78b51d3affab9237cc50af3ebff97	mission-data/17/Processing_Scripts/papers/curation_papers/72705.csv	exact
17	master	4ac61997	Processing_Scripts/papers/curation_papers/72730.csv	e69de29bb2d1d6434b8b29ae775ad8c2e48c5391	mission-data/17/Processing_Scripts/papers/curation_papers/72730.csv	exact
17	master	4ac61997	Processing_Scripts/papers/curation_papers/72735.csv	abc52fcd223c9df516db971c1348e4c0b6fa04e2	mission-data/17/Processing_Scripts/papers/curation_papers/72735.csv	exact
17	master	4ac61997	Processing_Scripts/papers/curation_papers/72736.csv	fa6c21617df04267b7201d34529e3fedaa0d39da	mission-data/17/Processing_Scripts/papers/curation_papers/72736.csv	exact
17	master	4ac61997	Processing_Scripts/papers/curation_papers/72737.csv	e69de29bb2d1d6434b8b29ae775ad8c2e48c5391	mission-data/17/Processing_Scripts/papers/curation_papers/72737.csv	exact
17	master	4ac61997	Processing_Scripts/papers/curation_papers/72738.csv	12e4c7bc06a6ab0e32e31a72a67382ac5d7f071a	mission-data/17/Processing_Scripts/papers/curation_papers/72738.csv	exact
17	master	4ac61997	Processing_Scripts/papers/curation_papers/73001.csv	e69de29bb2d1d6434b8b29ae775ad8c2e48c5391	mission-data/17/Processing_Scripts/papers/curation_papers/73001.csv	exact
17	master	4ac61997	Processing_Scripts/papers/curation_papers/73002.csv	e69de29bb2d1d6434b8b29ae775ad8c2e48c5391	mission-data/17/Processing_Scripts/papers/curation_papers/73002.csv	exact
17	master	4ac61997	Processing_Scripts/papers/curation_papers/73010.csv	e69de29bb2d1d6434b8b29ae775ad8c2e48c5391	mission-data/17/Processing_Scripts/papers/curation_papers/73010.csv	exact
17	master	4ac61997	Processing_Scripts/papers/curation_papers/73120.csv	e69de29bb2d1d6434b8b29ae775ad8c2e48c5391	mission-data/17/Processing_Scripts/papers/curation_papers/73120.csv	exact
17	master	4ac61997	Processing_Scripts/papers/curation_papers/73121.csv	e69de29bb2d1d6434b8b29ae775ad8c2e48c5391	mission-data/17/Processing_Scripts/papers/curation_papers/73121.csv	exact
17	master	4ac61997	Processing_Scripts/papers/curation_papers/73122.csv	e69de29bb2d1d6434b8b29ae775ad8c2e48c5391	mission-data/17/Processing_Scripts/papers/curation_papers/73122.csv	exact
17	master	4ac61997	Processing_Scripts/papers/curation_papers/73123.csv	e69de29bb2d1d6434b8b29ae775ad8c2e48c5391	mission-data/17/Processing_Scripts/papers/curation_papers/73123.csv	exact
17	master	4ac61997	Processing_Scripts/papers/curation_papers/73124.csv	e69de29bb2d1d6434b8b29ae775ad8c2e48c5391	mission-data/17/Processing_Scripts/papers/curation_papers/73124.csv	exact
17	master	4ac61997	Processing_Scripts/papers/curation_papers/73130.csv	e69de29bb2d1d6434b8b29ae775ad8c2e48c5391	mission-data/17/Processing_Scripts/papers/curation_papers/73130.csv	exact
17	master	4ac61997	Processing_Scripts/papers/curation_papers/73131.csv	1e7d06756e0ede8fedc212c1326b3af7cf3229ae	mission-data/17/Processing_Scripts/papers/curation_papers/73131.csv	exact
17	master	4ac61997	Processing_Scripts/papers/curation_papers/73132.csv	e69de29bb2d1d6434b8b29ae775ad8c2e48c5391	mission-data/17/Processing_Scripts/papers/curation_papers/73132.csv	exact
17	master	4ac61997	Processing_Scripts/papers/curation_papers/73133.csv	e69de29bb2d1d6434b8b29ae775ad8c2e48c5391	mission-data/17/Processing_Scripts/papers/curation_papers/73133.csv	exact
17	master	4ac61997	Processing_Scripts/papers/curation_papers/73134.csv	e69de29bb2d1d6434b8b29ae775ad8c2e48c5391	mission-data/17/Processing_Scripts/papers/curation_papers/73134.csv	exact
17	master	4ac61997	Processing_Scripts/papers/curation_papers/73140.csv	e69de29bb2d1d6434b8b29ae775ad8c2e48c5391	mission-data/17/Processing_Scripts/papers/curation_papers/73140.csv	exact
17	master	4ac61997	Processing_Scripts/papers/curation_papers/73141.csv	11b7242abf1c637a4b583528d631d92be0766037	mission-data/17/Processing_Scripts/papers/curation_papers/73141.csv	exact
17	master	4ac61997	Processing_Scripts/papers/curation_papers/73142.csv	e69de29bb2d1d6434b8b29ae775ad8c2e48c5391	mission-data/17/Processing_Scripts/papers/curation_papers/73142.csv	exact
17	master	4ac61997	Processing_Scripts/papers/curation_papers/73143.csv	e69de29bb2d1d6434b8b29ae775ad8c2e48c5391	mission-data/17/Processing_Scripts/papers/curation_papers/73143.csv	exact
17	master	4ac61997	Processing_Scripts/papers/curation_papers/73144.csv	e69de29bb2d1d6434b8b29ae775ad8c2e48c5391	mission-data/17/Processing_Scripts/papers/curation_papers/73144.csv	exact
17	master	4ac61997	Processing_Scripts/papers/curation_papers/73145.csv	e69de29bb2d1d6434b8b29ae775ad8c2e48c5391	mission-data/17/Processing_Scripts/papers/curation_papers/73145.csv	exact
17	master	4ac61997	Processing_Scripts/papers/curation_papers/73146.csv	5aac9f945c2a17a14cf0f88d5c3e921e6c14e1af	mission-data/17/Processing_Scripts/papers/curation_papers/73146.csv	exact
17	master	4ac61997	Processing_Scripts/papers/curation_papers/73150.csv	e69de29bb2d1d6434b8b29ae775ad8c2e48c5391	mission-data/17/Processing_Scripts/papers/curation_papers/73150.csv	exact
17	master	4ac61997	Processing_Scripts/papers/curation_papers/73151.csv	e69de29bb2d1d6434b8b29ae775ad8c2e48c5391	mission-data/17/Processing_Scripts/papers/curation_papers/73151.csv	exact
17	master	4ac61997	Processing_Scripts/papers/curation_papers/73152.csv	e69de29bb2d1d6434b8b29ae775ad8c2e48c5391	mission-data/17/Processing_Scripts/papers/curation_papers/73152.csv	exact
17	master	4ac61997	Processing_Scripts/papers/curation_papers/73153.csv	e69de29bb2d1d6434b8b29ae775ad8c2e48c5391	mission-data/17/Processing_Scripts/papers/curation_papers/73153.csv	exact
17	master	4ac61997	Processing_Scripts/papers/curation_papers/73154.csv	e69de29bb2d1d6434b8b29ae775ad8c2e48c5391	mission-data/17/Processing_Scripts/papers/curation_papers/73154.csv	exact
17	master	4ac61997	Processing_Scripts/papers/curation_papers/73155.csv	e118e4028c1c83dbc74b9e80f5deb8a0f7696887	mission-data/17/Processing_Scripts/papers/curation_papers/73155.csv	exact
17	master	4ac61997	Processing_Scripts/papers/curation_papers/73156.csv	e69de29bb2d1d6434b8b29ae775ad8c2e48c5391	mission-data/17/Processing_Scripts/papers/curation_papers/73156.csv	exact
17	master	4ac61997	Processing_Scripts/papers/curation_papers/73210.csv	e69de29bb2d1d6434b8b29ae775ad8c2e48c5391	mission-data/17/Processing_Scripts/papers/curation_papers/73210.csv	exact
17	master	4ac61997	Processing_Scripts/papers/curation_papers/73211.csv	e69de29bb2d1d6434b8b29ae775ad8c2e48c5391	mission-data/17/Processing_Scripts/papers/curation_papers/73211.csv	exact
17	master	4ac61997	Processing_Scripts/papers/curation_papers/73212.csv	e69de29bb2d1d6434b8b29ae775ad8c2e48c5391	mission-data/17/Processing_Scripts/papers/curation_papers/73212.csv	exact
17	master	4ac61997	Processing_Scripts/papers/curation_papers/73213.csv	e69de29bb2d1d6434b8b29ae775ad8c2e48c5391	mission-data/17/Processing_Scripts/papers/curation_papers/73213.csv	exact
17	master	4ac61997	Processing_Scripts/papers/curation_papers/73214.csv	e69de29bb2d1d6434b8b29ae775ad8c2e48c5391	mission-data/17/Processing_Scripts/papers/curation_papers/73214.csv	exact
17	master	4ac61997	Processing_Scripts/papers/curation_papers/73215.csv	9352b7d04f7905e453b442a24caa915a8f8cef8c	mission-data/17/Processing_Scripts/papers/curation_papers/73215.csv	exact
17	master	4ac61997	Processing_Scripts/papers/curation_papers/73216.csv	14dc7dd3fdf0b10db1df44ecc09306b1ad6d1b73	mission-data/17/Processing_Scripts/papers/curation_papers/73216.csv	exact
17	master	4ac61997	Processing_Scripts/papers/curation_papers/73217.csv	f6f3180ce9d605b8ec4dbe0c039041d1c9912fb6	mission-data/17/Processing_Scripts/papers/curation_papers/73217.csv	exact
17	master	4ac61997	Processing_Scripts/papers/curation_papers/73218.csv	e69de29bb2d1d6434b8b29ae775ad8c2e48c5391	mission-data/17/Processing_Scripts/papers/curation_papers/73218.csv	exact
17	master	4ac61997	Processing_Scripts/papers/curation_papers/73219.csv	c252923cf4f409fed7f81bb36ce04e7b213a8ed3	mission-data/17/Processing_Scripts/papers/curation_papers/73219.csv	exact
17	master	4ac61997	Processing_Scripts/papers/curation_papers/73220.csv	e69de29bb2d1d6434b8b29ae775ad8c2e48c5391	mission-data/17/Processing_Scripts/papers/curation_papers/73220.csv	exact
17	master	4ac61997	Processing_Scripts/papers/curation_papers/73221.csv	e69de29bb2d1d6434b8b29ae775ad8c2e48c5391	mission-data/17/Processing_Scripts/papers/curation_papers/73221.csv	exact
17	master	4ac61997	Processing_Scripts/papers/curation_papers/73222.csv	e69de29bb2d1d6434b8b29ae775ad8c2e48c5391	mission-data/17/Processing_Scripts/papers/curation_papers/73222.csv	exact
17	master	4ac61997	Processing_Scripts/papers/curation_papers/73223.csv	e69de29bb2d1d6434b8b29ae775ad8c2e48c5391	mission-data/17/Processing_Scripts/papers/curation_papers/73223.csv	exact
17	master	4ac61997	Processing_Scripts/papers/curation_papers/73224.csv	e69de29bb2d1d6434b8b29ae775ad8c2e48c5391	mission-data/17/Processing_Scripts/papers/curation_papers/73224.csv	exact
17	master	4ac61997	Processing_Scripts/papers/curation_papers/73225.csv	e69de29bb2d1d6434b8b29ae775ad8c2e48c5391	mission-data/17/Processing_Scripts/papers/curation_papers/73225.csv	exact
17	master	4ac61997	Processing_Scripts/papers/curation_papers/73230.csv	e69de29bb2d1d6434b8b29ae775ad8c2e48c5391	mission-data/17/Processing_Scripts/papers/curation_papers/73230.csv	exact
17	master	4ac61997	Processing_Scripts/papers/curation_papers/73235.csv	687470048a20244346f1f9035f7ba8280995eead	mission-data/17/Processing_Scripts/papers/curation_papers/73235.csv	exact
17	master	4ac61997	Processing_Scripts/papers/curation_papers/73240.csv	e69de29bb2d1d6434b8b29ae775ad8c2e48c5391	mission-data/17/Processing_Scripts/papers/curation_papers/73240.csv	exact
17	master	4ac61997	Processing_Scripts/papers/curation_papers/73241.csv	e69de29bb2d1d6434b8b29ae775ad8c2e48c5391	mission-data/17/Processing_Scripts/papers/curation_papers/73241.csv	exact
17	master	4ac61997	Processing_Scripts/papers/curation_papers/73242.csv	e69de29bb2d1d6434b8b29ae775ad8c2e48c5391	mission-data/17/Processing_Scripts/papers/curation_papers/73242.csv	exact
17	master	4ac61997	Processing_Scripts/papers/curation_papers/73243.csv	e69de29bb2d1d6434b8b29ae775ad8c2e48c5391	mission-data/17/Processing_Scripts/papers/curation_papers/73243.csv	exact
17	master	4ac61997	Processing_Scripts/papers/curation_papers/73244.csv	e69de29bb2d1d6434b8b29ae775ad8c2e48c5391	mission-data/17/Processing_Scripts/papers/curation_papers/73244.csv	exact
17	master	4ac61997	Processing_Scripts/papers/curation_papers/73245.csv	e69de29bb2d1d6434b8b29ae775ad8c2e48c5391	mission-data/17/Processing_Scripts/papers/curation_papers/73245.csv	exact
17	master	4ac61997	Processing_Scripts/papers/curation_papers/73250.csv	e69de29bb2d1d6434b8b29ae775ad8c2e48c5391	mission-data/17/Processing_Scripts/papers/curation_papers/73250.csv	exact
17	master	4ac61997	Processing_Scripts/papers/curation_papers/73255.csv	a80c32957711ee241f4bcf9e4b3f638763ff236a	mission-data/17/Processing_Scripts/papers/curation_papers/73255.csv	exact
17	master	4ac61997	Processing_Scripts/papers/curation_papers/73260.csv	e69de29bb2d1d6434b8b29ae775ad8c2e48c5391	mission-data/17/Processing_Scripts/papers/curation_papers/73260.csv	exact
17	master	4ac61997	Processing_Scripts/papers/curation_papers/73261.csv	e69de29bb2d1d6434b8b29ae775ad8c2e48c5391	mission-data/17/Processing_Scripts/papers/curation_papers/73261.csv	exact
17	master	4ac61997	Processing_Scripts/papers/curation_papers/73262.csv	e69de29bb2d1d6434b8b29ae775ad8c2e48c5391	mission-data/17/Processing_Scripts/papers/curation_papers/73262.csv	exact
17	master	4ac61997	Processing_Scripts/papers/curation_papers/73263.csv	e69de29bb2d1d6434b8b29ae775ad8c2e48c5391	mission-data/17/Processing_Scripts/papers/curation_papers/73263.csv	exact
17	master	4ac61997	Processing_Scripts/papers/curation_papers/73264.csv	e69de29bb2d1d6434b8b29ae775ad8c2e48c5391	mission-data/17/Processing_Scripts/papers/curation_papers/73264.csv	exact
17	master	4ac61997	Processing_Scripts/papers/curation_papers/73270.csv	e69de29bb2d1d6434b8b29ae775ad8c2e48c5391	mission-data/17/Processing_Scripts/papers/curation_papers/73270.csv	exact
17	master	4ac61997	Processing_Scripts/papers/curation_papers/73275.csv	e685a833b143f6bf4feff5601d215e4d3f28c0eb	mission-data/17/Processing_Scripts/papers/curation_papers/73275.csv	exact
17	master	4ac61997	Processing_Scripts/papers/curation_papers/73280.csv	e69de29bb2d1d6434b8b29ae775ad8c2e48c5391	mission-data/17/Processing_Scripts/papers/curation_papers/73280.csv	exact
17	master	4ac61997	Processing_Scripts/papers/curation_papers/73281.csv	e69de29bb2d1d6434b8b29ae775ad8c2e48c5391	mission-data/17/Processing_Scripts/papers/curation_papers/73281.csv	exact
17	master	4ac61997	Processing_Scripts/papers/curation_papers/73282.csv	e69de29bb2d1d6434b8b29ae775ad8c2e48c5391	mission-data/17/Processing_Scripts/papers/curation_papers/73282.csv	exact
17	master	4ac61997	Processing_Scripts/papers/curation_papers/73283.csv	e69de29bb2d1d6434b8b29ae775ad8c2e48c5391	mission-data/17/Processing_Scripts/papers/curation_papers/73283.csv	exact
17	master	4ac61997	Processing_Scripts/papers/curation_papers/73284.csv	e69de29bb2d1d6434b8b29ae775ad8c2e48c5391	mission-data/17/Processing_Scripts/papers/curation_papers/73284.csv	exact
17	master	4ac61997	Processing_Scripts/papers/curation_papers/73285.csv	e69de29bb2d1d6434b8b29ae775ad8c2e48c5391	mission-data/17/Processing_Scripts/papers/curation_papers/73285.csv	exact
17	master	4ac61997	Processing_Scripts/papers/curation_papers/74001.csv	09e1aab8e57d6c9b38e005d8353d131a33832ba5	mission-data/17/Processing_Scripts/papers/curation_papers/74001.csv	exact
17	master	4ac61997	Processing_Scripts/papers/curation_papers/74002.csv	768acd56a1c161b0c9e3c829e68d12da5b5b9ba0	mission-data/17/Processing_Scripts/papers/curation_papers/74002.csv	exact
17	master	4ac61997	Processing_Scripts/papers/curation_papers/74010.csv	e69de29bb2d1d6434b8b29ae775ad8c2e48c5391	mission-data/17/Processing_Scripts/papers/curation_papers/74010.csv	exact
17	master	4ac61997	Processing_Scripts/papers/curation_papers/74110.csv	e69de29bb2d1d6434b8b29ae775ad8c2e48c5391	mission-data/17/Processing_Scripts/papers/curation_papers/74110.csv	exact
17	master	4ac61997	Processing_Scripts/papers/curation_papers/74111.csv	e69de29bb2d1d6434b8b29ae775ad8c2e48c5391	mission-data/17/Processing_Scripts/papers/curation_papers/74111.csv	exact
17	master	4ac61997	Processing_Scripts/papers/curation_papers/74112.csv	e69de29bb2d1d6434b8b29ae775ad8c2e48c5391	mission-data/17/Processing_Scripts/papers/curation_papers/74112.csv	exact
17	master	4ac61997	Processing_Scripts/papers/curation_papers/74113.csv	e69de29bb2d1d6434b8b29ae775ad8c2e48c5391	mission-data/17/Processing_Scripts/papers/curation_papers/74113.csv	exact
17	master	4ac61997	Processing_Scripts/papers/curation_papers/74114.csv	e69de29bb2d1d6434b8b29ae775ad8c2e48c5391	mission-data/17/Processing_Scripts/papers/curation_papers/74114.csv	exact
17	master	4ac61997	Processing_Scripts/papers/curation_papers/74115.csv	8ab130bb931a9f77be39b62593321a7e84fac862	mission-data/17/Processing_Scripts/papers/curation_papers/74115.csv	exact
17	master	4ac61997	Processing_Scripts/papers/curation_papers/74116.csv	e69de29bb2d1d6434b8b29ae775ad8c2e48c5391	mission-data/17/Processing_Scripts/papers/curation_papers/74116.csv	exact
17	master	4ac61997	Processing_Scripts/papers/curation_papers/74117.csv	e69de29bb2d1d6434b8b29ae775ad8c2e48c5391	mission-data/17/Processing_Scripts/papers/curation_papers/74117.csv	exact
17	master	4ac61997	Processing_Scripts/papers/curation_papers/74118.csv	e69de29bb2d1d6434b8b29ae775ad8c2e48c5391	mission-data/17/Processing_Scripts/papers/curation_papers/74118.csv	exact
17	master	4ac61997	Processing_Scripts/papers/curation_papers/74119.csv	e69de29bb2d1d6434b8b29ae775ad8c2e48c5391	mission-data/17/Processing_Scripts/papers/curation_papers/74119.csv	exact
17	master	4ac61997	Processing_Scripts/papers/curation_papers/74120.csv	e69de29bb2d1d6434b8b29ae775ad8c2e48c5391	mission-data/17/Processing_Scripts/papers/curation_papers/74120.csv	exact
17	master	4ac61997	Processing_Scripts/papers/curation_papers/74121.csv	e69de29bb2d1d6434b8b29ae775ad8c2e48c5391	mission-data/17/Processing_Scripts/papers/curation_papers/74121.csv	exact
17	master	4ac61997	Processing_Scripts/papers/curation_papers/74122.csv	e69de29bb2d1d6434b8b29ae775ad8c2e48c5391	mission-data/17/Processing_Scripts/papers/curation_papers/74122.csv	exact
17	master	4ac61997	Processing_Scripts/papers/curation_papers/74123.csv	e69de29bb2d1d6434b8b29ae775ad8c2e48c5391	mission-data/17/Processing_Scripts/papers/curation_papers/74123.csv	exact
17	master	4ac61997	Processing_Scripts/papers/curation_papers/74124.csv	e69de29bb2d1d6434b8b29ae775ad8c2e48c5391	mission-data/17/Processing_Scripts/papers/curation_papers/74124.csv	exact
17	master	4ac61997	Processing_Scripts/papers/curation_papers/74220.csv	a245a5d3b0b6adf298e37543690951175f8e450e	mission-data/17/Processing_Scripts/papers/curation_papers/74220.csv	exact
17	master	4ac61997	Processing_Scripts/papers/curation_papers/74230.csv	e69de29bb2d1d6434b8b29ae775ad8c2e48c5391	mission-data/17/Processing_Scripts/papers/curation_papers/74230.csv	exact
17	master	4ac61997	Processing_Scripts/papers/curation_papers/74235.csv	9e35f34b701d0ce17c968813a6e28c69d6f231d8	mission-data/17/Processing_Scripts/papers/curation_papers/74235.csv	exact
17	master	4ac61997	Processing_Scripts/papers/curation_papers/74240.csv	1e7d06756e0ede8fedc212c1326b3af7cf3229ae	mission-data/17/Processing_Scripts/papers/curation_papers/74240.csv	exact
17	master	4ac61997	Processing_Scripts/papers/curation_papers/74241.csv	927ad9be5ba5da41fb042bb6f612a89a79356f2b	mission-data/17/Processing_Scripts/papers/curation_papers/74241.csv	exact
17	master	4ac61997	Processing_Scripts/papers/curation_papers/74242.csv	e69de29bb2d1d6434b8b29ae775ad8c2e48c5391	mission-data/17/Processing_Scripts/papers/curation_papers/74242.csv	exact
17	master	4ac61997	Processing_Scripts/papers/curation_papers/74243.csv	cfa0f3a81788edd116184619ce30ff2d7406ba59	mission-data/17/Processing_Scripts/papers/curation_papers/74243.csv	exact
17	master	4ac61997	Processing_Scripts/papers/curation_papers/74244.csv	e69de29bb2d1d6434b8b29ae775ad8c2e48c5391	mission-data/17/Processing_Scripts/papers/curation_papers/74244.csv	exact
17	master	4ac61997	Processing_Scripts/papers/curation_papers/74245.csv	94388648b823b418956804cb7ded2acc0ec59e26	mission-data/17/Processing_Scripts/papers/curation_papers/74245.csv	exact
17	master	4ac61997	Processing_Scripts/papers/curation_papers/74246.csv	eb4a969eb3ea57a83d3c07c720ed159dc74548c8	mission-data/17/Processing_Scripts/papers/curation_papers/74246.csv	exact
17	master	4ac61997	Processing_Scripts/papers/curation_papers/74247.csv	cd49ef570bb648ba7b0f66e46cb2631410c785b6	mission-data/17/Processing_Scripts/papers/curation_papers/74247.csv	exact
17	master	4ac61997	Processing_Scripts/papers/curation_papers/74248.csv	6099420d0f1d2ad37681c158d650db475e052776	mission-data/17/Processing_Scripts/papers/curation_papers/74248.csv	exact
17	master	4ac61997	Processing_Scripts/papers/curation_papers/74249.csv	6099420d0f1d2ad37681c158d650db475e052776	mission-data/17/Processing_Scripts/papers/curation_papers/74249.csv	exact
17	master	4ac61997	Processing_Scripts/papers/curation_papers/74250.csv	e69de29bb2d1d6434b8b29ae775ad8c2e48c5391	mission-data/17/Processing_Scripts/papers/curation_papers/74250.csv	exact
17	master	4ac61997	Processing_Scripts/papers/curation_papers/74255.csv	a868e9ac857b3b6f08f1ee55548ba05029ebdd31	mission-data/17/Processing_Scripts/papers/curation_papers/74255.csv	exact
17	master	4ac61997	Processing_Scripts/papers/curation_papers/74260.csv	1e7d06756e0ede8fedc212c1326b3af7cf3229ae	mission-data/17/Processing_Scripts/papers/curation_papers/74260.csv	exact
17	master	4ac61997	Processing_Scripts/papers/curation_papers/74270.csv	e69de29bb2d1d6434b8b29ae775ad8c2e48c5391	mission-data/17/Processing_Scripts/papers/curation_papers/74270.csv	exact
17	master	4ac61997	Processing_Scripts/papers/curation_papers/74275.csv	c539e4a5f4a1350f7e30c1d16291edfb9a6448d2	mission-data/17/Processing_Scripts/papers/curation_papers/74275.csv	exact
17	master	4ac61997	Processing_Scripts/papers/curation_papers/74285.csv	907415827990c10b1642cc8e6c6dee2d35b21a63	mission-data/17/Processing_Scripts/papers/curation_papers/74285.csv	exact
17	master	4ac61997	Processing_Scripts/papers/curation_papers/74286.csv	b5b622f79f0466c2c911d23107f430780173dd2a	mission-data/17/Processing_Scripts/papers/curation_papers/74286.csv	exact
17	master	4ac61997	Processing_Scripts/papers/curation_papers/74287.csv	907415827990c10b1642cc8e6c6dee2d35b21a63	mission-data/17/Processing_Scripts/papers/curation_papers/74287.csv	exact
17	master	4ac61997	Processing_Scripts/papers/curation_papers/75010.csv	e69de29bb2d1d6434b8b29ae775ad8c2e48c5391	mission-data/17/Processing_Scripts/papers/curation_papers/75010.csv	exact
17	master	4ac61997	Processing_Scripts/papers/curation_papers/75015.csv	323c3ae945eeb6bece976db1b1160209b45d84d8	mission-data/17/Processing_Scripts/papers/curation_papers/75015.csv	exact
17	master	4ac61997	Processing_Scripts/papers/curation_papers/75030.csv	e69de29bb2d1d6434b8b29ae775ad8c2e48c5391	mission-data/17/Processing_Scripts/papers/curation_papers/75030.csv	exact
17	master	4ac61997	Processing_Scripts/papers/curation_papers/75035.csv	d2058b8c6ed0365481bbe4eac414ad69999d074a	mission-data/17/Processing_Scripts/papers/curation_papers/75035.csv	exact
17	master	4ac61997	Processing_Scripts/papers/curation_papers/75050.csv	ca300c0d9f1d89e0dff097de96d122e882f2b522	mission-data/17/Processing_Scripts/papers/curation_papers/75050.csv	exact
17	master	4ac61997	Processing_Scripts/papers/curation_papers/75055.csv	3329fb314076e792bfb68c2348b75914cf257b6e	mission-data/17/Processing_Scripts/papers/curation_papers/75055.csv	exact
17	master	4ac61997	Processing_Scripts/papers/curation_papers/75060.csv	e69de29bb2d1d6434b8b29ae775ad8c2e48c5391	mission-data/17/Processing_Scripts/papers/curation_papers/75060.csv	exact
17	master	4ac61997	Processing_Scripts/papers/curation_papers/75061.csv	11b7242abf1c637a4b583528d631d92be0766037	mission-data/17/Processing_Scripts/papers/curation_papers/75061.csv	exact
17	master	4ac61997	Processing_Scripts/papers/curation_papers/75062.csv	e69de29bb2d1d6434b8b29ae775ad8c2e48c5391	mission-data/17/Processing_Scripts/papers/curation_papers/75062.csv	exact
17	master	4ac61997	Processing_Scripts/papers/curation_papers/75063.csv	e69de29bb2d1d6434b8b29ae775ad8c2e48c5391	mission-data/17/Processing_Scripts/papers/curation_papers/75063.csv	exact
17	master	4ac61997	Processing_Scripts/papers/curation_papers/75064.csv	e69de29bb2d1d6434b8b29ae775ad8c2e48c5391	mission-data/17/Processing_Scripts/papers/curation_papers/75064.csv	exact
17	master	4ac61997	Processing_Scripts/papers/curation_papers/75065.csv	b5b622f79f0466c2c911d23107f430780173dd2a	mission-data/17/Processing_Scripts/papers/curation_papers/75065.csv	exact
17	master	4ac61997	Processing_Scripts/papers/curation_papers/75066.csv	e69de29bb2d1d6434b8b29ae775ad8c2e48c5391	mission-data/17/Processing_Scripts/papers/curation_papers/75066.csv	exact
17	master	4ac61997	Processing_Scripts/papers/curation_papers/75070.csv	e69de29bb2d1d6434b8b29ae775ad8c2e48c5391	mission-data/17/Processing_Scripts/papers/curation_papers/75070.csv	exact
17	master	4ac61997	Processing_Scripts/papers/curation_papers/75075.csv	8b63af91432476c97016c6311ae58bdac4e8b651	mission-data/17/Processing_Scripts/papers/curation_papers/75075.csv	exact
17	master	4ac61997	Processing_Scripts/papers/curation_papers/75080.csv	91d1cb25e0ac7991a1e30520256592feaf4ee046	mission-data/17/Processing_Scripts/papers/curation_papers/75080.csv	exact
17	master	4ac61997	Processing_Scripts/papers/curation_papers/75081.csv	c627db0fc944b14bf6e36b9c0c2b674b9a296631	mission-data/17/Processing_Scripts/papers/curation_papers/75081.csv	exact
17	master	4ac61997	Processing_Scripts/papers/curation_papers/75082.csv	e69de29bb2d1d6434b8b29ae775ad8c2e48c5391	mission-data/17/Processing_Scripts/papers/curation_papers/75082.csv	exact
17	master	4ac61997	Processing_Scripts/papers/curation_papers/75083.csv	cfa0f3a81788edd116184619ce30ff2d7406ba59	mission-data/17/Processing_Scripts/papers/curation_papers/75083.csv	exact
17	master	4ac61997	Processing_Scripts/papers/curation_papers/75084.csv	e69de29bb2d1d6434b8b29ae775ad8c2e48c5391	mission-data/17/Processing_Scripts/papers/curation_papers/75084.csv	exact
17	master	4ac61997	Processing_Scripts/papers/curation_papers/75085.csv	6099420d0f1d2ad37681c158d650db475e052776	mission-data/17/Processing_Scripts/papers/curation_papers/75085.csv	exact
17	master	4ac61997	Processing_Scripts/papers/curation_papers/75086.csv	b5b622f79f0466c2c911d23107f430780173dd2a	mission-data/17/Processing_Scripts/papers/curation_papers/75086.csv	exact
17	master	4ac61997	Processing_Scripts/papers/curation_papers/75087.csv	b5b622f79f0466c2c911d23107f430780173dd2a	mission-data/17/Processing_Scripts/papers/curation_papers/75087.csv	exact
17	master	4ac61997	Processing_Scripts/papers/curation_papers/75088.csv	2be37eea5be10d3beaa64a71abb91c48ee05f25b	mission-data/17/Processing_Scripts/papers/curation_papers/75088.csv	exact
17	master	4ac61997	Processing_Scripts/papers/curation_papers/75089.csv	2be37eea5be10d3beaa64a71abb91c48ee05f25b	mission-data/17/Processing_Scripts/papers/curation_papers/75089.csv	exact
17	master	4ac61997	Processing_Scripts/papers/curation_papers/75110.csv	e69de29bb2d1d6434b8b29ae775ad8c2e48c5391	mission-data/17/Processing_Scripts/papers/curation_papers/75110.csv	exact
17	master	4ac61997	Processing_Scripts/papers/curation_papers/75111.csv	e69de29bb2d1d6434b8b29ae775ad8c2e48c5391	mission-data/17/Processing_Scripts/papers/curation_papers/75111.csv	exact
17	master	4ac61997	Processing_Scripts/papers/curation_papers/75112.csv	e69de29bb2d1d6434b8b29ae775ad8c2e48c5391	mission-data/17/Processing_Scripts/papers/curation_papers/75112.csv	exact
17	master	4ac61997	Processing_Scripts/papers/curation_papers/75113.csv	e69de29bb2d1d6434b8b29ae775ad8c2e48c5391	mission-data/17/Processing_Scripts/papers/curation_papers/75113.csv	exact
17	master	4ac61997	Processing_Scripts/papers/curation_papers/75114.csv	e69de29bb2d1d6434b8b29ae775ad8c2e48c5391	mission-data/17/Processing_Scripts/papers/curation_papers/75114.csv	exact
17	master	4ac61997	Processing_Scripts/papers/curation_papers/75115.csv	2be37eea5be10d3beaa64a71abb91c48ee05f25b	mission-data/17/Processing_Scripts/papers/curation_papers/75115.csv	exact
17	master	4ac61997	Processing_Scripts/papers/curation_papers/75120.csv	e69de29bb2d1d6434b8b29ae775ad8c2e48c5391	mission-data/17/Processing_Scripts/papers/curation_papers/75120.csv	exact
17	master	4ac61997	Processing_Scripts/papers/curation_papers/75121.csv	e69de29bb2d1d6434b8b29ae775ad8c2e48c5391	mission-data/17/Processing_Scripts/papers/curation_papers/75121.csv	exact
17	master	4ac61997	Processing_Scripts/papers/curation_papers/75122.csv	e69de29bb2d1d6434b8b29ae775ad8c2e48c5391	mission-data/17/Processing_Scripts/papers/curation_papers/75122.csv	exact
17	master	4ac61997	Processing_Scripts/papers/curation_papers/75123.csv	e69de29bb2d1d6434b8b29ae775ad8c2e48c5391	mission-data/17/Processing_Scripts/papers/curation_papers/75123.csv	exact
17	master	4ac61997	Processing_Scripts/papers/curation_papers/75124.csv	e69de29bb2d1d6434b8b29ae775ad8c2e48c5391	mission-data/17/Processing_Scripts/papers/curation_papers/75124.csv	exact
17	master	4ac61997	Processing_Scripts/papers/curation_papers/76001.csv	dd94957359e3595ead83d1dd59d04beae7e32a00	mission-data/17/Processing_Scripts/papers/curation_papers/76001.csv	exact
17	master	4ac61997	Processing_Scripts/papers/curation_papers/76010.csv	cfa0f3a81788edd116184619ce30ff2d7406ba59	mission-data/17/Processing_Scripts/papers/curation_papers/76010.csv	exact
17	master	4ac61997	Processing_Scripts/papers/curation_papers/76015.csv	261e7128cc71188353b60729ba55f7444a2ca91a	mission-data/17/Processing_Scripts/papers/curation_papers/76015.csv	exact
17	master	4ac61997	Processing_Scripts/papers/curation_papers/76030.csv	e69de29bb2d1d6434b8b29ae775ad8c2e48c5391	mission-data/17/Processing_Scripts/papers/curation_papers/76030.csv	exact
17	master	4ac61997	Processing_Scripts/papers/curation_papers/76031.csv	e69de29bb2d1d6434b8b29ae775ad8c2e48c5391	mission-data/17/Processing_Scripts/papers/curation_papers/76031.csv	exact
17	master	4ac61997	Processing_Scripts/papers/curation_papers/76032.csv	e69de29bb2d1d6434b8b29ae775ad8c2e48c5391	mission-data/17/Processing_Scripts/papers/curation_papers/76032.csv	exact
17	master	4ac61997	Processing_Scripts/papers/curation_papers/76033.csv	e69de29bb2d1d6434b8b29ae775ad8c2e48c5391	mission-data/17/Processing_Scripts/papers/curation_papers/76033.csv	exact
17	master	4ac61997	Processing_Scripts/papers/curation_papers/76034.csv	e69de29bb2d1d6434b8b29ae775ad8c2e48c5391	mission-data/17/Processing_Scripts/papers/curation_papers/76034.csv	exact
17	master	4ac61997	Processing_Scripts/papers/curation_papers/76035.csv	8a4c615c927eff708a5d54f959042b00cc5cdf87	mission-data/17/Processing_Scripts/papers/curation_papers/76035.csv	exact
17	master	4ac61997	Processing_Scripts/papers/curation_papers/76036.csv	e69de29bb2d1d6434b8b29ae775ad8c2e48c5391	mission-data/17/Processing_Scripts/papers/curation_papers/76036.csv	exact
17	master	4ac61997	Processing_Scripts/papers/curation_papers/76037.csv	b5b622f79f0466c2c911d23107f430780173dd2a	mission-data/17/Processing_Scripts/papers/curation_papers/76037.csv	exact
17	master	4ac61997	Processing_Scripts/papers/curation_papers/76055.csv	2ee30960292589ab785022460da5adaa6f364414	mission-data/17/Processing_Scripts/papers/curation_papers/76055.csv	exact
17	master	4ac61997	Processing_Scripts/papers/curation_papers/76120.csv	e69de29bb2d1d6434b8b29ae775ad8c2e48c5391	mission-data/17/Processing_Scripts/papers/curation_papers/76120.csv	exact
17	master	4ac61997	Processing_Scripts/papers/curation_papers/76121.csv	e69de29bb2d1d6434b8b29ae775ad8c2e48c5391	mission-data/17/Processing_Scripts/papers/curation_papers/76121.csv	exact
17	master	4ac61997	Processing_Scripts/papers/curation_papers/76122.csv	e69de29bb2d1d6434b8b29ae775ad8c2e48c5391	mission-data/17/Processing_Scripts/papers/curation_papers/76122.csv	exact
17	master	4ac61997	Processing_Scripts/papers/curation_papers/76123.csv	e69de29bb2d1d6434b8b29ae775ad8c2e48c5391	mission-data/17/Processing_Scripts/papers/curation_papers/76123.csv	exact
17	master	4ac61997	Processing_Scripts/papers/curation_papers/76124.csv	e69de29bb2d1d6434b8b29ae775ad8c2e48c5391	mission-data/17/Processing_Scripts/papers/curation_papers/76124.csv	exact
17	master	4ac61997	Processing_Scripts/papers/curation_papers/76130.csv	e69de29bb2d1d6434b8b29ae775ad8c2e48c5391	mission-data/17/Processing_Scripts/papers/curation_papers/76130.csv	exact
17	master	4ac61997	Processing_Scripts/papers/curation_papers/76131.csv	e69de29bb2d1d6434b8b29ae775ad8c2e48c5391	mission-data/17/Processing_Scripts/papers/curation_papers/76131.csv	exact
17	master	4ac61997	Processing_Scripts/papers/curation_papers/76132.csv	e69de29bb2d1d6434b8b29ae775ad8c2e48c5391	mission-data/17/Processing_Scripts/papers/curation_papers/76132.csv	exact
17	master	4ac61997	Processing_Scripts/papers/curation_papers/76133.csv	e69de29bb2d1d6434b8b29ae775ad8c2e48c5391	mission-data/17/Processing_Scripts/papers/curation_papers/76133.csv	exact
17	master	4ac61997	Processing_Scripts/papers/curation_papers/76134.csv	e69de29bb2d1d6434b8b29ae775ad8c2e48c5391	mission-data/17/Processing_Scripts/papers/curation_papers/76134.csv	exact
17	master	4ac61997	Processing_Scripts/papers/curation_papers/76135.csv	e69de29bb2d1d6434b8b29ae775ad8c2e48c5391	mission-data/17/Processing_Scripts/papers/curation_papers/76135.csv	exact
17	master	4ac61997	Processing_Scripts/papers/curation_papers/76136.csv	64c69657b8d5db86f8f69d1ac3d315bff7eb987a	mission-data/17/Processing_Scripts/papers/curation_papers/76136.csv	exact
17	master	4ac61997	Processing_Scripts/papers/curation_papers/76137.csv	e69de29bb2d1d6434b8b29ae775ad8c2e48c5391	mission-data/17/Processing_Scripts/papers/curation_papers/76137.csv	exact
17	master	4ac61997	Processing_Scripts/papers/curation_papers/76210.csv	e69de29bb2d1d6434b8b29ae775ad8c2e48c5391	mission-data/17/Processing_Scripts/papers/curation_papers/76210.csv	exact
17	master	4ac61997	Processing_Scripts/papers/curation_papers/76215.csv	ca0ca945cb695c0225ee937b57ca17a52836212f	mission-data/17/Processing_Scripts/papers/curation_papers/76215.csv	exact
17	master	4ac61997	Processing_Scripts/papers/curation_papers/76220.csv	e69de29bb2d1d6434b8b29ae775ad8c2e48c5391	mission-data/17/Processing_Scripts/papers/curation_papers/76220.csv	exact
17	master	4ac61997	Processing_Scripts/papers/curation_papers/76221.csv	e69de29bb2d1d6434b8b29ae775ad8c2e48c5391	mission-data/17/Processing_Scripts/papers/curation_papers/76221.csv	exact
17	master	4ac61997	Processing_Scripts/papers/curation_papers/76222.csv	e69de29bb2d1d6434b8b29ae775ad8c2e48c5391	mission-data/17/Processing_Scripts/papers/curation_papers/76222.csv	exact
17	master	4ac61997	Processing_Scripts/papers/curation_papers/76223.csv	e69de29bb2d1d6434b8b29ae775ad8c2e48c5391	mission-data/17/Processing_Scripts/papers/curation_papers/76223.csv	exact
17	master	4ac61997	Processing_Scripts/papers/curation_papers/76224.csv	e69de29bb2d1d6434b8b29ae775ad8c2e48c5391	mission-data/17/Processing_Scripts/papers/curation_papers/76224.csv	exact
17	master	4ac61997	Processing_Scripts/papers/curation_papers/76230.csv	d6aa0fd12fe9ad10a31766edc373ee20610ba268	mission-data/17/Processing_Scripts/papers/curation_papers/76230.csv	exact
17	master	4ac61997	Processing_Scripts/papers/curation_papers/76235.csv	b86e8a02aabde819e808b44ec82465eee075d106	mission-data/17/Processing_Scripts/papers/curation_papers/76235.csv	exact
17	master	4ac61997	Processing_Scripts/papers/curation_papers/76236.csv	e69de29bb2d1d6434b8b29ae775ad8c2e48c5391	mission-data/17/Processing_Scripts/papers/curation_papers/76236.csv	exact
17	master	4ac61997	Processing_Scripts/papers/curation_papers/76237.csv	e69de29bb2d1d6434b8b29ae775ad8c2e48c5391	mission-data/17/Processing_Scripts/papers/curation_papers/76237.csv	exact
17	master	4ac61997	Processing_Scripts/papers/curation_papers/76238.csv	e69de29bb2d1d6434b8b29ae775ad8c2e48c5391	mission-data/17/Processing_Scripts/papers/curation_papers/76238.csv	exact
17	master	4ac61997	Processing_Scripts/papers/curation_papers/76239.csv	e69de29bb2d1d6434b8b29ae775ad8c2e48c5391	mission-data/17/Processing_Scripts/papers/curation_papers/76239.csv	exact
17	master	4ac61997	Processing_Scripts/papers/curation_papers/76240.csv	e69de29bb2d1d6434b8b29ae775ad8c2e48c5391	mission-data/17/Processing_Scripts/papers/curation_papers/76240.csv	exact
17	master	4ac61997	Processing_Scripts/papers/curation_papers/76241.csv	e69de29bb2d1d6434b8b29ae775ad8c2e48c5391	mission-data/17/Processing_Scripts/papers/curation_papers/76241.csv	exact
17	master	4ac61997	Processing_Scripts/papers/curation_papers/76242.csv	e69de29bb2d1d6434b8b29ae775ad8c2e48c5391	mission-data/17/Processing_Scripts/papers/curation_papers/76242.csv	exact
17	master	4ac61997	Processing_Scripts/papers/curation_papers/76243.csv	e69de29bb2d1d6434b8b29ae775ad8c2e48c5391	mission-data/17/Processing_Scripts/papers/curation_papers/76243.csv	exact
17	master	4ac61997	Processing_Scripts/papers/curation_papers/76244.csv	e69de29bb2d1d6434b8b29ae775ad8c2e48c5391	mission-data/17/Processing_Scripts/papers/curation_papers/76244.csv	exact
17	master	4ac61997	Processing_Scripts/papers/curation_papers/76245.csv	e69de29bb2d1d6434b8b29ae775ad8c2e48c5391	mission-data/17/Processing_Scripts/papers/curation_papers/76245.csv	exact
17	master	4ac61997	Processing_Scripts/papers/curation_papers/76246.csv	e69de29bb2d1d6434b8b29ae775ad8c2e48c5391	mission-data/17/Processing_Scripts/papers/curation_papers/76246.csv	exact
17	master	4ac61997	Processing_Scripts/papers/curation_papers/76250.csv	e69de29bb2d1d6434b8b29ae775ad8c2e48c5391	mission-data/17/Processing_Scripts/papers/curation_papers/76250.csv	exact
17	master	4ac61997	Processing_Scripts/papers/curation_papers/76255.csv	3ba4d0c230125eeae9f89a6d705a4608b278c2ee	mission-data/17/Processing_Scripts/papers/curation_papers/76255.csv	exact
17	master	4ac61997	Processing_Scripts/papers/curation_papers/76260.csv	e69de29bb2d1d6434b8b29ae775ad8c2e48c5391	mission-data/17/Processing_Scripts/papers/curation_papers/76260.csv	exact
17	master	4ac61997	Processing_Scripts/papers/curation_papers/76261.csv	e69de29bb2d1d6434b8b29ae775ad8c2e48c5391	mission-data/17/Processing_Scripts/papers/curation_papers/76261.csv	exact
17	master	4ac61997	Processing_Scripts/papers/curation_papers/76262.csv	e69de29bb2d1d6434b8b29ae775ad8c2e48c5391	mission-data/17/Processing_Scripts/papers/curation_papers/76262.csv	exact
17	master	4ac61997	Processing_Scripts/papers/curation_papers/76263.csv	e69de29bb2d1d6434b8b29ae775ad8c2e48c5391	mission-data/17/Processing_Scripts/papers/curation_papers/76263.csv	exact
17	master	4ac61997	Processing_Scripts/papers/curation_papers/76264.csv	e69de29bb2d1d6434b8b29ae775ad8c2e48c5391	mission-data/17/Processing_Scripts/papers/curation_papers/76264.csv	exact
17	master	4ac61997	Processing_Scripts/papers/curation_papers/76265.csv	e69de29bb2d1d6434b8b29ae775ad8c2e48c5391	mission-data/17/Processing_Scripts/papers/curation_papers/76265.csv	exact
17	master	4ac61997	Processing_Scripts/papers/curation_papers/76270.csv	e69de29bb2d1d6434b8b29ae775ad8c2e48c5391	mission-data/17/Processing_Scripts/papers/curation_papers/76270.csv	exact
17	master	4ac61997	Processing_Scripts/papers/curation_papers/76275.csv	41a9c54eeb9db3eea50b428afdbb657694103f45	mission-data/17/Processing_Scripts/papers/curation_papers/76275.csv	exact
17	master	4ac61997	Processing_Scripts/papers/curation_papers/76280.csv	e69de29bb2d1d6434b8b29ae775ad8c2e48c5391	mission-data/17/Processing_Scripts/papers/curation_papers/76280.csv	exact
17	master	4ac61997	Processing_Scripts/papers/curation_papers/76281.csv	e69de29bb2d1d6434b8b29ae775ad8c2e48c5391	mission-data/17/Processing_Scripts/papers/curation_papers/76281.csv	exact
17	master	4ac61997	Processing_Scripts/papers/curation_papers/76282.csv	e69de29bb2d1d6434b8b29ae775ad8c2e48c5391	mission-data/17/Processing_Scripts/papers/curation_papers/76282.csv	exact
17	master	4ac61997	Processing_Scripts/papers/curation_papers/76283.csv	e69de29bb2d1d6434b8b29ae775ad8c2e48c5391	mission-data/17/Processing_Scripts/papers/curation_papers/76283.csv	exact
17	master	4ac61997	Processing_Scripts/papers/curation_papers/76284.csv	e69de29bb2d1d6434b8b29ae775ad8c2e48c5391	mission-data/17/Processing_Scripts/papers/curation_papers/76284.csv	exact
17	master	4ac61997	Processing_Scripts/papers/curation_papers/76285.csv	e69de29bb2d1d6434b8b29ae775ad8c2e48c5391	mission-data/17/Processing_Scripts/papers/curation_papers/76285.csv	exact
17	master	4ac61997	Processing_Scripts/papers/curation_papers/76286.csv	46000a55e9374b725dd8f215a6a6d2f91b8af59f	mission-data/17/Processing_Scripts/papers/curation_papers/76286.csv	exact
17	master	4ac61997	Processing_Scripts/papers/curation_papers/76290.csv	e69de29bb2d1d6434b8b29ae775ad8c2e48c5391	mission-data/17/Processing_Scripts/papers/curation_papers/76290.csv	exact
17	master	4ac61997	Processing_Scripts/papers/curation_papers/76295.csv	361ff50bc4f8a188e66136f729557cf251a30dc8	mission-data/17/Processing_Scripts/papers/curation_papers/76295.csv	exact
17	master	4ac61997	Processing_Scripts/papers/curation_papers/76305.csv	e69de29bb2d1d6434b8b29ae775ad8c2e48c5391	mission-data/17/Processing_Scripts/papers/curation_papers/76305.csv	exact
17	master	4ac61997	Processing_Scripts/papers/curation_papers/76306.csv	e69de29bb2d1d6434b8b29ae775ad8c2e48c5391	mission-data/17/Processing_Scripts/papers/curation_papers/76306.csv	exact
17	master	4ac61997	Processing_Scripts/papers/curation_papers/76307.csv	54ac3e6f0a3cdb07bf9cd36d28752acdeb8c62d5	mission-data/17/Processing_Scripts/papers/curation_papers/76307.csv	exact
17	master	4ac61997	Processing_Scripts/papers/curation_papers/76310.csv	e69de29bb2d1d6434b8b29ae775ad8c2e48c5391	mission-data/17/Processing_Scripts/papers/curation_papers/76310.csv	exact
17	master	4ac61997	Processing_Scripts/papers/curation_papers/76315.csv	55aebc97256e8f880dced92d6e7d8d1affaa66ea	mission-data/17/Processing_Scripts/papers/curation_papers/76315.csv	exact
17	master	4ac61997	Processing_Scripts/papers/curation_papers/76320.csv	e69de29bb2d1d6434b8b29ae775ad8c2e48c5391	mission-data/17/Processing_Scripts/papers/curation_papers/76320.csv	exact
17	master	4ac61997	Processing_Scripts/papers/curation_papers/76321.csv	e69de29bb2d1d6434b8b29ae775ad8c2e48c5391	mission-data/17/Processing_Scripts/papers/curation_papers/76321.csv	exact
17	master	4ac61997	Processing_Scripts/papers/curation_papers/76322.csv	e69de29bb2d1d6434b8b29ae775ad8c2e48c5391	mission-data/17/Processing_Scripts/papers/curation_papers/76322.csv	exact
17	master	4ac61997	Processing_Scripts/papers/curation_papers/76323.csv	e69de29bb2d1d6434b8b29ae775ad8c2e48c5391	mission-data/17/Processing_Scripts/papers/curation_papers/76323.csv	exact
17	master	4ac61997	Processing_Scripts/papers/curation_papers/76324.csv	e69de29bb2d1d6434b8b29ae775ad8c2e48c5391	mission-data/17/Processing_Scripts/papers/curation_papers/76324.csv	exact
17	master	4ac61997	Processing_Scripts/papers/curation_papers/76330.csv	e69de29bb2d1d6434b8b29ae775ad8c2e48c5391	mission-data/17/Processing_Scripts/papers/curation_papers/76330.csv	exact
17	master	4ac61997	Processing_Scripts/papers/curation_papers/76335.csv	c043527ee3ee6e385ede369518b286bfa5925903	mission-data/17/Processing_Scripts/papers/curation_papers/76335.csv	exact
17	master	4ac61997	Processing_Scripts/papers/curation_papers/76500.csv	e69de29bb2d1d6434b8b29ae775ad8c2e48c5391	mission-data/17/Processing_Scripts/papers/curation_papers/76500.csv	exact
17	master	4ac61997	Processing_Scripts/papers/curation_papers/76501.csv	14bd92926958b213550a60b9c11caa79cc034141	mission-data/17/Processing_Scripts/papers/curation_papers/76501.csv	exact
17	master	4ac61997	Processing_Scripts/papers/curation_papers/76502.csv	e69de29bb2d1d6434b8b29ae775ad8c2e48c5391	mission-data/17/Processing_Scripts/papers/curation_papers/76502.csv	exact
17	master	4ac61997	Processing_Scripts/papers/curation_papers/76503.csv	8cf54c375c908d2634e877e6a023fee00ae6f765	mission-data/17/Processing_Scripts/papers/curation_papers/76503.csv	exact
17	master	4ac61997	Processing_Scripts/papers/curation_papers/76504.csv	e69de29bb2d1d6434b8b29ae775ad8c2e48c5391	mission-data/17/Processing_Scripts/papers/curation_papers/76504.csv	exact
17	master	4ac61997	Processing_Scripts/papers/curation_papers/76505.csv	98719e994e45466ee811842e1dc4af1cb7a33460	mission-data/17/Processing_Scripts/papers/curation_papers/76505.csv	exact
17	master	4ac61997	Processing_Scripts/papers/curation_papers/76506.csv	f3bd951336016f2d5daae4d6fdd03d060cf21c15	mission-data/17/Processing_Scripts/papers/curation_papers/76506.csv	exact
17	master	4ac61997	Processing_Scripts/papers/curation_papers/76530.csv	e69de29bb2d1d6434b8b29ae775ad8c2e48c5391	mission-data/17/Processing_Scripts/papers/curation_papers/76530.csv	exact
17	master	4ac61997	Processing_Scripts/papers/curation_papers/76535.csv	aa22f0c43eb82591e15ae2389bffb0f686c16d8a	mission-data/17/Processing_Scripts/papers/curation_papers/76535.csv	exact
17	master	4ac61997	Processing_Scripts/papers/curation_papers/76536.csv	2e9ec677e92e5a69ba2f4acb12f1fdd7ab93f953	mission-data/17/Processing_Scripts/papers/curation_papers/76536.csv	exact
17	master	4ac61997	Processing_Scripts/papers/curation_papers/76537.csv	93cb0ab2b43c80c78be9687c4d15650f9e9601ab	mission-data/17/Processing_Scripts/papers/curation_papers/76537.csv	exact
17	master	4ac61997	Processing_Scripts/papers/curation_papers/76538.csv	e18306e9eb0b62e19377d87249aaa0a78a3993f4	mission-data/17/Processing_Scripts/papers/curation_papers/76538.csv	exact
17	master	4ac61997	Processing_Scripts/papers/curation_papers/76539.csv	e4983bebf4ba9e5b2151fb2a1a0986cdeb5002c3	mission-data/17/Processing_Scripts/papers/curation_papers/76539.csv	exact
17	master	4ac61997	Processing_Scripts/papers/curation_papers/76545.csv	046a8ade1c8c2c1040e8280618fb24b35c185438	mission-data/17/Processing_Scripts/papers/curation_papers/76545.csv	exact
17	master	4ac61997	Processing_Scripts/papers/curation_papers/76546.csv	e69de29bb2d1d6434b8b29ae775ad8c2e48c5391	mission-data/17/Processing_Scripts/papers/curation_papers/76546.csv	exact
17	master	4ac61997	Processing_Scripts/papers/curation_papers/76547.csv	e69de29bb2d1d6434b8b29ae775ad8c2e48c5391	mission-data/17/Processing_Scripts/papers/curation_papers/76547.csv	exact
17	master	4ac61997	Processing_Scripts/papers/curation_papers/76548.csv	411edd0feea6c9a21be45157e8687354d9b2efbf	mission-data/17/Processing_Scripts/papers/curation_papers/76548.csv	exact
17	master	4ac61997	Processing_Scripts/papers/curation_papers/76549.csv	e69de29bb2d1d6434b8b29ae775ad8c2e48c5391	mission-data/17/Processing_Scripts/papers/curation_papers/76549.csv	exact
17	master	4ac61997	Processing_Scripts/papers/curation_papers/76555.csv	e18306e9eb0b62e19377d87249aaa0a78a3993f4	mission-data/17/Processing_Scripts/papers/curation_papers/76555.csv	exact
17	master	4ac61997	Processing_Scripts/papers/curation_papers/76556.csv	e18306e9eb0b62e19377d87249aaa0a78a3993f4	mission-data/17/Processing_Scripts/papers/curation_papers/76556.csv	exact
17	master	4ac61997	Processing_Scripts/papers/curation_papers/76557.csv	e18306e9eb0b62e19377d87249aaa0a78a3993f4	mission-data/17/Processing_Scripts/papers/curation_papers/76557.csv	exact
17	master	4ac61997	Processing_Scripts/papers/curation_papers/76558.csv	19abe5746b5a1664847852c8de637471255e7f2e	mission-data/17/Processing_Scripts/papers/curation_papers/76558.csv	exact
17	master	4ac61997	Processing_Scripts/papers/curation_papers/76559.csv	e18306e9eb0b62e19377d87249aaa0a78a3993f4	mission-data/17/Processing_Scripts/papers/curation_papers/76559.csv	exact
17	master	4ac61997	Processing_Scripts/papers/curation_papers/76565.csv	85fe9860e4372f4c1c70c9f78a1c9438f878c1dc	mission-data/17/Processing_Scripts/papers/curation_papers/76565.csv	exact
17	master	4ac61997	Processing_Scripts/papers/curation_papers/76566.csv	19abe5746b5a1664847852c8de637471255e7f2e	mission-data/17/Processing_Scripts/papers/curation_papers/76566.csv	exact
17	master	4ac61997	Processing_Scripts/papers/curation_papers/76567.csv	43e9b8f44df439cff04d679a6464e7c6faa6f055	mission-data/17/Processing_Scripts/papers/curation_papers/76567.csv	exact
17	master	4ac61997	Processing_Scripts/papers/curation_papers/76568.csv	e18306e9eb0b62e19377d87249aaa0a78a3993f4	mission-data/17/Processing_Scripts/papers/curation_papers/76568.csv	exact
17	master	4ac61997	Processing_Scripts/papers/curation_papers/76569.csv	e18306e9eb0b62e19377d87249aaa0a78a3993f4	mission-data/17/Processing_Scripts/papers/curation_papers/76569.csv	exact
17	master	4ac61997	Processing_Scripts/papers/curation_papers/76575.csv	d95a20af0526d00869da4a66347e50db3848ce2e	mission-data/17/Processing_Scripts/papers/curation_papers/76575.csv	exact
17	master	4ac61997	Processing_Scripts/papers/curation_papers/76576.csv	95e15fe7f9aaf6ff834690d6ad3a92c8c1fb3e7a	mission-data/17/Processing_Scripts/papers/curation_papers/76576.csv	exact
17	master	4ac61997	Processing_Scripts/papers/curation_papers/76577.csv	e18306e9eb0b62e19377d87249aaa0a78a3993f4	mission-data/17/Processing_Scripts/papers/curation_papers/76577.csv	exact
17	master	4ac61997	Processing_Scripts/papers/curation_papers/77010.csv	e69de29bb2d1d6434b8b29ae775ad8c2e48c5391	mission-data/17/Processing_Scripts/papers/curation_papers/77010.csv	exact
17	master	4ac61997	Processing_Scripts/papers/curation_papers/77017.csv	ce746bcd1619c2f33ec2c7a53860656d6a0f5dd2	mission-data/17/Processing_Scripts/papers/curation_papers/77017.csv	exact
17	master	4ac61997	Processing_Scripts/papers/curation_papers/77035.csv	dac98bae2908cb649c870186f476085f963bbd13	mission-data/17/Processing_Scripts/papers/curation_papers/77035.csv	exact
17	master	4ac61997	Processing_Scripts/papers/curation_papers/77070.csv	e69de29bb2d1d6434b8b29ae775ad8c2e48c5391	mission-data/17/Processing_Scripts/papers/curation_papers/77070.csv	exact
17	master	4ac61997	Processing_Scripts/papers/curation_papers/77075.csv	aa77c45fdeb684c565c7adba23337a14b8eafc07	mission-data/17/Processing_Scripts/papers/curation_papers/77075.csv	exact
17	master	4ac61997	Processing_Scripts/papers/curation_papers/77076.csv	1b0f1d73dc2d2d500e7b619d5022579cfd03da66	mission-data/17/Processing_Scripts/papers/curation_papers/77076.csv	exact
17	master	4ac61997	Processing_Scripts/papers/curation_papers/77077.csv	d49aa6eed97a2fb8b45fc371f38fe4d79f3ffefb	mission-data/17/Processing_Scripts/papers/curation_papers/77077.csv	exact
17	master	4ac61997	Processing_Scripts/papers/curation_papers/77110.csv	e69de29bb2d1d6434b8b29ae775ad8c2e48c5391	mission-data/17/Processing_Scripts/papers/curation_papers/77110.csv	exact
17	master	4ac61997	Processing_Scripts/papers/curation_papers/77115.csv	0332ff82805492a4863d097e422169526b4bdc6e	mission-data/17/Processing_Scripts/papers/curation_papers/77115.csv	exact
17	master	4ac61997	Processing_Scripts/papers/curation_papers/77130.csv	e69de29bb2d1d6434b8b29ae775ad8c2e48c5391	mission-data/17/Processing_Scripts/papers/curation_papers/77130.csv	exact
17	master	4ac61997	Processing_Scripts/papers/curation_papers/77135.csv	8109e207c253a2780faf1f95bbff55fda53e32f4	mission-data/17/Processing_Scripts/papers/curation_papers/77135.csv	exact
17	master	4ac61997	Processing_Scripts/papers/curation_papers/77210.csv	e69de29bb2d1d6434b8b29ae775ad8c2e48c5391	mission-data/17/Processing_Scripts/papers/curation_papers/77210.csv	exact
17	master	4ac61997	Processing_Scripts/papers/curation_papers/77215.csv	4e2f8ea9ba878efdd4a773b1d167a8e2e13288a9	mission-data/17/Processing_Scripts/papers/curation_papers/77215.csv	exact
17	master	4ac61997	Processing_Scripts/papers/curation_papers/77510.csv	e69de29bb2d1d6434b8b29ae775ad8c2e48c5391	mission-data/17/Processing_Scripts/papers/curation_papers/77510.csv	exact
17	master	4ac61997	Processing_Scripts/papers/curation_papers/77511.csv	e69de29bb2d1d6434b8b29ae775ad8c2e48c5391	mission-data/17/Processing_Scripts/papers/curation_papers/77511.csv	exact
17	master	4ac61997	Processing_Scripts/papers/curation_papers/77512.csv	e69de29bb2d1d6434b8b29ae775ad8c2e48c5391	mission-data/17/Processing_Scripts/papers/curation_papers/77512.csv	exact
17	master	4ac61997	Processing_Scripts/papers/curation_papers/77513.csv	e69de29bb2d1d6434b8b29ae775ad8c2e48c5391	mission-data/17/Processing_Scripts/papers/curation_papers/77513.csv	exact
17	master	4ac61997	Processing_Scripts/papers/curation_papers/77514.csv	e69de29bb2d1d6434b8b29ae775ad8c2e48c5391	mission-data/17/Processing_Scripts/papers/curation_papers/77514.csv	exact
17	master	4ac61997	Processing_Scripts/papers/curation_papers/77515.csv	2884201fa9aa0737b804b5212df4c228c87caf46	mission-data/17/Processing_Scripts/papers/curation_papers/77515.csv	exact
17	master	4ac61997	Processing_Scripts/papers/curation_papers/77516.csv	4793345db522926ec785c0b20aae364550a131e5	mission-data/17/Processing_Scripts/papers/curation_papers/77516.csv	exact
17	master	4ac61997	Processing_Scripts/papers/curation_papers/77517.csv	5ae47c3e6d5033686ce369c4a302865a2201968f	mission-data/17/Processing_Scripts/papers/curation_papers/77517.csv	exact
17	master	4ac61997	Processing_Scripts/papers/curation_papers/77518.csv	fa6c21617df04267b7201d34529e3fedaa0d39da	mission-data/17/Processing_Scripts/papers/curation_papers/77518.csv	exact
17	master	4ac61997	Processing_Scripts/papers/curation_papers/77519.csv	e69de29bb2d1d6434b8b29ae775ad8c2e48c5391	mission-data/17/Processing_Scripts/papers/curation_papers/77519.csv	exact
17	master	4ac61997	Processing_Scripts/papers/curation_papers/77525.csv	e69de29bb2d1d6434b8b29ae775ad8c2e48c5391	mission-data/17/Processing_Scripts/papers/curation_papers/77525.csv	exact
17	master	4ac61997	Processing_Scripts/papers/curation_papers/77526.csv	e69de29bb2d1d6434b8b29ae775ad8c2e48c5391	mission-data/17/Processing_Scripts/papers/curation_papers/77526.csv	exact
17	master	4ac61997	Processing_Scripts/papers/curation_papers/77530.csv	e69de29bb2d1d6434b8b29ae775ad8c2e48c5391	mission-data/17/Processing_Scripts/papers/curation_papers/77530.csv	exact
17	master	4ac61997	Processing_Scripts/papers/curation_papers/77531.csv	11b7242abf1c637a4b583528d631d92be0766037	mission-data/17/Processing_Scripts/papers/curation_papers/77531.csv	exact
17	master	4ac61997	Processing_Scripts/papers/curation_papers/77532.csv	e69de29bb2d1d6434b8b29ae775ad8c2e48c5391	mission-data/17/Processing_Scripts/papers/curation_papers/77532.csv	exact
17	master	4ac61997	Processing_Scripts/papers/curation_papers/77533.csv	e69de29bb2d1d6434b8b29ae775ad8c2e48c5391	mission-data/17/Processing_Scripts/papers/curation_papers/77533.csv	exact
17	master	4ac61997	Processing_Scripts/papers/curation_papers/77534.csv	e69de29bb2d1d6434b8b29ae775ad8c2e48c5391	mission-data/17/Processing_Scripts/papers/curation_papers/77534.csv	exact
17	master	4ac61997	Processing_Scripts/papers/curation_papers/77535.csv	0e118f3de4fb4d277a58a28f9a15231f8fbb4d1a	mission-data/17/Processing_Scripts/papers/curation_papers/77535.csv	exact
17	master	4ac61997	Processing_Scripts/papers/curation_papers/77536.csv	a670e4d1445e16a8c5a49af054b2de5e51df6197	mission-data/17/Processing_Scripts/papers/curation_papers/77536.csv	exact
17	master	4ac61997	Processing_Scripts/papers/curation_papers/77537.csv	e69de29bb2d1d6434b8b29ae775ad8c2e48c5391	mission-data/17/Processing_Scripts/papers/curation_papers/77537.csv	exact
17	master	4ac61997	Processing_Scripts/papers/curation_papers/77538.csv	d5d81462fd741aca8ffa29ce77c60f6904d8b36c	mission-data/17/Processing_Scripts/papers/curation_papers/77538.csv	exact
17	master	4ac61997	Processing_Scripts/papers/curation_papers/77539.csv	685e6ed2c9dcdf1a9fb8b3301d49d43dc2dbaccf	mission-data/17/Processing_Scripts/papers/curation_papers/77539.csv	exact
17	master	4ac61997	Processing_Scripts/papers/curation_papers/77545.csv	7f039134ff90c36c6248ae0f3cf4f87abdf44e65	mission-data/17/Processing_Scripts/papers/curation_papers/77545.csv	exact
17	master	4ac61997	Processing_Scripts/papers/curation_papers/78120.csv	e69de29bb2d1d6434b8b29ae775ad8c2e48c5391	mission-data/17/Processing_Scripts/papers/curation_papers/78120.csv	exact
17	master	4ac61997	Processing_Scripts/papers/curation_papers/78121.csv	e69de29bb2d1d6434b8b29ae775ad8c2e48c5391	mission-data/17/Processing_Scripts/papers/curation_papers/78121.csv	exact
17	master	4ac61997	Processing_Scripts/papers/curation_papers/78122.csv	e69de29bb2d1d6434b8b29ae775ad8c2e48c5391	mission-data/17/Processing_Scripts/papers/curation_papers/78122.csv	exact
17	master	4ac61997	Processing_Scripts/papers/curation_papers/78123.csv	e69de29bb2d1d6434b8b29ae775ad8c2e48c5391	mission-data/17/Processing_Scripts/papers/curation_papers/78123.csv	exact
17	master	4ac61997	Processing_Scripts/papers/curation_papers/78124.csv	e69de29bb2d1d6434b8b29ae775ad8c2e48c5391	mission-data/17/Processing_Scripts/papers/curation_papers/78124.csv	exact
17	master	4ac61997	Processing_Scripts/papers/curation_papers/78130.csv	e69de29bb2d1d6434b8b29ae775ad8c2e48c5391	mission-data/17/Processing_Scripts/papers/curation_papers/78130.csv	exact
17	master	4ac61997	Processing_Scripts/papers/curation_papers/78135.csv	0d4d0587f0307f63d4b281f28c20812116cc5b21	mission-data/17/Processing_Scripts/papers/curation_papers/78135.csv	exact
17	master	4ac61997	Processing_Scripts/papers/curation_papers/78150.csv	e69de29bb2d1d6434b8b29ae775ad8c2e48c5391	mission-data/17/Processing_Scripts/papers/curation_papers/78150.csv	exact
17	master	4ac61997	Processing_Scripts/papers/curation_papers/78155.csv	250879c148e91b6067576d62f4867d58ea5998db	mission-data/17/Processing_Scripts/papers/curation_papers/78155.csv	exact
17	master	4ac61997	Processing_Scripts/papers/curation_papers/78220.csv	e69de29bb2d1d6434b8b29ae775ad8c2e48c5391	mission-data/17/Processing_Scripts/papers/curation_papers/78220.csv	exact
17	master	4ac61997	Processing_Scripts/papers/curation_papers/78221.csv	0b94d0c7eb537e80417a26830bdb19e772d162c6	mission-data/17/Processing_Scripts/papers/curation_papers/78221.csv	exact
17	master	4ac61997	Processing_Scripts/papers/curation_papers/78222.csv	e69de29bb2d1d6434b8b29ae775ad8c2e48c5391	mission-data/17/Processing_Scripts/papers/curation_papers/78222.csv	exact
17	master	4ac61997	Processing_Scripts/papers/curation_papers/78223.csv	e69de29bb2d1d6434b8b29ae775ad8c2e48c5391	mission-data/17/Processing_Scripts/papers/curation_papers/78223.csv	exact
17	master	4ac61997	Processing_Scripts/papers/curation_papers/78224.csv	e69de29bb2d1d6434b8b29ae775ad8c2e48c5391	mission-data/17/Processing_Scripts/papers/curation_papers/78224.csv	exact
17	master	4ac61997	Processing_Scripts/papers/curation_papers/78230.csv	e69de29bb2d1d6434b8b29ae775ad8c2e48c5391	mission-data/17/Processing_Scripts/papers/curation_papers/78230.csv	exact
17	master	4ac61997	Processing_Scripts/papers/curation_papers/78231.csv	e69de29bb2d1d6434b8b29ae775ad8c2e48c5391	mission-data/17/Processing_Scripts/papers/curation_papers/78231.csv	exact
17	master	4ac61997	Processing_Scripts/papers/curation_papers/78232.csv	e69de29bb2d1d6434b8b29ae775ad8c2e48c5391	mission-data/17/Processing_Scripts/papers/curation_papers/78232.csv	exact
17	master	4ac61997	Processing_Scripts/papers/curation_papers/78233.csv	e69de29bb2d1d6434b8b29ae775ad8c2e48c5391	mission-data/17/Processing_Scripts/papers/curation_papers/78233.csv	exact
17	master	4ac61997	Processing_Scripts/papers/curation_papers/78234.csv	e69de29bb2d1d6434b8b29ae775ad8c2e48c5391	mission-data/17/Processing_Scripts/papers/curation_papers/78234.csv	exact
17	master	4ac61997	Processing_Scripts/papers/curation_papers/78235.csv	3f15e1f75ef3cc3ef6f6f8bcc8d9322414c31f1f	mission-data/17/Processing_Scripts/papers/curation_papers/78235.csv	exact
17	master	4ac61997	Processing_Scripts/papers/curation_papers/78236.csv	37e01c4760632bd839e08025b154c5b2ceb770c4	mission-data/17/Processing_Scripts/papers/curation_papers/78236.csv	exact
17	master	4ac61997	Processing_Scripts/papers/curation_papers/78238.csv	f75170d6ccd1453c5cfe870b1b9754ab93b170bb	mission-data/17/Processing_Scripts/papers/curation_papers/78238.csv	exact
17	master	4ac61997	Processing_Scripts/papers/curation_papers/78250.csv	e69de29bb2d1d6434b8b29ae775ad8c2e48c5391	mission-data/17/Processing_Scripts/papers/curation_papers/78250.csv	exact
17	master	4ac61997	Processing_Scripts/papers/curation_papers/78255.csv	c2169bf143fb36a03577893484060842e6367cb5	mission-data/17/Processing_Scripts/papers/curation_papers/78255.csv	exact
17	master	4ac61997	Processing_Scripts/papers/curation_papers/78420.csv	e69de29bb2d1d6434b8b29ae775ad8c2e48c5391	mission-data/17/Processing_Scripts/papers/curation_papers/78420.csv	exact
17	master	4ac61997	Processing_Scripts/papers/curation_papers/78421.csv	e69de29bb2d1d6434b8b29ae775ad8c2e48c5391	mission-data/17/Processing_Scripts/papers/curation_papers/78421.csv	exact
17	master	4ac61997	Processing_Scripts/papers/curation_papers/78422.csv	e69de29bb2d1d6434b8b29ae775ad8c2e48c5391	mission-data/17/Processing_Scripts/papers/curation_papers/78422.csv	exact
17	master	4ac61997	Processing_Scripts/papers/curation_papers/78423.csv	e69de29bb2d1d6434b8b29ae775ad8c2e48c5391	mission-data/17/Processing_Scripts/papers/curation_papers/78423.csv	exact
17	master	4ac61997	Processing_Scripts/papers/curation_papers/78424.csv	e69de29bb2d1d6434b8b29ae775ad8c2e48c5391	mission-data/17/Processing_Scripts/papers/curation_papers/78424.csv	exact
17	master	4ac61997	Processing_Scripts/papers/curation_papers/78440.csv	e69de29bb2d1d6434b8b29ae775ad8c2e48c5391	mission-data/17/Processing_Scripts/papers/curation_papers/78440.csv	exact
17	master	4ac61997	Processing_Scripts/papers/curation_papers/78441.csv	e69de29bb2d1d6434b8b29ae775ad8c2e48c5391	mission-data/17/Processing_Scripts/papers/curation_papers/78441.csv	exact
17	master	4ac61997	Processing_Scripts/papers/curation_papers/78442.csv	e69de29bb2d1d6434b8b29ae775ad8c2e48c5391	mission-data/17/Processing_Scripts/papers/curation_papers/78442.csv	exact
17	master	4ac61997	Processing_Scripts/papers/curation_papers/78443.csv	e69de29bb2d1d6434b8b29ae775ad8c2e48c5391	mission-data/17/Processing_Scripts/papers/curation_papers/78443.csv	exact
17	master	4ac61997	Processing_Scripts/papers/curation_papers/78444.csv	e69de29bb2d1d6434b8b29ae775ad8c2e48c5391	mission-data/17/Processing_Scripts/papers/curation_papers/78444.csv	exact
17	master	4ac61997	Processing_Scripts/papers/curation_papers/78460.csv	e69de29bb2d1d6434b8b29ae775ad8c2e48c5391	mission-data/17/Processing_Scripts/papers/curation_papers/78460.csv	exact
17	master	4ac61997	Processing_Scripts/papers/curation_papers/78461.csv	e69de29bb2d1d6434b8b29ae775ad8c2e48c5391	mission-data/17/Processing_Scripts/papers/curation_papers/78461.csv	exact
17	master	4ac61997	Processing_Scripts/papers/curation_papers/78462.csv	e69de29bb2d1d6434b8b29ae775ad8c2e48c5391	mission-data/17/Processing_Scripts/papers/curation_papers/78462.csv	exact
17	master	4ac61997	Processing_Scripts/papers/curation_papers/78463.csv	e69de29bb2d1d6434b8b29ae775ad8c2e48c5391	mission-data/17/Processing_Scripts/papers/curation_papers/78463.csv	exact
17	master	4ac61997	Processing_Scripts/papers/curation_papers/78464.csv	e69de29bb2d1d6434b8b29ae775ad8c2e48c5391	mission-data/17/Processing_Scripts/papers/curation_papers/78464.csv	exact
17	master	4ac61997	Processing_Scripts/papers/curation_papers/78465.csv	e69de29bb2d1d6434b8b29ae775ad8c2e48c5391	mission-data/17/Processing_Scripts/papers/curation_papers/78465.csv	exact
17	master	4ac61997	Processing_Scripts/papers/curation_papers/78480.csv	e69de29bb2d1d6434b8b29ae775ad8c2e48c5391	mission-data/17/Processing_Scripts/papers/curation_papers/78480.csv	exact
17	master	4ac61997	Processing_Scripts/papers/curation_papers/78481.csv	e69de29bb2d1d6434b8b29ae775ad8c2e48c5391	mission-data/17/Processing_Scripts/papers/curation_papers/78481.csv	exact
17	master	4ac61997	Processing_Scripts/papers/curation_papers/78482.csv	e69de29bb2d1d6434b8b29ae775ad8c2e48c5391	mission-data/17/Processing_Scripts/papers/curation_papers/78482.csv	exact
17	master	4ac61997	Processing_Scripts/papers/curation_papers/78483.csv	e69de29bb2d1d6434b8b29ae775ad8c2e48c5391	mission-data/17/Processing_Scripts/papers/curation_papers/78483.csv	exact
17	master	4ac61997	Processing_Scripts/papers/curation_papers/78484.csv	e69de29bb2d1d6434b8b29ae775ad8c2e48c5391	mission-data/17/Processing_Scripts/papers/curation_papers/78484.csv	exact
17	master	4ac61997	Processing_Scripts/papers/curation_papers/78500.csv	e69de29bb2d1d6434b8b29ae775ad8c2e48c5391	mission-data/17/Processing_Scripts/papers/curation_papers/78500.csv	exact
17	master	4ac61997	Processing_Scripts/papers/curation_papers/78501.csv	11b7242abf1c637a4b583528d631d92be0766037	mission-data/17/Processing_Scripts/papers/curation_papers/78501.csv	exact
17	master	4ac61997	Processing_Scripts/papers/curation_papers/78502.csv	e69de29bb2d1d6434b8b29ae775ad8c2e48c5391	mission-data/17/Processing_Scripts/papers/curation_papers/78502.csv	exact
17	master	4ac61997	Processing_Scripts/papers/curation_papers/78503.csv	ac068a14ae0a0d19949f5b839e90c5fd03632cd2	mission-data/17/Processing_Scripts/papers/curation_papers/78503.csv	exact
17	master	4ac61997	Processing_Scripts/papers/curation_papers/78504.csv	e69de29bb2d1d6434b8b29ae775ad8c2e48c5391	mission-data/17/Processing_Scripts/papers/curation_papers/78504.csv	exact
17	master	4ac61997	Processing_Scripts/papers/curation_papers/78505.csv	45aeaf23b04b024fa520ae5435688cb09da92997	mission-data/17/Processing_Scripts/papers/curation_papers/78505.csv	exact
17	master	4ac61997	Processing_Scripts/papers/curation_papers/78506.csv	a94ae8db0c621ffad6c53567d6863b0feb53aaa8	mission-data/17/Processing_Scripts/papers/curation_papers/78506.csv	exact
17	master	4ac61997	Processing_Scripts/papers/curation_papers/78507.csv	6099420d0f1d2ad37681c158d650db475e052776	mission-data/17/Processing_Scripts/papers/curation_papers/78507.csv	exact
17	master	4ac61997	Processing_Scripts/papers/curation_papers/78508.csv	e69de29bb2d1d6434b8b29ae775ad8c2e48c5391	mission-data/17/Processing_Scripts/papers/curation_papers/78508.csv	exact
17	master	4ac61997	Processing_Scripts/papers/curation_papers/78509.csv	6099420d0f1d2ad37681c158d650db475e052776	mission-data/17/Processing_Scripts/papers/curation_papers/78509.csv	exact
17	master	4ac61997	Processing_Scripts/papers/curation_papers/78515.csv	91230bc49a70b1f55abba802e49ca4a94e981408	mission-data/17/Processing_Scripts/papers/curation_papers/78515.csv	exact
17	master	4ac61997	Processing_Scripts/papers/curation_papers/78516.csv	91230bc49a70b1f55abba802e49ca4a94e981408	mission-data/17/Processing_Scripts/papers/curation_papers/78516.csv	exact
17	master	4ac61997	Processing_Scripts/papers/curation_papers/78517.csv	e69de29bb2d1d6434b8b29ae775ad8c2e48c5391	mission-data/17/Processing_Scripts/papers/curation_papers/78517.csv	exact
17	master	4ac61997	Processing_Scripts/papers/curation_papers/78518.csv	e69de29bb2d1d6434b8b29ae775ad8c2e48c5391	mission-data/17/Processing_Scripts/papers/curation_papers/78518.csv	exact
17	master	4ac61997	Processing_Scripts/papers/curation_papers/78525.csv	e69de29bb2d1d6434b8b29ae775ad8c2e48c5391	mission-data/17/Processing_Scripts/papers/curation_papers/78525.csv	exact
17	master	4ac61997	Processing_Scripts/papers/curation_papers/78526.csv	3eb9d6d1db1f46fd92a8804514ddd86d80050d3f	mission-data/17/Processing_Scripts/papers/curation_papers/78526.csv	exact
17	master	4ac61997	Processing_Scripts/papers/curation_papers/78527.csv	4c379f60a98f0c1a00b85480716f55e91eafbd99	mission-data/17/Processing_Scripts/papers/curation_papers/78527.csv	exact
17	master	4ac61997	Processing_Scripts/papers/curation_papers/78528.csv	e69de29bb2d1d6434b8b29ae775ad8c2e48c5391	mission-data/17/Processing_Scripts/papers/curation_papers/78528.csv	exact
17	master	4ac61997	Processing_Scripts/papers/curation_papers/78530.csv	e69de29bb2d1d6434b8b29ae775ad8c2e48c5391	mission-data/17/Processing_Scripts/papers/curation_papers/78530.csv	exact
17	master	4ac61997	Processing_Scripts/papers/curation_papers/78535.csv	256008fb287a862c99e0c2889f31dc1705f3a1a0	mission-data/17/Processing_Scripts/papers/curation_papers/78535.csv	exact
17	master	4ac61997	Processing_Scripts/papers/curation_papers/78536.csv	e69de29bb2d1d6434b8b29ae775ad8c2e48c5391	mission-data/17/Processing_Scripts/papers/curation_papers/78536.csv	exact
17	master	4ac61997	Processing_Scripts/papers/curation_papers/78537.csv	3d640fbea16092f47f2be17d8a666c933d326771	mission-data/17/Processing_Scripts/papers/curation_papers/78537.csv	exact
17	master	4ac61997	Processing_Scripts/papers/curation_papers/78538.csv	e69de29bb2d1d6434b8b29ae775ad8c2e48c5391	mission-data/17/Processing_Scripts/papers/curation_papers/78538.csv	exact
17	master	4ac61997	Processing_Scripts/papers/curation_papers/78539.csv	e69de29bb2d1d6434b8b29ae775ad8c2e48c5391	mission-data/17/Processing_Scripts/papers/curation_papers/78539.csv	exact
17	master	4ac61997	Processing_Scripts/papers/curation_papers/78545.csv	e69de29bb2d1d6434b8b29ae775ad8c2e48c5391	mission-data/17/Processing_Scripts/papers/curation_papers/78545.csv	exact
17	master	4ac61997	Processing_Scripts/papers/curation_papers/78546.csv	5cfab3595e6eeefae07b11d2ce716971a4878ac6	mission-data/17/Processing_Scripts/papers/curation_papers/78546.csv	exact
17	master	4ac61997	Processing_Scripts/papers/curation_papers/78547.csv	1a50fdf32c8075a2645207912dde4345458d291a	mission-data/17/Processing_Scripts/papers/curation_papers/78547.csv	exact
17	master	4ac61997	Processing_Scripts/papers/curation_papers/78548.csv	256008fb287a862c99e0c2889f31dc1705f3a1a0	mission-data/17/Processing_Scripts/papers/curation_papers/78548.csv	exact
17	master	4ac61997	Processing_Scripts/papers/curation_papers/78549.csv	256008fb287a862c99e0c2889f31dc1705f3a1a0	mission-data/17/Processing_Scripts/papers/curation_papers/78549.csv	exact
17	master	4ac61997	Processing_Scripts/papers/curation_papers/78555.csv	209d1a575da2187184fa869ae52953f363447742	mission-data/17/Processing_Scripts/papers/curation_papers/78555.csv	exact
17	master	4ac61997	Processing_Scripts/papers/curation_papers/78556.csv	e69de29bb2d1d6434b8b29ae775ad8c2e48c5391	mission-data/17/Processing_Scripts/papers/curation_papers/78556.csv	exact
17	master	4ac61997	Processing_Scripts/papers/curation_papers/78557.csv	e69de29bb2d1d6434b8b29ae775ad8c2e48c5391	mission-data/17/Processing_Scripts/papers/curation_papers/78557.csv	exact
17	master	4ac61997	Processing_Scripts/papers/curation_papers/78558.csv	e69de29bb2d1d6434b8b29ae775ad8c2e48c5391	mission-data/17/Processing_Scripts/papers/curation_papers/78558.csv	exact
17	master	4ac61997	Processing_Scripts/papers/curation_papers/78559.csv	e69de29bb2d1d6434b8b29ae775ad8c2e48c5391	mission-data/17/Processing_Scripts/papers/curation_papers/78559.csv	exact
17	master	4ac61997	Processing_Scripts/papers/curation_papers/78565.csv	e69de29bb2d1d6434b8b29ae775ad8c2e48c5391	mission-data/17/Processing_Scripts/papers/curation_papers/78565.csv	exact
17	master	4ac61997	Processing_Scripts/papers/curation_papers/78566.csv	e69de29bb2d1d6434b8b29ae775ad8c2e48c5391	mission-data/17/Processing_Scripts/papers/curation_papers/78566.csv	exact
17	master	4ac61997	Processing_Scripts/papers/curation_papers/78567.csv	3d640fbea16092f47f2be17d8a666c933d326771	mission-data/17/Processing_Scripts/papers/curation_papers/78567.csv	exact
17	master	4ac61997	Processing_Scripts/papers/curation_papers/78568.csv	11fb430511395793397ef8ca75add94175ff770e	mission-data/17/Processing_Scripts/papers/curation_papers/78568.csv	exact
17	master	4ac61997	Processing_Scripts/papers/curation_papers/78569.csv	c252923cf4f409fed7f81bb36ce04e7b213a8ed3	mission-data/17/Processing_Scripts/papers/curation_papers/78569.csv	exact
17	master	4ac61997	Processing_Scripts/papers/curation_papers/78575.csv	11fb1acbf82d5577959198dc207c682e6126b204	mission-data/17/Processing_Scripts/papers/curation_papers/78575.csv	exact
17	master	4ac61997	Processing_Scripts/papers/curation_papers/78576.csv	5f7265cac83ce46adbade309792bf65e4ae7e66a	mission-data/17/Processing_Scripts/papers/curation_papers/78576.csv	exact
17	master	4ac61997	Processing_Scripts/papers/curation_papers/78577.csv	6099420d0f1d2ad37681c158d650db475e052776	mission-data/17/Processing_Scripts/papers/curation_papers/78577.csv	exact
17	master	4ac61997	Processing_Scripts/papers/curation_papers/78578.csv	c252923cf4f409fed7f81bb36ce04e7b213a8ed3	mission-data/17/Processing_Scripts/papers/curation_papers/78578.csv	exact
17	master	4ac61997	Processing_Scripts/papers/curation_papers/78579.csv	fe4a265346fb023b6089740b2cbf78bcc7def83a	mission-data/17/Processing_Scripts/papers/curation_papers/78579.csv	exact
17	master	4ac61997	Processing_Scripts/papers/curation_papers/78585.csv	219ed6ed817448cbeb25829759ec27bd1d446e3c	mission-data/17/Processing_Scripts/papers/curation_papers/78585.csv	exact
17	master	4ac61997	Processing_Scripts/papers/curation_papers/78586.csv	fa96323ca328e06741793aa11410d8093d830e85	mission-data/17/Processing_Scripts/papers/curation_papers/78586.csv	exact
17	master	4ac61997	Processing_Scripts/papers/curation_papers/78587.csv	5f7265cac83ce46adbade309792bf65e4ae7e66a	mission-data/17/Processing_Scripts/papers/curation_papers/78587.csv	exact
17	master	4ac61997	Processing_Scripts/papers/curation_papers/78588.csv	fe4a265346fb023b6089740b2cbf78bcc7def83a	mission-data/17/Processing_Scripts/papers/curation_papers/78588.csv	exact
17	master	4ac61997	Processing_Scripts/papers/curation_papers/78589.csv	fe4a265346fb023b6089740b2cbf78bcc7def83a	mission-data/17/Processing_Scripts/papers/curation_papers/78589.csv	exact
17	master	4ac61997	Processing_Scripts/papers/curation_papers/78595.csv	7242bf534534bacd02eebe12d2ecc4cb066646da	mission-data/17/Processing_Scripts/papers/curation_papers/78595.csv	exact
17	master	4ac61997	Processing_Scripts/papers/curation_papers/78596.csv	fe4a265346fb023b6089740b2cbf78bcc7def83a	mission-data/17/Processing_Scripts/papers/curation_papers/78596.csv	exact
17	master	4ac61997	Processing_Scripts/papers/curation_papers/78597.csv	4ee9c99b84c2bb8f7eb971c562a671de933e7f88	mission-data/17/Processing_Scripts/papers/curation_papers/78597.csv	exact
17	master	4ac61997	Processing_Scripts/papers/curation_papers/78598.csv	b999f37d4de3e2632491391d3bb4967dc80c32ea	mission-data/17/Processing_Scripts/papers/curation_papers/78598.csv	exact
17	master	4ac61997	Processing_Scripts/papers/curation_papers/78599.csv	35dab1b8eb6285250d204c3be0a6f12a4243a83b	mission-data/17/Processing_Scripts/papers/curation_papers/78599.csv	exact
17	master	4ac61997	Processing_Scripts/papers/curation_papers/79001.csv	cdcf7a2618b288b0e3828a6ed0e54101174ca836	mission-data/17/Processing_Scripts/papers/curation_papers/79001.csv	exact
17	master	4ac61997	Processing_Scripts/papers/curation_papers/79002.csv	cdcf7a2618b288b0e3828a6ed0e54101174ca836	mission-data/17/Processing_Scripts/papers/curation_papers/79002.csv	exact
17	master	4ac61997	Processing_Scripts/papers/curation_papers/79010.csv	e69de29bb2d1d6434b8b29ae775ad8c2e48c5391	mission-data/17/Processing_Scripts/papers/curation_papers/79010.csv	exact
17	master	4ac61997	Processing_Scripts/papers/curation_papers/79035.csv	4cccac612030fe706462ad8743beab766c225d27	mission-data/17/Processing_Scripts/papers/curation_papers/79035.csv	exact
17	master	4ac61997	Processing_Scripts/papers/curation_papers/79110.csv	e69de29bb2d1d6434b8b29ae775ad8c2e48c5391	mission-data/17/Processing_Scripts/papers/curation_papers/79110.csv	exact
17	master	4ac61997	Processing_Scripts/papers/curation_papers/79115.csv	b6e8f52ed29eb88678a9ef14b43a53be53accdf9	mission-data/17/Processing_Scripts/papers/curation_papers/79115.csv	exact
17	master	4ac61997	Processing_Scripts/papers/curation_papers/79120.csv	e69de29bb2d1d6434b8b29ae775ad8c2e48c5391	mission-data/17/Processing_Scripts/papers/curation_papers/79120.csv	exact
17	master	4ac61997	Processing_Scripts/papers/curation_papers/79121.csv	e69de29bb2d1d6434b8b29ae775ad8c2e48c5391	mission-data/17/Processing_Scripts/papers/curation_papers/79121.csv	exact
17	master	4ac61997	Processing_Scripts/papers/curation_papers/79122.csv	e69de29bb2d1d6434b8b29ae775ad8c2e48c5391	mission-data/17/Processing_Scripts/papers/curation_papers/79122.csv	exact
17	master	4ac61997	Processing_Scripts/papers/curation_papers/79123.csv	e69de29bb2d1d6434b8b29ae775ad8c2e48c5391	mission-data/17/Processing_Scripts/papers/curation_papers/79123.csv	exact
17	master	4ac61997	Processing_Scripts/papers/curation_papers/79124.csv	e69de29bb2d1d6434b8b29ae775ad8c2e48c5391	mission-data/17/Processing_Scripts/papers/curation_papers/79124.csv	exact
17	master	4ac61997	Processing_Scripts/papers/curation_papers/79125.csv	e69de29bb2d1d6434b8b29ae775ad8c2e48c5391	mission-data/17/Processing_Scripts/papers/curation_papers/79125.csv	exact
17	master	4ac61997	Processing_Scripts/papers/curation_papers/79130.csv	e69de29bb2d1d6434b8b29ae775ad8c2e48c5391	mission-data/17/Processing_Scripts/papers/curation_papers/79130.csv	exact
17	master	4ac61997	Processing_Scripts/papers/curation_papers/79135.csv	b704d3106ce1da1b1aefd15332800f445450a850	mission-data/17/Processing_Scripts/papers/curation_papers/79135.csv	exact
17	master	4ac61997	Processing_Scripts/papers/curation_papers/79150.csv	e69de29bb2d1d6434b8b29ae775ad8c2e48c5391	mission-data/17/Processing_Scripts/papers/curation_papers/79150.csv	exact
17	master	4ac61997	Processing_Scripts/papers/curation_papers/79155.csv	01925a8dc1e7e3e53e8b2a2b00a86e423f84e019	mission-data/17/Processing_Scripts/papers/curation_papers/79155.csv	exact
17	master	4ac61997	Processing_Scripts/papers/curation_papers/79170.csv	e69de29bb2d1d6434b8b29ae775ad8c2e48c5391	mission-data/17/Processing_Scripts/papers/curation_papers/79170.csv	exact
17	master	4ac61997	Processing_Scripts/papers/curation_papers/79175.csv	f97058d62f3f805b91930e8bed6323c3040ccdb7	mission-data/17/Processing_Scripts/papers/curation_papers/79175.csv	exact
17	master	4ac61997	Processing_Scripts/papers/curation_papers/79190.csv	e69de29bb2d1d6434b8b29ae775ad8c2e48c5391	mission-data/17/Processing_Scripts/papers/curation_papers/79190.csv	exact
17	master	4ac61997	Processing_Scripts/papers/curation_papers/79195.csv	e69de29bb2d1d6434b8b29ae775ad8c2e48c5391	mission-data/17/Processing_Scripts/papers/curation_papers/79195.csv	exact
17	master	4ac61997	Processing_Scripts/papers/curation_papers/79210.csv	e69de29bb2d1d6434b8b29ae775ad8c2e48c5391	mission-data/17/Processing_Scripts/papers/curation_papers/79210.csv	exact
17	master	4ac61997	Processing_Scripts/papers/curation_papers/79215.csv	1d4a5972ea17d3bba74a3be2908be97da9d07840	mission-data/17/Processing_Scripts/papers/curation_papers/79215.csv	exact
17	master	4ac61997	Processing_Scripts/papers/curation_papers/79220.csv	e69de29bb2d1d6434b8b29ae775ad8c2e48c5391	mission-data/17/Processing_Scripts/papers/curation_papers/79220.csv	exact
17	master	4ac61997	Processing_Scripts/papers/curation_papers/79221.csv	e69de29bb2d1d6434b8b29ae775ad8c2e48c5391	mission-data/17/Processing_Scripts/papers/curation_papers/79221.csv	exact
17	master	4ac61997	Processing_Scripts/papers/curation_papers/79222.csv	e69de29bb2d1d6434b8b29ae775ad8c2e48c5391	mission-data/17/Processing_Scripts/papers/curation_papers/79222.csv	exact
17	master	4ac61997	Processing_Scripts/papers/curation_papers/79223.csv	e69de29bb2d1d6434b8b29ae775ad8c2e48c5391	mission-data/17/Processing_Scripts/papers/curation_papers/79223.csv	exact
17	master	4ac61997	Processing_Scripts/papers/curation_papers/79224.csv	e69de29bb2d1d6434b8b29ae775ad8c2e48c5391	mission-data/17/Processing_Scripts/papers/curation_papers/79224.csv	exact
17	master	4ac61997	Processing_Scripts/papers/curation_papers/79225.csv	e69de29bb2d1d6434b8b29ae775ad8c2e48c5391	mission-data/17/Processing_Scripts/papers/curation_papers/79225.csv	exact
17	master	4ac61997	Processing_Scripts/papers/curation_papers/79226.csv	e69de29bb2d1d6434b8b29ae775ad8c2e48c5391	mission-data/17/Processing_Scripts/papers/curation_papers/79226.csv	exact
17	master	4ac61997	Processing_Scripts/papers/curation_papers/79227.csv	e69de29bb2d1d6434b8b29ae775ad8c2e48c5391	mission-data/17/Processing_Scripts/papers/curation_papers/79227.csv	exact
17	master	4ac61997	Processing_Scripts/papers/curation_papers/79228.csv	e69de29bb2d1d6434b8b29ae775ad8c2e48c5391	mission-data/17/Processing_Scripts/papers/curation_papers/79228.csv	exact
17	master	4ac61997	Processing_Scripts/papers/curation_papers/79240.csv	e69de29bb2d1d6434b8b29ae775ad8c2e48c5391	mission-data/17/Processing_Scripts/papers/curation_papers/79240.csv	exact
17	master	4ac61997	Processing_Scripts/papers/curation_papers/79241.csv	e69de29bb2d1d6434b8b29ae775ad8c2e48c5391	mission-data/17/Processing_Scripts/papers/curation_papers/79241.csv	exact
17	master	4ac61997	Processing_Scripts/papers/curation_papers/79242.csv	e69de29bb2d1d6434b8b29ae775ad8c2e48c5391	mission-data/17/Processing_Scripts/papers/curation_papers/79242.csv	exact
17	master	4ac61997	Processing_Scripts/papers/curation_papers/79243.csv	e69de29bb2d1d6434b8b29ae775ad8c2e48c5391	mission-data/17/Processing_Scripts/papers/curation_papers/79243.csv	exact
17	master	4ac61997	Processing_Scripts/papers/curation_papers/79244.csv	e69de29bb2d1d6434b8b29ae775ad8c2e48c5391	mission-data/17/Processing_Scripts/papers/curation_papers/79244.csv	exact
17	master	4ac61997	Processing_Scripts/papers/curation_papers/79245.csv	e69de29bb2d1d6434b8b29ae775ad8c2e48c5391	mission-data/17/Processing_Scripts/papers/curation_papers/79245.csv	exact
17	master	4ac61997	Processing_Scripts/papers/curation_papers/79260.csv	e69de29bb2d1d6434b8b29ae775ad8c2e48c5391	mission-data/17/Processing_Scripts/papers/curation_papers/79260.csv	exact
17	master	4ac61997	Processing_Scripts/papers/curation_papers/79261.csv	11b7242abf1c637a4b583528d631d92be0766037	mission-data/17/Processing_Scripts/papers/curation_papers/79261.csv	exact
17	master	4ac61997	Processing_Scripts/papers/curation_papers/79262.csv	e69de29bb2d1d6434b8b29ae775ad8c2e48c5391	mission-data/17/Processing_Scripts/papers/curation_papers/79262.csv	exact
17	master	4ac61997	Processing_Scripts/papers/curation_papers/79263.csv	e69de29bb2d1d6434b8b29ae775ad8c2e48c5391	mission-data/17/Processing_Scripts/papers/curation_papers/79263.csv	exact
17	master	4ac61997	Processing_Scripts/papers/curation_papers/79264.csv	e69de29bb2d1d6434b8b29ae775ad8c2e48c5391	mission-data/17/Processing_Scripts/papers/curation_papers/79264.csv	exact
17	master	4ac61997	Processing_Scripts/papers/curation_papers/79265.csv	b5b622f79f0466c2c911d23107f430780173dd2a	mission-data/17/Processing_Scripts/papers/curation_papers/79265.csv	exact
17	master	4ac61997	Processing_Scripts/papers/curation_papers/79510.csv	e69de29bb2d1d6434b8b29ae775ad8c2e48c5391	mission-data/17/Processing_Scripts/papers/curation_papers/79510.csv	exact
17	master	4ac61997	Processing_Scripts/papers/curation_papers/79511.csv	e69de29bb2d1d6434b8b29ae775ad8c2e48c5391	mission-data/17/Processing_Scripts/papers/curation_papers/79511.csv	exact
17	master	4ac61997	Processing_Scripts/papers/curation_papers/79512.csv	e69de29bb2d1d6434b8b29ae775ad8c2e48c5391	mission-data/17/Processing_Scripts/papers/curation_papers/79512.csv	exact
17	master	4ac61997	Processing_Scripts/papers/curation_papers/79513.csv	e69de29bb2d1d6434b8b29ae775ad8c2e48c5391	mission-data/17/Processing_Scripts/papers/curation_papers/79513.csv	exact
17	master	4ac61997	Processing_Scripts/papers/curation_papers/79514.csv	e69de29bb2d1d6434b8b29ae775ad8c2e48c5391	mission-data/17/Processing_Scripts/papers/curation_papers/79514.csv	exact
17	master	4ac61997	Processing_Scripts/papers/curation_papers/79515.csv	6099420d0f1d2ad37681c158d650db475e052776	mission-data/17/Processing_Scripts/papers/curation_papers/79515.csv	exact
17	master	4ac61997	Processing_Scripts/papers/curation_papers/79516.csv	6099420d0f1d2ad37681c158d650db475e052776	mission-data/17/Processing_Scripts/papers/curation_papers/79516.csv	exact
17	master	4ac61997	Processing_Scripts/papers/curation_papers/79517.csv	e69de29bb2d1d6434b8b29ae775ad8c2e48c5391	mission-data/17/Processing_Scripts/papers/curation_papers/79517.csv	exact
17	master	4ac61997	Processing_Scripts/papers/curation_papers/79518.csv	e69de29bb2d1d6434b8b29ae775ad8c2e48c5391	mission-data/17/Processing_Scripts/papers/curation_papers/79518.csv	exact
17	master	4ac61997	Processing_Scripts/papers/curation_papers/79519.csv	e69de29bb2d1d6434b8b29ae775ad8c2e48c5391	mission-data/17/Processing_Scripts/papers/curation_papers/79519.csv	exact
17	master	4ac61997	Processing_Scripts/papers/curation_papers/79525.csv	e69de29bb2d1d6434b8b29ae775ad8c2e48c5391	mission-data/17/Processing_Scripts/papers/curation_papers/79525.csv	exact
17	master	4ac61997	Processing_Scripts/papers/curation_papers/79526.csv	e69de29bb2d1d6434b8b29ae775ad8c2e48c5391	mission-data/17/Processing_Scripts/papers/curation_papers/79526.csv	exact
17	master	4ac61997	Processing_Scripts/papers/curation_papers/79527.csv	e69de29bb2d1d6434b8b29ae775ad8c2e48c5391	mission-data/17/Processing_Scripts/papers/curation_papers/79527.csv	exact
17	master	4ac61997	Processing_Scripts/papers/curation_papers/79528.csv	e69de29bb2d1d6434b8b29ae775ad8c2e48c5391	mission-data/17/Processing_Scripts/papers/curation_papers/79528.csv	exact
17	master	4ac61997	Processing_Scripts/papers/curation_papers/79529.csv	e69de29bb2d1d6434b8b29ae775ad8c2e48c5391	mission-data/17/Processing_Scripts/papers/curation_papers/79529.csv	exact
17	master	4ac61997	Processing_Scripts/papers/curation_papers/79530.csv	e69de29bb2d1d6434b8b29ae775ad8c2e48c5391	mission-data/17/Processing_Scripts/papers/curation_papers/79530.csv	exact
17	master	4ac61997	Processing_Scripts/papers/curation_papers/79531.csv	e69de29bb2d1d6434b8b29ae775ad8c2e48c5391	mission-data/17/Processing_Scripts/papers/curation_papers/79531.csv	exact
17	master	4ac61997	Processing_Scripts/papers/curation_papers/79532.csv	e69de29bb2d1d6434b8b29ae775ad8c2e48c5391	mission-data/17/Processing_Scripts/papers/curation_papers/79532.csv	exact
17	master	4ac61997	Processing_Scripts/papers/curation_papers/79533.csv	e69de29bb2d1d6434b8b29ae775ad8c2e48c5391	mission-data/17/Processing_Scripts/papers/curation_papers/79533.csv	exact
17	master	4ac61997	Processing_Scripts/papers/curation_papers/79534.csv	e69de29bb2d1d6434b8b29ae775ad8c2e48c5391	mission-data/17/Processing_Scripts/papers/curation_papers/79534.csv	exact
17	master	4ac61997	Processing_Scripts/papers/curation_papers/79535.csv	e69de29bb2d1d6434b8b29ae775ad8c2e48c5391	mission-data/17/Processing_Scripts/papers/curation_papers/79535.csv	exact
17	master	4ac61997	Processing_Scripts/papers/curation_papers/79536.csv	e69de29bb2d1d6434b8b29ae775ad8c2e48c5391	mission-data/17/Processing_Scripts/papers/curation_papers/79536.csv	exact
17	master	4ac61997	Processing_Scripts/papers/curation_papers/79537.csv	e69de29bb2d1d6434b8b29ae775ad8c2e48c5391	mission-data/17/Processing_Scripts/papers/curation_papers/79537.csv	exact
17	master	4ac61997	Youtube/Channel Image/1400x420.jpg	946b9928151489aef59e3e603e8bcd1296c10475	mission-data/17/Youtube/Channel Image/1400x420.jpg	exact
17	master	4ac61997	Youtube/Channel Image/a17_channel.jpg	5128e5226f4127101ae2db3e3512f4716be5a199	mission-data/17/Youtube/Channel Image/a17_channel.jpg	exact
17	master	4ac61997	Youtube/Channel Image/a17HHS1464906dmh.jpg	1c195d34a4173e0f56868f61d6db91dac27e1b99	mission-data/17/Youtube/Channel Image/a17HHS1464906dmh.jpg	exact
